2025-03-23 09:23:29 [scrapy.utils.log] INFO: Scrapy 2.12.0 started (bot: bingo_scrapy)
2025-03-23 09:23:29 [scrapy.utils.log] INFO: Versions: lxml 5.3.1.0, libxml2 2.11.7, cssselect 1.3.0, parsel 1.10.0, w3lib 2.3.1, Twisted 24.11.0, Python 3.11.0 (main, Oct 24 2022, 18:26:48) [MSC v.1933 64 bit (AMD64)], pyOpenSSL 25.0.0 (OpenSSL 3.4.1 11 Feb 2025), cryptography 44.0.2, Platform Windows-10-10.0.19045-SP0
2025-03-23 09:23:29 [scrapy.addons] INFO: Enabled addons:
[]
2025-03-23 09:23:29 [scrapy.extensions.telnet] INFO: Telnet Password: ceb5dfb1a28ab194
2025-03-23 09:23:29 [scrapy.middleware] INFO: Enabled extensions:
['scrapy.extensions.corestats.CoreStats',
 'scrapy.extensions.telnet.TelnetConsole',
 'scrapy.extensions.logstats.LogStats']
2025-03-23 09:23:29 [scrapy.crawler] INFO: Overridden settings:
{'BOT_NAME': 'bingo_scrapy',
 'LOG_FILE': 'bingo_spider.log',
 'LOG_LEVEL': 'INFO',
 'NEWSPIDER_MODULE': 'bingo_scrapy.spiders',
 'SPIDER_MODULES': ['bingo_scrapy.spiders']}
2025-03-23 09:23:29 [scrapy.middleware] INFO: Enabled downloader middlewares:
['scrapy.downloadermiddlewares.offsite.OffsiteMiddleware',
 'scrapy.downloadermiddlewares.httpauth.HttpAuthMiddleware',
 'scrapy.downloadermiddlewares.downloadtimeout.DownloadTimeoutMiddleware',
 'scrapy.downloadermiddlewares.defaultheaders.DefaultHeadersMiddleware',
 'scrapy.downloadermiddlewares.useragent.UserAgentMiddleware',
 'scrapy.downloadermiddlewares.retry.RetryMiddleware',
 'scrapy.downloadermiddlewares.redirect.MetaRefreshMiddleware',
 'scrapy.downloadermiddlewares.httpcompression.HttpCompressionMiddleware',
 'scrapy.downloadermiddlewares.redirect.RedirectMiddleware',
 'scrapy.downloadermiddlewares.cookies.CookiesMiddleware',
 'scrapy.downloadermiddlewares.httpproxy.HttpProxyMiddleware',
 'scrapy.downloadermiddlewares.stats.DownloaderStats']
2025-03-23 09:23:29 [scrapy.middleware] INFO: Enabled spider middlewares:
['scrapy.spidermiddlewares.httperror.HttpErrorMiddleware',
 'scrapy.spidermiddlewares.referer.RefererMiddleware',
 'scrapy.spidermiddlewares.urllength.UrlLengthMiddleware',
 'scrapy.spidermiddlewares.depth.DepthMiddleware']
2025-03-23 09:23:29 [scrapy.middleware] INFO: Enabled item pipelines:
['bingo_scrapy.pipelines.CsvPipeline', 'bingo_scrapy.pipelines.DbPipeline']
2025-03-23 09:23:29 [scrapy.core.engine] INFO: Spider opened
2025-03-23 09:23:29 [root] INFO: Opening spider and establishing database connection.
2025-03-23 09:23:29 [root] INFO: DELETE_OLD_DATA: True
2025-03-23 09:23:29 [root] INFO: Table dropped.
2025-03-23 09:23:29 [root] INFO: Checking if table dbo.bingo exists.
2025-03-23 09:23:29 [root] INFO: Table dbo.bingo does not exist. Creating table.
2025-03-23 09:23:29 [root] INFO: Table dbo.bingo created successfully.
2025-03-23 09:23:29 [root] INFO: Database connection established and table checked/created.
2025-03-23 09:23:29 [scrapy.extensions.logstats] INFO: Crawled 0 pages (at 0 pages/min), scraped 0 items (at 0 items/min)
2025-03-23 09:23:29 [scrapy.extensions.telnet] INFO: Telnet console listening on 127.0.0.1:6023
2025-03-23 09:23:29 [root] INFO: Processing page: https://api.taiwanlottery.com/TLCAPIWeB/Lottery/BingoResult?openDate=2024-01-01&pageNum=1&pageSize=1
2025-03-23 09:23:29 [root] INFO: Finished processing page: https://api.taiwanlottery.com/TLCAPIWeB/Lottery/BingoResult?openDate=2024-01-01&pageNum=21&pageSize=10
2025-03-23 09:23:29 [root] INFO: Item processed and committed to database.
2025-03-23 09:23:29 [root] INFO: Database connection closed after processing item.
2025-03-23 09:23:29 [scrapy.core.engine] INFO: Closing spider (finished)
2025-03-23 09:23:29 [root] INFO: Database connection closed.
2025-03-23 09:23:29 [scrapy.statscollectors] INFO: Dumping Scrapy stats:
{'downloader/request_bytes': 292,
 'downloader/request_count': 1,
 'downloader/request_method_count/GET': 1,
 'downloader/response_bytes': 1127,
 'downloader/response_count': 1,
 'downloader/response_status_count/200': 1,
 'elapsed_time_seconds': 0.595862,
 'finish_reason': 'finished',
 'finish_time': datetime.datetime(2025, 3, 23, 1, 23, 29, 940532, tzinfo=datetime.timezone.utc),
 'httpcompression/response_bytes': 1884,
 'httpcompression/response_count': 1,
 'item_scraped_count': 1,
 'items_per_minute': None,
 'log_count/INFO': 22,
 'response_received_count': 1,
 'responses_per_minute': None,
 'scheduler/dequeued': 1,
 'scheduler/dequeued/memory': 1,
 'scheduler/enqueued': 1,
 'scheduler/enqueued/memory': 1,
 'start_time': datetime.datetime(2025, 3, 23, 1, 23, 29, 344670, tzinfo=datetime.timezone.utc)}
2025-03-23 09:23:29 [scrapy.core.engine] INFO: Spider closed (finished)
2025-03-23 09:34:30 [scrapy.utils.log] INFO: Scrapy 2.12.0 started (bot: bingo_scrapy)
2025-03-23 09:34:30 [scrapy.utils.log] INFO: Versions: lxml 5.3.1.0, libxml2 2.11.7, cssselect 1.3.0, parsel 1.10.0, w3lib 2.3.1, Twisted 24.11.0, Python 3.11.0 (main, Oct 24 2022, 18:26:48) [MSC v.1933 64 bit (AMD64)], pyOpenSSL 25.0.0 (OpenSSL 3.4.1 11 Feb 2025), cryptography 44.0.2, Platform Windows-10-10.0.19045-SP0
2025-03-23 09:34:30 [scrapy.addons] INFO: Enabled addons:
[]
2025-03-23 09:34:30 [scrapy.extensions.telnet] INFO: Telnet Password: 02e61d680f5bf1ee
2025-03-23 09:34:30 [scrapy.middleware] INFO: Enabled extensions:
['scrapy.extensions.corestats.CoreStats',
 'scrapy.extensions.telnet.TelnetConsole',
 'scrapy.extensions.logstats.LogStats']
2025-03-23 09:34:30 [scrapy.crawler] INFO: Overridden settings:
{'BOT_NAME': 'bingo_scrapy',
 'LOG_FILE': 'bingo_spider.log',
 'LOG_LEVEL': 'INFO',
 'NEWSPIDER_MODULE': 'bingo_scrapy.spiders',
 'SPIDER_MODULES': ['bingo_scrapy.spiders']}
2025-03-23 09:34:30 [scrapy.middleware] INFO: Enabled downloader middlewares:
['scrapy.downloadermiddlewares.offsite.OffsiteMiddleware',
 'scrapy.downloadermiddlewares.httpauth.HttpAuthMiddleware',
 'scrapy.downloadermiddlewares.downloadtimeout.DownloadTimeoutMiddleware',
 'scrapy.downloadermiddlewares.defaultheaders.DefaultHeadersMiddleware',
 'scrapy.downloadermiddlewares.useragent.UserAgentMiddleware',
 'scrapy.downloadermiddlewares.retry.RetryMiddleware',
 'scrapy.downloadermiddlewares.redirect.MetaRefreshMiddleware',
 'scrapy.downloadermiddlewares.httpcompression.HttpCompressionMiddleware',
 'scrapy.downloadermiddlewares.redirect.RedirectMiddleware',
 'scrapy.downloadermiddlewares.cookies.CookiesMiddleware',
 'scrapy.downloadermiddlewares.httpproxy.HttpProxyMiddleware',
 'scrapy.downloadermiddlewares.stats.DownloaderStats']
2025-03-23 09:34:30 [scrapy.middleware] INFO: Enabled spider middlewares:
['scrapy.spidermiddlewares.httperror.HttpErrorMiddleware',
 'scrapy.spidermiddlewares.referer.RefererMiddleware',
 'scrapy.spidermiddlewares.urllength.UrlLengthMiddleware',
 'scrapy.spidermiddlewares.depth.DepthMiddleware']
2025-03-23 09:34:30 [scrapy.middleware] INFO: Enabled item pipelines:
['bingo_scrapy.pipelines.CsvPipeline', 'bingo_scrapy.pipelines.DbPipeline']
2025-03-23 09:34:30 [scrapy.core.engine] INFO: Spider opened
2025-03-23 09:34:30 [root] INFO: Opening spider and establishing database connection.
2025-03-23 09:34:30 [root] INFO: DELETE_OLD_DATA: True
2025-03-23 09:34:30 [root] INFO: Table dropped.
2025-03-23 09:34:30 [root] INFO: Checking if table dbo.bingo exists.
2025-03-23 09:34:30 [root] INFO: Table dbo.bingo does not exist. Creating table.
2025-03-23 09:34:30 [root] INFO: Table dbo.bingo created successfully.
2025-03-23 09:34:30 [root] INFO: Database connection established and table checked/created.
2025-03-23 09:34:30 [scrapy.extensions.logstats] INFO: Crawled 0 pages (at 0 pages/min), scraped 0 items (at 0 items/min)
2025-03-23 09:34:30 [scrapy.extensions.telnet] INFO: Telnet console listening on 127.0.0.1:6023
2025-03-23 09:34:30 [root] INFO: Processing page: https://api.taiwanlottery.com/TLCAPIWeB/Lottery/BingoResult?openDate=2024-01-01&pageNum=1&pageSize=1
2025-03-23 09:34:31 [root] INFO: Finished processing page: https://api.taiwanlottery.com/TLCAPIWeB/Lottery/BingoResult?openDate=2024-01-01&pageNum=21&pageSize=10
2025-03-23 09:34:31 [root] INFO: Item processed and committed to database.
2025-03-23 09:34:31 [root] INFO: Database connection closed after processing item.
2025-03-23 09:34:31 [scrapy.core.engine] INFO: Closing spider (finished)
2025-03-23 09:34:31 [root] INFO: Database connection closed.
2025-03-23 09:34:31 [scrapy.statscollectors] INFO: Dumping Scrapy stats:
{'downloader/request_bytes': 292,
 'downloader/request_count': 1,
 'downloader/request_method_count/GET': 1,
 'downloader/response_bytes': 1149,
 'downloader/response_count': 1,
 'downloader/response_status_count/200': 1,
 'elapsed_time_seconds': 1.325399,
 'finish_reason': 'finished',
 'finish_time': datetime.datetime(2025, 3, 23, 1, 34, 31, 621671, tzinfo=datetime.timezone.utc),
 'httpcompression/response_bytes': 1884,
 'httpcompression/response_count': 1,
 'item_scraped_count': 1,
 'items_per_minute': None,
 'log_count/INFO': 22,
 'response_received_count': 1,
 'responses_per_minute': None,
 'scheduler/dequeued': 1,
 'scheduler/dequeued/memory': 1,
 'scheduler/enqueued': 1,
 'scheduler/enqueued/memory': 1,
 'start_time': datetime.datetime(2025, 3, 23, 1, 34, 30, 296272, tzinfo=datetime.timezone.utc)}
2025-03-23 09:34:31 [scrapy.core.engine] INFO: Spider closed (finished)
2025-03-23 11:20:22 [scrapy.utils.log] INFO: Scrapy 2.12.0 started (bot: bingo_scrapy)
2025-03-23 11:20:22 [scrapy.utils.log] INFO: Versions: lxml 5.3.1.0, libxml2 2.11.7, cssselect 1.3.0, parsel 1.10.0, w3lib 2.3.1, Twisted 24.11.0, Python 3.11.0 (main, Oct 24 2022, 18:26:48) [MSC v.1933 64 bit (AMD64)], pyOpenSSL 25.0.0 (OpenSSL 3.4.1 11 Feb 2025), cryptography 44.0.2, Platform Windows-10-10.0.19045-SP0
2025-03-23 11:20:22 [scrapy.addons] INFO: Enabled addons:
[]
2025-03-23 11:20:22 [scrapy.extensions.telnet] INFO: Telnet Password: 829d0a28a6125b61
2025-03-23 11:20:22 [scrapy.middleware] INFO: Enabled extensions:
['scrapy.extensions.corestats.CoreStats',
 'scrapy.extensions.telnet.TelnetConsole',
 'scrapy.extensions.logstats.LogStats']
2025-03-23 11:20:22 [scrapy.crawler] INFO: Overridden settings:
{'BOT_NAME': 'bingo_scrapy',
 'LOG_FILE': 'bingo_spider.log',
 'LOG_LEVEL': 'INFO',
 'NEWSPIDER_MODULE': 'bingo_scrapy.spiders',
 'SPIDER_MODULES': ['bingo_scrapy.spiders']}
2025-03-23 11:20:22 [scrapy.middleware] INFO: Enabled downloader middlewares:
['scrapy.downloadermiddlewares.offsite.OffsiteMiddleware',
 'scrapy.downloadermiddlewares.httpauth.HttpAuthMiddleware',
 'scrapy.downloadermiddlewares.downloadtimeout.DownloadTimeoutMiddleware',
 'scrapy.downloadermiddlewares.defaultheaders.DefaultHeadersMiddleware',
 'scrapy.downloadermiddlewares.useragent.UserAgentMiddleware',
 'scrapy.downloadermiddlewares.retry.RetryMiddleware',
 'scrapy.downloadermiddlewares.redirect.MetaRefreshMiddleware',
 'scrapy.downloadermiddlewares.httpcompression.HttpCompressionMiddleware',
 'scrapy.downloadermiddlewares.redirect.RedirectMiddleware',
 'scrapy.downloadermiddlewares.cookies.CookiesMiddleware',
 'scrapy.downloadermiddlewares.httpproxy.HttpProxyMiddleware',
 'scrapy.downloadermiddlewares.stats.DownloaderStats']
2025-03-23 11:20:22 [scrapy.middleware] INFO: Enabled spider middlewares:
['scrapy.spidermiddlewares.httperror.HttpErrorMiddleware',
 'scrapy.spidermiddlewares.referer.RefererMiddleware',
 'scrapy.spidermiddlewares.urllength.UrlLengthMiddleware',
 'scrapy.spidermiddlewares.depth.DepthMiddleware']
2025-03-23 11:20:22 [scrapy.middleware] INFO: Enabled item pipelines:
['bingo_scrapy.pipelines.CsvPipeline', 'bingo_scrapy.pipelines.DbPipeline']
2025-03-23 11:20:22 [scrapy.core.engine] INFO: Spider opened
2025-03-23 11:20:22 [root] INFO: Opening spider and establishing database connection.
2025-03-23 11:20:22 [root] INFO: DELETE_OLD_DATA: True
2025-03-23 11:20:22 [root] INFO: Table dropped.
2025-03-23 11:20:22 [root] INFO: Checking if table dbo.bingo exists.
2025-03-23 11:20:22 [root] INFO: Table dbo.bingo does not exist. Creating table.
2025-03-23 11:20:22 [root] INFO: Table dbo.bingo created successfully.
2025-03-23 11:20:22 [root] INFO: Database connection established and table checked/created.
2025-03-23 11:20:22 [scrapy.extensions.logstats] INFO: Crawled 0 pages (at 0 pages/min), scraped 0 items (at 0 items/min)
2025-03-23 11:20:22 [scrapy.extensions.telnet] INFO: Telnet console listening on 127.0.0.1:6023
2025-03-23 11:20:22 [root] INFO: Processing page: https://api.taiwanlottery.com/TLCAPIWeB/Lottery/BingoResult?openDate=2024-01-01&pageNum=1&pageSize=1
2025-03-23 11:20:23 [root] INFO: Finished processing page: https://api.taiwanlottery.com/TLCAPIWeB/Lottery/BingoResult?openDate=2024-01-01&pageNum=21&pageSize=10
2025-03-23 11:20:23 [root] INFO: Item processed and committed to database.
2025-03-23 11:20:23 [root] INFO: Database connection closed after processing item.
2025-03-23 11:20:23 [scrapy.core.engine] INFO: Closing spider (finished)
2025-03-23 11:20:23 [root] INFO: Database connection closed.
2025-03-23 11:20:23 [scrapy.statscollectors] INFO: Dumping Scrapy stats:
{'downloader/request_bytes': 292,
 'downloader/request_count': 1,
 'downloader/request_method_count/GET': 1,
 'downloader/response_bytes': 1149,
 'downloader/response_count': 1,
 'downloader/response_status_count/200': 1,
 'elapsed_time_seconds': 1.28829,
 'finish_reason': 'finished',
 'finish_time': datetime.datetime(2025, 3, 23, 3, 20, 23, 796706, tzinfo=datetime.timezone.utc),
 'httpcompression/response_bytes': 1884,
 'httpcompression/response_count': 1,
 'item_scraped_count': 1,
 'items_per_minute': None,
 'log_count/INFO': 22,
 'response_received_count': 1,
 'responses_per_minute': None,
 'scheduler/dequeued': 1,
 'scheduler/dequeued/memory': 1,
 'scheduler/enqueued': 1,
 'scheduler/enqueued/memory': 1,
 'start_time': datetime.datetime(2025, 3, 23, 3, 20, 22, 508416, tzinfo=datetime.timezone.utc)}
2025-03-23 11:20:23 [scrapy.core.engine] INFO: Spider closed (finished)
2025-03-23 11:22:33 [scrapy.utils.log] INFO: Scrapy 2.12.0 started (bot: bingo_scrapy)
2025-03-23 11:22:33 [scrapy.utils.log] INFO: Versions: lxml 5.3.1.0, libxml2 2.11.7, cssselect 1.3.0, parsel 1.10.0, w3lib 2.3.1, Twisted 24.11.0, Python 3.11.0 (main, Oct 24 2022, 18:26:48) [MSC v.1933 64 bit (AMD64)], pyOpenSSL 25.0.0 (OpenSSL 3.4.1 11 Feb 2025), cryptography 44.0.2, Platform Windows-10-10.0.19045-SP0
2025-03-23 11:22:33 [scrapy.addons] INFO: Enabled addons:
[]
2025-03-23 11:22:33 [scrapy.extensions.telnet] INFO: Telnet Password: e2fb939f5e45891b
2025-03-23 11:22:33 [scrapy.middleware] INFO: Enabled extensions:
['scrapy.extensions.corestats.CoreStats',
 'scrapy.extensions.telnet.TelnetConsole',
 'scrapy.extensions.logstats.LogStats']
2025-03-23 11:22:33 [scrapy.crawler] INFO: Overridden settings:
{'BOT_NAME': 'bingo_scrapy',
 'LOG_FILE': 'bingo_spider.log',
 'LOG_LEVEL': 'INFO',
 'NEWSPIDER_MODULE': 'bingo_scrapy.spiders',
 'SPIDER_MODULES': ['bingo_scrapy.spiders']}
2025-03-23 11:22:33 [scrapy.middleware] INFO: Enabled downloader middlewares:
['scrapy.downloadermiddlewares.offsite.OffsiteMiddleware',
 'scrapy.downloadermiddlewares.httpauth.HttpAuthMiddleware',
 'scrapy.downloadermiddlewares.downloadtimeout.DownloadTimeoutMiddleware',
 'scrapy.downloadermiddlewares.defaultheaders.DefaultHeadersMiddleware',
 'scrapy.downloadermiddlewares.useragent.UserAgentMiddleware',
 'scrapy.downloadermiddlewares.retry.RetryMiddleware',
 'scrapy.downloadermiddlewares.redirect.MetaRefreshMiddleware',
 'scrapy.downloadermiddlewares.httpcompression.HttpCompressionMiddleware',
 'scrapy.downloadermiddlewares.redirect.RedirectMiddleware',
 'scrapy.downloadermiddlewares.cookies.CookiesMiddleware',
 'scrapy.downloadermiddlewares.httpproxy.HttpProxyMiddleware',
 'scrapy.downloadermiddlewares.stats.DownloaderStats']
2025-03-23 11:22:33 [scrapy.middleware] INFO: Enabled spider middlewares:
['scrapy.spidermiddlewares.httperror.HttpErrorMiddleware',
 'scrapy.spidermiddlewares.referer.RefererMiddleware',
 'scrapy.spidermiddlewares.urllength.UrlLengthMiddleware',
 'scrapy.spidermiddlewares.depth.DepthMiddleware']
2025-03-23 11:22:33 [scrapy.middleware] INFO: Enabled item pipelines:
['bingo_scrapy.pipelines.CsvPipeline', 'bingo_scrapy.pipelines.DbPipeline']
2025-03-23 11:22:33 [scrapy.core.engine] INFO: Spider opened
2025-03-23 11:22:33 [root] INFO: Opening spider and establishing database connection.
2025-03-23 11:22:33 [root] INFO: DELETE_OLD_DATA: True
2025-03-23 11:22:33 [root] INFO: Table dropped.
2025-03-23 11:22:33 [root] INFO: Checking if table dbo.bingo exists.
2025-03-23 11:22:33 [root] INFO: Table dbo.bingo does not exist. Creating table.
2025-03-23 11:22:33 [root] INFO: Table dbo.bingo created successfully.
2025-03-23 11:22:33 [root] INFO: Database connection established and table checked/created.
2025-03-23 11:22:33 [scrapy.extensions.logstats] INFO: Crawled 0 pages (at 0 pages/min), scraped 0 items (at 0 items/min)
2025-03-23 11:22:33 [scrapy.extensions.telnet] INFO: Telnet console listening on 127.0.0.1:6023
2025-03-23 11:22:33 [root] INFO: Processing page: https://api.taiwanlottery.com/TLCAPIWeB/Lottery/BingoResult?openDate=2024-01-01&pageNum=1&pageSize=1
2025-03-23 11:22:34 [root] INFO: Finished processing page: https://api.taiwanlottery.com/TLCAPIWeB/Lottery/BingoResult?openDate=2024-01-01&pageNum=21&pageSize=10
2025-03-23 11:22:35 [root] INFO: Item processed and committed to database.
2025-03-23 11:22:35 [root] INFO: Database connection closed after processing item.
2025-03-23 11:22:35 [scrapy.core.engine] INFO: Closing spider (finished)
2025-03-23 11:22:35 [root] INFO: Database connection closed.
2025-03-23 11:22:35 [scrapy.statscollectors] INFO: Dumping Scrapy stats:
{'downloader/request_bytes': 292,
 'downloader/request_count': 1,
 'downloader/request_method_count/GET': 1,
 'downloader/response_bytes': 1146,
 'downloader/response_count': 1,
 'downloader/response_status_count/200': 1,
 'elapsed_time_seconds': 1.352777,
 'finish_reason': 'finished',
 'finish_time': datetime.datetime(2025, 3, 23, 3, 22, 35, 33518, tzinfo=datetime.timezone.utc),
 'httpcompression/response_bytes': 1884,
 'httpcompression/response_count': 1,
 'item_scraped_count': 1,
 'items_per_minute': None,
 'log_count/INFO': 22,
 'response_received_count': 1,
 'responses_per_minute': None,
 'scheduler/dequeued': 1,
 'scheduler/dequeued/memory': 1,
 'scheduler/enqueued': 1,
 'scheduler/enqueued/memory': 1,
 'start_time': datetime.datetime(2025, 3, 23, 3, 22, 33, 680741, tzinfo=datetime.timezone.utc)}
2025-03-23 11:22:35 [scrapy.core.engine] INFO: Spider closed (finished)
2025-03-23 11:24:46 [scrapy.utils.log] INFO: Scrapy 2.12.0 started (bot: bingo_scrapy)
2025-03-23 11:24:46 [scrapy.utils.log] INFO: Versions: lxml 5.3.1.0, libxml2 2.11.7, cssselect 1.3.0, parsel 1.10.0, w3lib 2.3.1, Twisted 24.11.0, Python 3.11.0 (main, Oct 24 2022, 18:26:48) [MSC v.1933 64 bit (AMD64)], pyOpenSSL 25.0.0 (OpenSSL 3.4.1 11 Feb 2025), cryptography 44.0.2, Platform Windows-10-10.0.19045-SP0
2025-03-23 11:24:46 [scrapy.addons] INFO: Enabled addons:
[]
2025-03-23 11:24:46 [scrapy.extensions.telnet] INFO: Telnet Password: c8c48974504c8e72
2025-03-23 11:24:46 [scrapy.middleware] INFO: Enabled extensions:
['scrapy.extensions.corestats.CoreStats',
 'scrapy.extensions.telnet.TelnetConsole',
 'scrapy.extensions.logstats.LogStats']
2025-03-23 11:24:46 [scrapy.crawler] INFO: Overridden settings:
{'BOT_NAME': 'bingo_scrapy',
 'LOG_FILE': 'bingo_spider.log',
 'LOG_LEVEL': 'INFO',
 'NEWSPIDER_MODULE': 'bingo_scrapy.spiders',
 'SPIDER_MODULES': ['bingo_scrapy.spiders']}
2025-03-23 11:24:47 [scrapy.middleware] INFO: Enabled downloader middlewares:
['scrapy.downloadermiddlewares.offsite.OffsiteMiddleware',
 'scrapy.downloadermiddlewares.httpauth.HttpAuthMiddleware',
 'scrapy.downloadermiddlewares.downloadtimeout.DownloadTimeoutMiddleware',
 'scrapy.downloadermiddlewares.defaultheaders.DefaultHeadersMiddleware',
 'scrapy.downloadermiddlewares.useragent.UserAgentMiddleware',
 'scrapy.downloadermiddlewares.retry.RetryMiddleware',
 'scrapy.downloadermiddlewares.redirect.MetaRefreshMiddleware',
 'scrapy.downloadermiddlewares.httpcompression.HttpCompressionMiddleware',
 'scrapy.downloadermiddlewares.redirect.RedirectMiddleware',
 'scrapy.downloadermiddlewares.cookies.CookiesMiddleware',
 'scrapy.downloadermiddlewares.httpproxy.HttpProxyMiddleware',
 'scrapy.downloadermiddlewares.stats.DownloaderStats']
2025-03-23 11:24:47 [scrapy.middleware] INFO: Enabled spider middlewares:
['scrapy.spidermiddlewares.httperror.HttpErrorMiddleware',
 'scrapy.spidermiddlewares.referer.RefererMiddleware',
 'scrapy.spidermiddlewares.urllength.UrlLengthMiddleware',
 'scrapy.spidermiddlewares.depth.DepthMiddleware']
2025-03-23 11:24:47 [scrapy.middleware] INFO: Enabled item pipelines:
['bingo_scrapy.pipelines.CsvPipeline', 'bingo_scrapy.pipelines.DbPipeline']
2025-03-23 11:24:47 [scrapy.core.engine] INFO: Spider opened
2025-03-23 11:24:47 [root] INFO: Opening spider and establishing database connection.
2025-03-23 11:24:47 [root] INFO: DELETE_OLD_DATA: True
2025-03-23 11:24:47 [root] INFO: Table dropped.
2025-03-23 11:24:47 [root] INFO: Checking if table dbo.bingo exists.
2025-03-23 11:24:47 [root] INFO: Table dbo.bingo does not exist. Creating table.
2025-03-23 11:24:47 [root] INFO: Table dbo.bingo created successfully.
2025-03-23 11:24:47 [root] INFO: Database connection established and table checked/created.
2025-03-23 11:24:47 [scrapy.extensions.logstats] INFO: Crawled 0 pages (at 0 pages/min), scraped 0 items (at 0 items/min)
2025-03-23 11:24:47 [scrapy.extensions.telnet] INFO: Telnet console listening on 127.0.0.1:6023
2025-03-23 11:24:47 [root] INFO: Processing page: https://api.taiwanlottery.com/TLCAPIWeB/Lottery/BingoResult?openDate=2024-01-01&pageNum=1&pageSize=1
2025-03-23 11:24:48 [root] INFO: Finished processing page: https://api.taiwanlottery.com/TLCAPIWeB/Lottery/BingoResult?openDate=2024-01-01&pageNum=21&pageSize=10
2025-03-23 11:24:48 [root] INFO: Item processed and committed to database.
2025-03-23 11:24:48 [root] INFO: Database connection closed after processing item.
2025-03-23 11:24:48 [scrapy.core.engine] INFO: Closing spider (finished)
2025-03-23 11:24:48 [root] INFO: Database connection closed.
2025-03-23 11:24:48 [scrapy.statscollectors] INFO: Dumping Scrapy stats:
{'downloader/request_bytes': 292,
 'downloader/request_count': 1,
 'downloader/request_method_count/GET': 1,
 'downloader/response_bytes': 1149,
 'downloader/response_count': 1,
 'downloader/response_status_count/200': 1,
 'elapsed_time_seconds': 1.327802,
 'finish_reason': 'finished',
 'finish_time': datetime.datetime(2025, 3, 23, 3, 24, 48, 715855, tzinfo=datetime.timezone.utc),
 'httpcompression/response_bytes': 1884,
 'httpcompression/response_count': 1,
 'item_scraped_count': 1,
 'items_per_minute': None,
 'log_count/INFO': 22,
 'response_received_count': 1,
 'responses_per_minute': None,
 'scheduler/dequeued': 1,
 'scheduler/dequeued/memory': 1,
 'scheduler/enqueued': 1,
 'scheduler/enqueued/memory': 1,
 'start_time': datetime.datetime(2025, 3, 23, 3, 24, 47, 388053, tzinfo=datetime.timezone.utc)}
2025-03-23 11:24:48 [scrapy.core.engine] INFO: Spider closed (finished)
2025-03-23 11:26:39 [scrapy.utils.log] INFO: Scrapy 2.12.0 started (bot: bingo_scrapy)
2025-03-23 11:26:39 [scrapy.utils.log] INFO: Versions: lxml 5.3.1.0, libxml2 2.11.7, cssselect 1.3.0, parsel 1.10.0, w3lib 2.3.1, Twisted 24.11.0, Python 3.11.0 (main, Oct 24 2022, 18:26:48) [MSC v.1933 64 bit (AMD64)], pyOpenSSL 25.0.0 (OpenSSL 3.4.1 11 Feb 2025), cryptography 44.0.2, Platform Windows-10-10.0.19045-SP0
2025-03-23 11:26:39 [scrapy.addons] INFO: Enabled addons:
[]
2025-03-23 11:26:39 [scrapy.extensions.telnet] INFO: Telnet Password: c2a2fa724118d398
2025-03-23 11:26:39 [scrapy.middleware] INFO: Enabled extensions:
['scrapy.extensions.corestats.CoreStats',
 'scrapy.extensions.telnet.TelnetConsole',
 'scrapy.extensions.logstats.LogStats']
2025-03-23 11:26:39 [scrapy.crawler] INFO: Overridden settings:
{'BOT_NAME': 'bingo_scrapy',
 'LOG_FILE': 'bingo_spider.log',
 'LOG_LEVEL': 'INFO',
 'NEWSPIDER_MODULE': 'bingo_scrapy.spiders',
 'SPIDER_MODULES': ['bingo_scrapy.spiders']}
2025-03-23 11:26:39 [scrapy.middleware] INFO: Enabled downloader middlewares:
['scrapy.downloadermiddlewares.offsite.OffsiteMiddleware',
 'scrapy.downloadermiddlewares.httpauth.HttpAuthMiddleware',
 'scrapy.downloadermiddlewares.downloadtimeout.DownloadTimeoutMiddleware',
 'scrapy.downloadermiddlewares.defaultheaders.DefaultHeadersMiddleware',
 'scrapy.downloadermiddlewares.useragent.UserAgentMiddleware',
 'scrapy.downloadermiddlewares.retry.RetryMiddleware',
 'scrapy.downloadermiddlewares.redirect.MetaRefreshMiddleware',
 'scrapy.downloadermiddlewares.httpcompression.HttpCompressionMiddleware',
 'scrapy.downloadermiddlewares.redirect.RedirectMiddleware',
 'scrapy.downloadermiddlewares.cookies.CookiesMiddleware',
 'scrapy.downloadermiddlewares.httpproxy.HttpProxyMiddleware',
 'scrapy.downloadermiddlewares.stats.DownloaderStats']
2025-03-23 11:26:39 [scrapy.middleware] INFO: Enabled spider middlewares:
['scrapy.spidermiddlewares.httperror.HttpErrorMiddleware',
 'scrapy.spidermiddlewares.referer.RefererMiddleware',
 'scrapy.spidermiddlewares.urllength.UrlLengthMiddleware',
 'scrapy.spidermiddlewares.depth.DepthMiddleware']
2025-03-23 11:26:39 [scrapy.middleware] INFO: Enabled item pipelines:
['bingo_scrapy.pipelines.CsvPipeline', 'bingo_scrapy.pipelines.DbPipeline']
2025-03-23 11:26:39 [scrapy.core.engine] INFO: Spider opened
2025-03-23 11:26:39 [root] INFO: Opening spider and establishing database connection.
2025-03-23 11:26:39 [root] INFO: DELETE_OLD_DATA: True
2025-03-23 11:26:39 [root] INFO: Table dropped.
2025-03-23 11:26:39 [root] INFO: Checking if table dbo.bingo exists.
2025-03-23 11:26:39 [root] INFO: Table dbo.bingo does not exist. Creating table.
2025-03-23 11:26:39 [root] INFO: Table dbo.bingo created successfully.
2025-03-23 11:26:39 [root] INFO: Database connection established and table checked/created.
2025-03-23 11:26:39 [scrapy.extensions.logstats] INFO: Crawled 0 pages (at 0 pages/min), scraped 0 items (at 0 items/min)
2025-03-23 11:26:39 [scrapy.extensions.telnet] INFO: Telnet console listening on 127.0.0.1:6023
2025-03-23 11:26:39 [root] INFO: Using CRAWL_DATE: ['2024-01-01']
2025-03-23 11:26:39 [root] INFO: Processing page: https://api.taiwanlottery.com/TLCAPIWeB/Lottery/BingoResult?openDate=2024-01-01&pageNum=1&pageSize=1
2025-03-23 11:26:40 [root] INFO: Finished processing page: https://api.taiwanlottery.com/TLCAPIWeB/Lottery/BingoResult?openDate=2024-01-01&pageNum=21&pageSize=10
2025-03-23 11:26:40 [root] INFO: Item processed and committed to database.
2025-03-23 11:26:40 [root] INFO: Database connection closed after processing item.
2025-03-23 11:26:40 [scrapy.core.engine] INFO: Closing spider (finished)
2025-03-23 11:26:40 [root] INFO: Database connection closed.
2025-03-23 11:26:40 [scrapy.statscollectors] INFO: Dumping Scrapy stats:
{'downloader/request_bytes': 292,
 'downloader/request_count': 1,
 'downloader/request_method_count/GET': 1,
 'downloader/response_bytes': 1149,
 'downloader/response_count': 1,
 'downloader/response_status_count/200': 1,
 'elapsed_time_seconds': 1.276876,
 'finish_reason': 'finished',
 'finish_time': datetime.datetime(2025, 3, 23, 3, 26, 40, 735168, tzinfo=datetime.timezone.utc),
 'httpcompression/response_bytes': 1884,
 'httpcompression/response_count': 1,
 'item_scraped_count': 1,
 'items_per_minute': None,
 'log_count/INFO': 23,
 'response_received_count': 1,
 'responses_per_minute': None,
 'scheduler/dequeued': 1,
 'scheduler/dequeued/memory': 1,
 'scheduler/enqueued': 1,
 'scheduler/enqueued/memory': 1,
 'start_time': datetime.datetime(2025, 3, 23, 3, 26, 39, 458292, tzinfo=datetime.timezone.utc)}
2025-03-23 11:26:40 [scrapy.core.engine] INFO: Spider closed (finished)
2025-03-23 11:27:47 [scrapy.utils.log] INFO: Scrapy 2.12.0 started (bot: bingo_scrapy)
2025-03-23 11:27:47 [scrapy.utils.log] INFO: Versions: lxml 5.3.1.0, libxml2 2.11.7, cssselect 1.3.0, parsel 1.10.0, w3lib 2.3.1, Twisted 24.11.0, Python 3.11.0 (main, Oct 24 2022, 18:26:48) [MSC v.1933 64 bit (AMD64)], pyOpenSSL 25.0.0 (OpenSSL 3.4.1 11 Feb 2025), cryptography 44.0.2, Platform Windows-10-10.0.19045-SP0
2025-03-23 11:27:47 [scrapy.addons] INFO: Enabled addons:
[]
2025-03-23 11:27:47 [scrapy.extensions.telnet] INFO: Telnet Password: 2a761b5032b3d90b
2025-03-23 11:27:47 [scrapy.middleware] INFO: Enabled extensions:
['scrapy.extensions.corestats.CoreStats',
 'scrapy.extensions.telnet.TelnetConsole',
 'scrapy.extensions.logstats.LogStats']
2025-03-23 11:27:47 [scrapy.crawler] INFO: Overridden settings:
{'BOT_NAME': 'bingo_scrapy',
 'LOG_FILE': 'bingo_spider.log',
 'LOG_LEVEL': 'INFO',
 'NEWSPIDER_MODULE': 'bingo_scrapy.spiders',
 'SPIDER_MODULES': ['bingo_scrapy.spiders']}
2025-03-23 11:27:47 [scrapy.middleware] INFO: Enabled downloader middlewares:
['scrapy.downloadermiddlewares.offsite.OffsiteMiddleware',
 'scrapy.downloadermiddlewares.httpauth.HttpAuthMiddleware',
 'scrapy.downloadermiddlewares.downloadtimeout.DownloadTimeoutMiddleware',
 'scrapy.downloadermiddlewares.defaultheaders.DefaultHeadersMiddleware',
 'scrapy.downloadermiddlewares.useragent.UserAgentMiddleware',
 'scrapy.downloadermiddlewares.retry.RetryMiddleware',
 'scrapy.downloadermiddlewares.redirect.MetaRefreshMiddleware',
 'scrapy.downloadermiddlewares.httpcompression.HttpCompressionMiddleware',
 'scrapy.downloadermiddlewares.redirect.RedirectMiddleware',
 'scrapy.downloadermiddlewares.cookies.CookiesMiddleware',
 'scrapy.downloadermiddlewares.httpproxy.HttpProxyMiddleware',
 'scrapy.downloadermiddlewares.stats.DownloaderStats']
2025-03-23 11:27:47 [scrapy.middleware] INFO: Enabled spider middlewares:
['scrapy.spidermiddlewares.httperror.HttpErrorMiddleware',
 'scrapy.spidermiddlewares.referer.RefererMiddleware',
 'scrapy.spidermiddlewares.urllength.UrlLengthMiddleware',
 'scrapy.spidermiddlewares.depth.DepthMiddleware']
2025-03-23 11:27:47 [scrapy.middleware] INFO: Enabled item pipelines:
['bingo_scrapy.pipelines.CsvPipeline', 'bingo_scrapy.pipelines.DbPipeline']
2025-03-23 11:27:47 [scrapy.core.engine] INFO: Spider opened
2025-03-23 11:27:47 [root] INFO: Opening spider and establishing database connection.
2025-03-23 11:27:47 [root] INFO: DELETE_OLD_DATA: True
2025-03-23 11:27:47 [root] INFO: Table dropped.
2025-03-23 11:27:47 [root] INFO: Checking if table dbo.bingo exists.
2025-03-23 11:27:47 [root] INFO: Table dbo.bingo does not exist. Creating table.
2025-03-23 11:27:47 [root] INFO: Table dbo.bingo created successfully.
2025-03-23 11:27:47 [root] INFO: Database connection established and table checked/created.
2025-03-23 11:27:47 [scrapy.extensions.logstats] INFO: Crawled 0 pages (at 0 pages/min), scraped 0 items (at 0 items/min)
2025-03-23 11:27:47 [scrapy.extensions.telnet] INFO: Telnet console listening on 127.0.0.1:6023
2025-03-23 11:27:47 [root] INFO: Using START_DATE and END_DATE: ['2024-01-01']
2025-03-23 11:27:48 [root] INFO: Processing page: https://api.taiwanlottery.com/TLCAPIWeB/Lottery/BingoResult?openDate=2024-01-01&pageNum=1&pageSize=1
2025-03-23 11:27:49 [root] INFO: Finished processing page: https://api.taiwanlottery.com/TLCAPIWeB/Lottery/BingoResult?openDate=2024-01-01&pageNum=21&pageSize=10
2025-03-23 11:27:49 [root] INFO: Item processed and committed to database.
2025-03-23 11:27:49 [root] INFO: Database connection closed after processing item.
2025-03-23 11:27:49 [scrapy.core.engine] INFO: Closing spider (finished)
2025-03-23 11:27:49 [root] INFO: Database connection closed.
2025-03-23 11:27:49 [scrapy.statscollectors] INFO: Dumping Scrapy stats:
{'downloader/request_bytes': 292,
 'downloader/request_count': 1,
 'downloader/request_method_count/GET': 1,
 'downloader/response_bytes': 1149,
 'downloader/response_count': 1,
 'downloader/response_status_count/200': 1,
 'elapsed_time_seconds': 1.263358,
 'finish_reason': 'finished',
 'finish_time': datetime.datetime(2025, 3, 23, 3, 27, 49, 259553, tzinfo=datetime.timezone.utc),
 'httpcompression/response_bytes': 1884,
 'httpcompression/response_count': 1,
 'item_scraped_count': 1,
 'items_per_minute': None,
 'log_count/INFO': 23,
 'response_received_count': 1,
 'responses_per_minute': None,
 'scheduler/dequeued': 1,
 'scheduler/dequeued/memory': 1,
 'scheduler/enqueued': 1,
 'scheduler/enqueued/memory': 1,
 'start_time': datetime.datetime(2025, 3, 23, 3, 27, 47, 996195, tzinfo=datetime.timezone.utc)}
2025-03-23 11:27:49 [scrapy.core.engine] INFO: Spider closed (finished)
2025-03-23 11:28:38 [scrapy.utils.log] INFO: Scrapy 2.12.0 started (bot: bingo_scrapy)
2025-03-23 11:28:38 [scrapy.utils.log] INFO: Versions: lxml 5.3.1.0, libxml2 2.11.7, cssselect 1.3.0, parsel 1.10.0, w3lib 2.3.1, Twisted 24.11.0, Python 3.11.0 (main, Oct 24 2022, 18:26:48) [MSC v.1933 64 bit (AMD64)], pyOpenSSL 25.0.0 (OpenSSL 3.4.1 11 Feb 2025), cryptography 44.0.2, Platform Windows-10-10.0.19045-SP0
2025-03-23 11:28:38 [scrapy.addons] INFO: Enabled addons:
[]
2025-03-23 11:28:38 [scrapy.extensions.telnet] INFO: Telnet Password: 0ca077a45558ee05
2025-03-23 11:28:38 [scrapy.middleware] INFO: Enabled extensions:
['scrapy.extensions.corestats.CoreStats',
 'scrapy.extensions.telnet.TelnetConsole',
 'scrapy.extensions.logstats.LogStats']
2025-03-23 11:28:38 [scrapy.crawler] INFO: Overridden settings:
{'BOT_NAME': 'bingo_scrapy',
 'LOG_FILE': 'bingo_spider.log',
 'LOG_LEVEL': 'INFO',
 'NEWSPIDER_MODULE': 'bingo_scrapy.spiders',
 'SPIDER_MODULES': ['bingo_scrapy.spiders']}
2025-03-23 11:28:38 [scrapy.middleware] INFO: Enabled downloader middlewares:
['scrapy.downloadermiddlewares.offsite.OffsiteMiddleware',
 'scrapy.downloadermiddlewares.httpauth.HttpAuthMiddleware',
 'scrapy.downloadermiddlewares.downloadtimeout.DownloadTimeoutMiddleware',
 'scrapy.downloadermiddlewares.defaultheaders.DefaultHeadersMiddleware',
 'scrapy.downloadermiddlewares.useragent.UserAgentMiddleware',
 'scrapy.downloadermiddlewares.retry.RetryMiddleware',
 'scrapy.downloadermiddlewares.redirect.MetaRefreshMiddleware',
 'scrapy.downloadermiddlewares.httpcompression.HttpCompressionMiddleware',
 'scrapy.downloadermiddlewares.redirect.RedirectMiddleware',
 'scrapy.downloadermiddlewares.cookies.CookiesMiddleware',
 'scrapy.downloadermiddlewares.httpproxy.HttpProxyMiddleware',
 'scrapy.downloadermiddlewares.stats.DownloaderStats']
2025-03-23 11:28:38 [scrapy.middleware] INFO: Enabled spider middlewares:
['scrapy.spidermiddlewares.httperror.HttpErrorMiddleware',
 'scrapy.spidermiddlewares.referer.RefererMiddleware',
 'scrapy.spidermiddlewares.urllength.UrlLengthMiddleware',
 'scrapy.spidermiddlewares.depth.DepthMiddleware']
2025-03-23 11:28:38 [scrapy.middleware] INFO: Enabled item pipelines:
['bingo_scrapy.pipelines.CsvPipeline', 'bingo_scrapy.pipelines.DbPipeline']
2025-03-23 11:28:38 [scrapy.core.engine] INFO: Spider opened
2025-03-23 11:28:38 [root] INFO: Opening spider and establishing database connection.
2025-03-23 11:28:39 [root] INFO: DELETE_OLD_DATA: True
2025-03-23 11:28:39 [root] INFO: Table dropped.
2025-03-23 11:28:39 [root] INFO: Checking if table dbo.bingo exists.
2025-03-23 11:28:39 [root] INFO: Table dbo.bingo does not exist. Creating table.
2025-03-23 11:28:39 [root] INFO: Table dbo.bingo created successfully.
2025-03-23 11:28:39 [root] INFO: Database connection established and table checked/created.
2025-03-23 11:28:39 [scrapy.extensions.logstats] INFO: Crawled 0 pages (at 0 pages/min), scraped 0 items (at 0 items/min)
2025-03-23 11:28:39 [scrapy.extensions.telnet] INFO: Telnet console listening on 127.0.0.1:6023
2025-03-23 11:28:39 [root] INFO: Start date: 2024-01-01 00:00:00, End date: 2024-01-01 00:00:00
2025-03-23 11:28:39 [root] INFO: Using START_DATE and END_DATE: ['2024-01-01']
2025-03-23 11:28:39 [root] INFO: Processing page: https://api.taiwanlottery.com/TLCAPIWeB/Lottery/BingoResult?openDate=2024-01-01&pageNum=1&pageSize=1
2025-03-23 11:28:40 [root] INFO: Finished processing page: https://api.taiwanlottery.com/TLCAPIWeB/Lottery/BingoResult?openDate=2024-01-01&pageNum=21&pageSize=10
2025-03-23 11:28:40 [root] INFO: Item processed and committed to database.
2025-03-23 11:28:40 [root] INFO: Database connection closed after processing item.
2025-03-23 11:28:40 [scrapy.core.engine] INFO: Closing spider (finished)
2025-03-23 11:28:40 [root] INFO: Database connection closed.
2025-03-23 11:28:40 [scrapy.statscollectors] INFO: Dumping Scrapy stats:
{'downloader/request_bytes': 292,
 'downloader/request_count': 1,
 'downloader/request_method_count/GET': 1,
 'downloader/response_bytes': 1149,
 'downloader/response_count': 1,
 'downloader/response_status_count/200': 1,
 'elapsed_time_seconds': 1.284597,
 'finish_reason': 'finished',
 'finish_time': datetime.datetime(2025, 3, 23, 3, 28, 40, 373416, tzinfo=datetime.timezone.utc),
 'httpcompression/response_bytes': 1884,
 'httpcompression/response_count': 1,
 'item_scraped_count': 1,
 'items_per_minute': None,
 'log_count/INFO': 24,
 'response_received_count': 1,
 'responses_per_minute': None,
 'scheduler/dequeued': 1,
 'scheduler/dequeued/memory': 1,
 'scheduler/enqueued': 1,
 'scheduler/enqueued/memory': 1,
 'start_time': datetime.datetime(2025, 3, 23, 3, 28, 39, 88819, tzinfo=datetime.timezone.utc)}
2025-03-23 11:28:40 [scrapy.core.engine] INFO: Spider closed (finished)
2025-03-23 11:33:02 [scrapy.utils.log] INFO: Scrapy 2.12.0 started (bot: bingo_scrapy)
2025-03-23 11:33:02 [scrapy.utils.log] INFO: Versions: lxml 5.3.1.0, libxml2 2.11.7, cssselect 1.3.0, parsel 1.10.0, w3lib 2.3.1, Twisted 24.11.0, Python 3.11.0 (main, Oct 24 2022, 18:26:48) [MSC v.1933 64 bit (AMD64)], pyOpenSSL 25.0.0 (OpenSSL 3.4.1 11 Feb 2025), cryptography 44.0.2, Platform Windows-10-10.0.19045-SP0
2025-03-23 11:33:02 [scrapy.addons] INFO: Enabled addons:
[]
2025-03-23 11:33:02 [scrapy.extensions.telnet] INFO: Telnet Password: 997767953e4916c1
2025-03-23 11:33:02 [scrapy.middleware] INFO: Enabled extensions:
['scrapy.extensions.corestats.CoreStats',
 'scrapy.extensions.telnet.TelnetConsole',
 'scrapy.extensions.logstats.LogStats']
2025-03-23 11:33:02 [scrapy.crawler] INFO: Overridden settings:
{'BOT_NAME': 'bingo_scrapy',
 'LOG_FILE': 'bingo_spider.log',
 'LOG_LEVEL': 'INFO',
 'NEWSPIDER_MODULE': 'bingo_scrapy.spiders',
 'SPIDER_MODULES': ['bingo_scrapy.spiders']}
2025-03-23 11:33:02 [scrapy.middleware] INFO: Enabled downloader middlewares:
['scrapy.downloadermiddlewares.offsite.OffsiteMiddleware',
 'scrapy.downloadermiddlewares.httpauth.HttpAuthMiddleware',
 'scrapy.downloadermiddlewares.downloadtimeout.DownloadTimeoutMiddleware',
 'scrapy.downloadermiddlewares.defaultheaders.DefaultHeadersMiddleware',
 'scrapy.downloadermiddlewares.useragent.UserAgentMiddleware',
 'scrapy.downloadermiddlewares.retry.RetryMiddleware',
 'scrapy.downloadermiddlewares.redirect.MetaRefreshMiddleware',
 'scrapy.downloadermiddlewares.httpcompression.HttpCompressionMiddleware',
 'scrapy.downloadermiddlewares.redirect.RedirectMiddleware',
 'scrapy.downloadermiddlewares.cookies.CookiesMiddleware',
 'scrapy.downloadermiddlewares.httpproxy.HttpProxyMiddleware',
 'scrapy.downloadermiddlewares.stats.DownloaderStats']
2025-03-23 11:33:02 [scrapy.middleware] INFO: Enabled spider middlewares:
['scrapy.spidermiddlewares.httperror.HttpErrorMiddleware',
 'scrapy.spidermiddlewares.referer.RefererMiddleware',
 'scrapy.spidermiddlewares.urllength.UrlLengthMiddleware',
 'scrapy.spidermiddlewares.depth.DepthMiddleware']
2025-03-23 11:33:02 [scrapy.middleware] INFO: Enabled item pipelines:
['bingo_scrapy.pipelines.CsvPipeline', 'bingo_scrapy.pipelines.DbPipeline']
2025-03-23 11:33:02 [scrapy.core.engine] INFO: Spider opened
2025-03-23 11:33:02 [root] INFO: Opening spider and establishing database connection.
2025-03-23 11:33:02 [root] INFO: DELETE_OLD_DATA: True
2025-03-23 11:33:02 [root] INFO: Table dropped.
2025-03-23 11:33:02 [root] INFO: Checking if table dbo.bingo exists.
2025-03-23 11:33:02 [root] INFO: Table dbo.bingo does not exist. Creating table.
2025-03-23 11:33:02 [root] INFO: Table dbo.bingo created successfully.
2025-03-23 11:33:02 [root] INFO: Database connection established and table checked/created.
2025-03-23 11:33:02 [scrapy.extensions.logstats] INFO: Crawled 0 pages (at 0 pages/min), scraped 0 items (at 0 items/min)
2025-03-23 11:33:02 [scrapy.extensions.telnet] INFO: Telnet console listening on 127.0.0.1:6023
2025-03-23 11:33:02 [root] INFO: Start date: 2024-01-01 00:00:00, End date: 2024-01-01 00:00:00
2025-03-23 11:33:02 [root] INFO: Start date: 2024-01-01 00:00:00, End date: 2024-01-01 00:00:00
2025-03-23 11:33:02 [root] INFO: Using START_DATE and END_DATE: ['2024-01-01']
2025-03-23 11:33:02 [root] INFO: Processing page: https://api.taiwanlottery.com/TLCAPIWeB/Lottery/BingoResult?openDate=2024-01-01&pageNum=1&pageSize=1
2025-03-23 11:33:03 [root] INFO: Finished processing page: https://api.taiwanlottery.com/TLCAPIWeB/Lottery/BingoResult?openDate=2024-01-01&pageNum=21&pageSize=10
2025-03-23 11:33:03 [root] INFO: Item processed and committed to database.
2025-03-23 11:33:03 [root] INFO: Database connection closed after processing item.
2025-03-23 11:33:03 [scrapy.core.engine] INFO: Closing spider (finished)
2025-03-23 11:33:03 [root] INFO: Database connection closed.
2025-03-23 11:33:03 [scrapy.statscollectors] INFO: Dumping Scrapy stats:
{'downloader/request_bytes': 292,
 'downloader/request_count': 1,
 'downloader/request_method_count/GET': 1,
 'downloader/response_bytes': 1149,
 'downloader/response_count': 1,
 'downloader/response_status_count/200': 1,
 'elapsed_time_seconds': 1.267547,
 'finish_reason': 'finished',
 'finish_time': datetime.datetime(2025, 3, 23, 3, 33, 3, 766472, tzinfo=datetime.timezone.utc),
 'httpcompression/response_bytes': 1884,
 'httpcompression/response_count': 1,
 'item_scraped_count': 1,
 'items_per_minute': None,
 'log_count/INFO': 25,
 'response_received_count': 1,
 'responses_per_minute': None,
 'scheduler/dequeued': 1,
 'scheduler/dequeued/memory': 1,
 'scheduler/enqueued': 1,
 'scheduler/enqueued/memory': 1,
 'start_time': datetime.datetime(2025, 3, 23, 3, 33, 2, 498925, tzinfo=datetime.timezone.utc)}
2025-03-23 11:33:03 [scrapy.core.engine] INFO: Spider closed (finished)
2025-03-23 11:40:19 [scrapy.utils.log] INFO: Scrapy 2.12.0 started (bot: bingo_scrapy)
2025-03-23 11:40:19 [scrapy.utils.log] INFO: Versions: lxml 5.3.1.0, libxml2 2.11.7, cssselect 1.3.0, parsel 1.10.0, w3lib 2.3.1, Twisted 24.11.0, Python 3.11.0 (main, Oct 24 2022, 18:26:48) [MSC v.1933 64 bit (AMD64)], pyOpenSSL 25.0.0 (OpenSSL 3.4.1 11 Feb 2025), cryptography 44.0.2, Platform Windows-10-10.0.19045-SP0
2025-03-23 11:40:19 [scrapy.addons] INFO: Enabled addons:
[]
2025-03-23 11:40:19 [scrapy.extensions.telnet] INFO: Telnet Password: cd415f312a192369
2025-03-23 11:40:19 [scrapy.middleware] INFO: Enabled extensions:
['scrapy.extensions.corestats.CoreStats',
 'scrapy.extensions.telnet.TelnetConsole',
 'scrapy.extensions.logstats.LogStats']
2025-03-23 11:40:19 [scrapy.crawler] INFO: Overridden settings:
{'BOT_NAME': 'bingo_scrapy',
 'LOG_FILE': 'bingo_spider.log',
 'LOG_LEVEL': 'INFO',
 'NEWSPIDER_MODULE': 'bingo_scrapy.spiders',
 'SPIDER_MODULES': ['bingo_scrapy.spiders']}
2025-03-23 11:40:20 [scrapy.middleware] INFO: Enabled downloader middlewares:
['scrapy.downloadermiddlewares.offsite.OffsiteMiddleware',
 'scrapy.downloadermiddlewares.httpauth.HttpAuthMiddleware',
 'scrapy.downloadermiddlewares.downloadtimeout.DownloadTimeoutMiddleware',
 'scrapy.downloadermiddlewares.defaultheaders.DefaultHeadersMiddleware',
 'scrapy.downloadermiddlewares.useragent.UserAgentMiddleware',
 'scrapy.downloadermiddlewares.retry.RetryMiddleware',
 'scrapy.downloadermiddlewares.redirect.MetaRefreshMiddleware',
 'scrapy.downloadermiddlewares.httpcompression.HttpCompressionMiddleware',
 'scrapy.downloadermiddlewares.redirect.RedirectMiddleware',
 'scrapy.downloadermiddlewares.cookies.CookiesMiddleware',
 'scrapy.downloadermiddlewares.httpproxy.HttpProxyMiddleware',
 'scrapy.downloadermiddlewares.stats.DownloaderStats']
2025-03-23 11:40:20 [scrapy.middleware] INFO: Enabled spider middlewares:
['scrapy.spidermiddlewares.httperror.HttpErrorMiddleware',
 'scrapy.spidermiddlewares.referer.RefererMiddleware',
 'scrapy.spidermiddlewares.urllength.UrlLengthMiddleware',
 'scrapy.spidermiddlewares.depth.DepthMiddleware']
2025-03-23 11:40:20 [scrapy.middleware] INFO: Enabled item pipelines:
['bingo_scrapy.pipelines.CsvPipeline', 'bingo_scrapy.pipelines.DbPipeline']
2025-03-23 11:40:20 [scrapy.core.engine] INFO: Spider opened
2025-03-23 11:40:20 [root] INFO: Opening spider and establishing database connection.
2025-03-23 11:40:20 [root] INFO: DELETE_OLD_DATA: True
2025-03-23 11:40:20 [root] INFO: Table dropped.
2025-03-23 11:40:20 [root] INFO: Checking if table dbo.bingo exists.
2025-03-23 11:40:20 [root] INFO: Table dbo.bingo does not exist. Creating table.
2025-03-23 11:40:20 [root] INFO: Table dbo.bingo created successfully.
2025-03-23 11:40:20 [root] INFO: Database connection established and table checked/created.
2025-03-23 11:40:20 [scrapy.extensions.logstats] INFO: Crawled 0 pages (at 0 pages/min), scraped 0 items (at 0 items/min)
2025-03-23 11:40:20 [scrapy.extensions.telnet] INFO: Telnet console listening on 127.0.0.1:6023
2025-03-23 11:40:20 [root] INFO: Start date: 2024-01-01 00:00:00, End date: 2024-01-01 00:00:00
2025-03-23 11:40:20 [root] INFO: Start date: 2024-01-01 00:00:00, End date: 2024-01-01 00:00:00
2025-03-23 11:40:20 [root] INFO: Using START_DATE and END_DATE: ['2024-01-01']
2025-03-23 11:40:20 [root] INFO: 爬取日期: 2024-01-01
2025-03-23 11:40:20 [root] INFO: Processing page: https://api.taiwanlottery.com/TLCAPIWeB/Lottery/BingoResult?openDate=2024-01-01&pageNum=1&pageSize=1
2025-03-23 11:40:21 [root] INFO: Finished processing page: https://api.taiwanlottery.com/TLCAPIWeB/Lottery/BingoResult?openDate=2024-01-01&pageNum=21&pageSize=10
2025-03-23 11:40:21 [root] INFO: Item processed and committed to database.
2025-03-23 11:40:21 [root] INFO: Database connection closed after processing item.
2025-03-23 11:40:21 [scrapy.core.engine] INFO: Closing spider (finished)
2025-03-23 11:40:21 [root] INFO: Database connection closed.
2025-03-23 11:40:21 [scrapy.statscollectors] INFO: Dumping Scrapy stats:
{'downloader/request_bytes': 292,
 'downloader/request_count': 1,
 'downloader/request_method_count/GET': 1,
 'downloader/response_bytes': 1146,
 'downloader/response_count': 1,
 'downloader/response_status_count/200': 1,
 'elapsed_time_seconds': 1.367747,
 'finish_reason': 'finished',
 'finish_time': datetime.datetime(2025, 3, 23, 3, 40, 21, 613742, tzinfo=datetime.timezone.utc),
 'httpcompression/response_bytes': 1884,
 'httpcompression/response_count': 1,
 'item_scraped_count': 1,
 'items_per_minute': None,
 'log_count/INFO': 26,
 'response_received_count': 1,
 'responses_per_minute': None,
 'scheduler/dequeued': 1,
 'scheduler/dequeued/memory': 1,
 'scheduler/enqueued': 1,
 'scheduler/enqueued/memory': 1,
 'start_time': datetime.datetime(2025, 3, 23, 3, 40, 20, 245995, tzinfo=datetime.timezone.utc)}
2025-03-23 11:40:21 [scrapy.core.engine] INFO: Spider closed (finished)
2025-03-23 11:43:53 [scrapy.utils.log] INFO: Scrapy 2.12.0 started (bot: bingo_scrapy)
2025-03-23 11:43:53 [scrapy.utils.log] INFO: Versions: lxml 5.3.1.0, libxml2 2.11.7, cssselect 1.3.0, parsel 1.10.0, w3lib 2.3.1, Twisted 24.11.0, Python 3.11.0 (main, Oct 24 2022, 18:26:48) [MSC v.1933 64 bit (AMD64)], pyOpenSSL 25.0.0 (OpenSSL 3.4.1 11 Feb 2025), cryptography 44.0.2, Platform Windows-10-10.0.19045-SP0
2025-03-23 11:43:53 [scrapy.addons] INFO: Enabled addons:
[]
2025-03-23 11:43:53 [scrapy.extensions.telnet] INFO: Telnet Password: 31231735e63a6660
2025-03-23 11:43:53 [scrapy.middleware] INFO: Enabled extensions:
['scrapy.extensions.corestats.CoreStats',
 'scrapy.extensions.telnet.TelnetConsole',
 'scrapy.extensions.logstats.LogStats']
2025-03-23 11:43:53 [scrapy.crawler] INFO: Overridden settings:
{'BOT_NAME': 'bingo_scrapy',
 'LOG_FILE': 'bingo_spider.log',
 'LOG_LEVEL': 'INFO',
 'NEWSPIDER_MODULE': 'bingo_scrapy.spiders',
 'SPIDER_MODULES': ['bingo_scrapy.spiders']}
2025-03-23 11:43:53 [scrapy.middleware] INFO: Enabled downloader middlewares:
['scrapy.downloadermiddlewares.offsite.OffsiteMiddleware',
 'scrapy.downloadermiddlewares.httpauth.HttpAuthMiddleware',
 'scrapy.downloadermiddlewares.downloadtimeout.DownloadTimeoutMiddleware',
 'scrapy.downloadermiddlewares.defaultheaders.DefaultHeadersMiddleware',
 'scrapy.downloadermiddlewares.useragent.UserAgentMiddleware',
 'scrapy.downloadermiddlewares.retry.RetryMiddleware',
 'scrapy.downloadermiddlewares.redirect.MetaRefreshMiddleware',
 'scrapy.downloadermiddlewares.httpcompression.HttpCompressionMiddleware',
 'scrapy.downloadermiddlewares.redirect.RedirectMiddleware',
 'scrapy.downloadermiddlewares.cookies.CookiesMiddleware',
 'scrapy.downloadermiddlewares.httpproxy.HttpProxyMiddleware',
 'scrapy.downloadermiddlewares.stats.DownloaderStats']
2025-03-23 11:43:53 [scrapy.middleware] INFO: Enabled spider middlewares:
['scrapy.spidermiddlewares.httperror.HttpErrorMiddleware',
 'scrapy.spidermiddlewares.referer.RefererMiddleware',
 'scrapy.spidermiddlewares.urllength.UrlLengthMiddleware',
 'scrapy.spidermiddlewares.depth.DepthMiddleware']
2025-03-23 11:43:53 [scrapy.middleware] INFO: Enabled item pipelines:
['bingo_scrapy.pipelines.CsvPipeline', 'bingo_scrapy.pipelines.DbPipeline']
2025-03-23 11:43:53 [scrapy.core.engine] INFO: Spider opened
2025-03-23 11:43:53 [root] INFO: Opening spider and establishing database connection.
2025-03-23 11:43:53 [root] INFO: DELETE_OLD_DATA: True
2025-03-23 11:43:53 [root] INFO: Table dropped.
2025-03-23 11:43:53 [root] INFO: Checking if table dbo.bingo exists.
2025-03-23 11:43:53 [root] INFO: Table dbo.bingo does not exist. Creating table.
2025-03-23 11:43:53 [root] INFO: Table dbo.bingo created successfully.
2025-03-23 11:43:53 [root] INFO: Database connection established and table checked/created.
2025-03-23 11:43:53 [scrapy.extensions.logstats] INFO: Crawled 0 pages (at 0 pages/min), scraped 0 items (at 0 items/min)
2025-03-23 11:43:53 [scrapy.extensions.telnet] INFO: Telnet console listening on 127.0.0.1:6023
2025-03-23 11:43:53 [root] INFO: Start date: 2024-01-01 00:00:00, End date: 2024-01-01 00:00:00
2025-03-23 11:43:53 [root] INFO: Start date: 2024-01-01 00:00:00, End date: 2024-01-01 00:00:00
2025-03-23 11:43:53 [root] INFO: Using START_DATE and END_DATE: ['2024-01-01']
2025-03-23 11:43:53 [root] INFO: 爬取日期: 2024-01-01
2025-03-23 11:43:53 [root] INFO: Processing page: https://api.taiwanlottery.com/TLCAPIWeB/Lottery/BingoResult?openDate=2024-01-01&pageNum=1&pageSize=1
2025-03-23 11:43:54 [root] INFO: Finished processing page: https://api.taiwanlottery.com/TLCAPIWeB/Lottery/BingoResult?openDate=2024-01-01&pageNum=21&pageSize=10
2025-03-23 11:43:54 [root] INFO: Item processed and committed to database.
2025-03-23 11:43:54 [root] INFO: Database connection closed after processing item.
2025-03-23 11:43:54 [scrapy.core.engine] INFO: Closing spider (finished)
2025-03-23 11:43:54 [root] INFO: Database connection closed.
2025-03-23 11:43:54 [scrapy.statscollectors] INFO: Dumping Scrapy stats:
{'downloader/request_bytes': 292,
 'downloader/request_count': 1,
 'downloader/request_method_count/GET': 1,
 'downloader/response_bytes': 1149,
 'downloader/response_count': 1,
 'downloader/response_status_count/200': 1,
 'elapsed_time_seconds': 1.333621,
 'finish_reason': 'finished',
 'finish_time': datetime.datetime(2025, 3, 23, 3, 43, 54, 892315, tzinfo=datetime.timezone.utc),
 'httpcompression/response_bytes': 1884,
 'httpcompression/response_count': 1,
 'item_scraped_count': 1,
 'items_per_minute': None,
 'log_count/INFO': 26,
 'response_received_count': 1,
 'responses_per_minute': None,
 'scheduler/dequeued': 1,
 'scheduler/dequeued/memory': 1,
 'scheduler/enqueued': 1,
 'scheduler/enqueued/memory': 1,
 'start_time': datetime.datetime(2025, 3, 23, 3, 43, 53, 558694, tzinfo=datetime.timezone.utc)}
2025-03-23 11:43:54 [scrapy.core.engine] INFO: Spider closed (finished)
2025-03-23 18:57:33 [scrapy.utils.log] INFO: Scrapy 2.12.0 started (bot: bingo_scrapy)
2025-03-23 18:57:33 [scrapy.utils.log] INFO: Versions: lxml 5.3.1.0, libxml2 2.11.7, cssselect 1.3.0, parsel 1.10.0, w3lib 2.3.1, Twisted 24.11.0, Python 3.11.0 (main, Oct 24 2022, 18:26:48) [MSC v.1933 64 bit (AMD64)], pyOpenSSL 25.0.0 (OpenSSL 3.4.1 11 Feb 2025), cryptography 44.0.2, Platform Windows-10-10.0.19045-SP0
2025-03-23 18:57:33 [scrapy.addons] INFO: Enabled addons:
[]
2025-03-23 18:57:33 [scrapy.extensions.telnet] INFO: Telnet Password: 1cbc50eebb734b2d
2025-03-23 18:57:33 [scrapy.middleware] INFO: Enabled extensions:
['scrapy.extensions.corestats.CoreStats',
 'scrapy.extensions.telnet.TelnetConsole',
 'scrapy.extensions.logstats.LogStats']
2025-03-23 18:57:33 [scrapy.crawler] INFO: Overridden settings:
{'BOT_NAME': 'bingo_scrapy',
 'LOG_FILE': 'bingo_spider.log',
 'LOG_LEVEL': 'INFO',
 'NEWSPIDER_MODULE': 'bingo_scrapy.spiders',
 'SPIDER_MODULES': ['bingo_scrapy.spiders']}
2025-03-23 18:57:34 [scrapy.middleware] INFO: Enabled downloader middlewares:
['scrapy.downloadermiddlewares.offsite.OffsiteMiddleware',
 'scrapy.downloadermiddlewares.httpauth.HttpAuthMiddleware',
 'scrapy.downloadermiddlewares.downloadtimeout.DownloadTimeoutMiddleware',
 'scrapy.downloadermiddlewares.defaultheaders.DefaultHeadersMiddleware',
 'scrapy.downloadermiddlewares.useragent.UserAgentMiddleware',
 'scrapy.downloadermiddlewares.retry.RetryMiddleware',
 'scrapy.downloadermiddlewares.redirect.MetaRefreshMiddleware',
 'scrapy.downloadermiddlewares.httpcompression.HttpCompressionMiddleware',
 'scrapy.downloadermiddlewares.redirect.RedirectMiddleware',
 'scrapy.downloadermiddlewares.cookies.CookiesMiddleware',
 'scrapy.downloadermiddlewares.httpproxy.HttpProxyMiddleware',
 'scrapy.downloadermiddlewares.stats.DownloaderStats']
2025-03-23 18:57:34 [scrapy.middleware] INFO: Enabled spider middlewares:
['scrapy.spidermiddlewares.httperror.HttpErrorMiddleware',
 'scrapy.spidermiddlewares.referer.RefererMiddleware',
 'scrapy.spidermiddlewares.urllength.UrlLengthMiddleware',
 'scrapy.spidermiddlewares.depth.DepthMiddleware']
2025-03-23 18:57:34 [scrapy.middleware] INFO: Enabled item pipelines:
['bingo_scrapy.pipelines.CsvPipeline', 'bingo_scrapy.pipelines.DbPipeline']
2025-03-23 18:57:34 [scrapy.core.engine] INFO: Spider opened
2025-03-23 18:57:34 [root] INFO: Opening spider and establishing database connection.
2025-03-23 18:57:34 [root] INFO: DELETE_OLD_DATA: True
2025-03-23 18:57:34 [root] INFO: Table dropped.
2025-03-23 18:57:34 [root] INFO: Checking if table dbo.bingo exists.
2025-03-23 18:57:34 [root] INFO: Table dbo.bingo does not exist. Creating table.
2025-03-23 18:57:34 [root] INFO: Table dbo.bingo created successfully.
2025-03-23 18:57:34 [root] INFO: Database connection established and table checked/created.
2025-03-23 18:57:34 [scrapy.extensions.logstats] INFO: Crawled 0 pages (at 0 pages/min), scraped 0 items (at 0 items/min)
2025-03-23 18:57:34 [scrapy.extensions.telnet] INFO: Telnet console listening on 127.0.0.1:6023
2025-03-23 18:57:34 [root] INFO: Start date: 2024-01-01 00:00:00, End date: 2024-01-01 00:00:00
2025-03-23 18:57:34 [root] INFO: Using START_DATE and END_DATE: ['2024-01-01']
2025-03-23 18:57:34 [root] INFO: 爬取日期: 2024-01-01
2025-03-23 18:57:34 [root] INFO: Processing page: https://api.taiwanlottery.com/TLCAPIWeB/Lottery/BingoResult?openDate=2024-01-01&pageNum=1&pageSize=1
2025-03-23 18:57:35 [root] INFO: Finished processing page: https://api.taiwanlottery.com/TLCAPIWeB/Lottery/BingoResult?openDate=2024-01-01&pageNum=21&pageSize=10
2025-03-23 18:57:35 [root] INFO: Item processed and committed to database.
2025-03-23 18:57:35 [root] INFO: Database connection closed after processing item.
2025-03-23 18:57:35 [scrapy.core.engine] INFO: Closing spider (finished)
2025-03-23 18:57:35 [root] INFO: Database connection closed.
2025-03-23 18:57:35 [scrapy.statscollectors] INFO: Dumping Scrapy stats:
{'downloader/request_bytes': 292,
 'downloader/request_count': 1,
 'downloader/request_method_count/GET': 1,
 'downloader/response_bytes': 1146,
 'downloader/response_count': 1,
 'downloader/response_status_count/200': 1,
 'elapsed_time_seconds': 1.289632,
 'finish_reason': 'finished',
 'finish_time': datetime.datetime(2025, 3, 23, 10, 57, 35, 549524, tzinfo=datetime.timezone.utc),
 'httpcompression/response_bytes': 1884,
 'httpcompression/response_count': 1,
 'item_scraped_count': 1,
 'items_per_minute': None,
 'log_count/INFO': 25,
 'response_received_count': 1,
 'responses_per_minute': None,
 'scheduler/dequeued': 1,
 'scheduler/dequeued/memory': 1,
 'scheduler/enqueued': 1,
 'scheduler/enqueued/memory': 1,
 'start_time': datetime.datetime(2025, 3, 23, 10, 57, 34, 259892, tzinfo=datetime.timezone.utc)}
2025-03-23 18:57:35 [scrapy.core.engine] INFO: Spider closed (finished)
2025-03-23 19:00:28 [scrapy.utils.log] INFO: Scrapy 2.12.0 started (bot: bingo_scrapy)
2025-03-23 19:00:28 [scrapy.utils.log] INFO: Versions: lxml 5.3.1.0, libxml2 2.11.7, cssselect 1.3.0, parsel 1.10.0, w3lib 2.3.1, Twisted 24.11.0, Python 3.11.0 (main, Oct 24 2022, 18:26:48) [MSC v.1933 64 bit (AMD64)], pyOpenSSL 25.0.0 (OpenSSL 3.4.1 11 Feb 2025), cryptography 44.0.2, Platform Windows-10-10.0.19045-SP0
2025-03-23 19:00:28 [scrapy.addons] INFO: Enabled addons:
[]
2025-03-23 19:00:28 [scrapy.extensions.telnet] INFO: Telnet Password: c00ff44ff07568af
2025-03-23 19:00:28 [scrapy.middleware] INFO: Enabled extensions:
['scrapy.extensions.corestats.CoreStats',
 'scrapy.extensions.telnet.TelnetConsole',
 'scrapy.extensions.logstats.LogStats']
2025-03-23 19:00:28 [scrapy.crawler] INFO: Overridden settings:
{'BOT_NAME': 'bingo_scrapy',
 'LOG_FILE': 'bingo_spider.log',
 'LOG_LEVEL': 'INFO',
 'NEWSPIDER_MODULE': 'bingo_scrapy.spiders',
 'SPIDER_MODULES': ['bingo_scrapy.spiders']}
2025-03-23 19:00:28 [scrapy.middleware] INFO: Enabled downloader middlewares:
['scrapy.downloadermiddlewares.offsite.OffsiteMiddleware',
 'scrapy.downloadermiddlewares.httpauth.HttpAuthMiddleware',
 'scrapy.downloadermiddlewares.downloadtimeout.DownloadTimeoutMiddleware',
 'scrapy.downloadermiddlewares.defaultheaders.DefaultHeadersMiddleware',
 'scrapy.downloadermiddlewares.useragent.UserAgentMiddleware',
 'scrapy.downloadermiddlewares.retry.RetryMiddleware',
 'scrapy.downloadermiddlewares.redirect.MetaRefreshMiddleware',
 'scrapy.downloadermiddlewares.httpcompression.HttpCompressionMiddleware',
 'scrapy.downloadermiddlewares.redirect.RedirectMiddleware',
 'scrapy.downloadermiddlewares.cookies.CookiesMiddleware',
 'scrapy.downloadermiddlewares.httpproxy.HttpProxyMiddleware',
 'scrapy.downloadermiddlewares.stats.DownloaderStats']
2025-03-23 19:00:28 [scrapy.middleware] INFO: Enabled spider middlewares:
['scrapy.spidermiddlewares.httperror.HttpErrorMiddleware',
 'scrapy.spidermiddlewares.referer.RefererMiddleware',
 'scrapy.spidermiddlewares.urllength.UrlLengthMiddleware',
 'scrapy.spidermiddlewares.depth.DepthMiddleware']
2025-03-23 19:00:28 [scrapy.middleware] INFO: Enabled item pipelines:
['bingo_scrapy.pipelines.CsvPipeline', 'bingo_scrapy.pipelines.DbPipeline']
2025-03-23 19:00:28 [scrapy.core.engine] INFO: Spider opened
2025-03-23 19:00:28 [root] INFO: Opening spider and establishing database connection.
2025-03-23 19:00:28 [root] INFO: DELETE_OLD_DATA: True
2025-03-23 19:00:28 [root] INFO: Table dropped.
2025-03-23 19:00:28 [root] INFO: Checking if table dbo.bingo exists.
2025-03-23 19:00:28 [root] INFO: Table dbo.bingo does not exist. Creating table.
2025-03-23 19:00:28 [root] INFO: Table dbo.bingo created successfully.
2025-03-23 19:00:28 [root] INFO: Database connection established and table checked/created.
2025-03-23 19:00:28 [scrapy.extensions.logstats] INFO: Crawled 0 pages (at 0 pages/min), scraped 0 items (at 0 items/min)
2025-03-23 19:00:28 [scrapy.extensions.telnet] INFO: Telnet console listening on 127.0.0.1:6023
2025-03-23 19:00:28 [root] INFO: Start date: 2024-01-01 00:00:00, End date: 2024-01-01 00:00:00
2025-03-23 19:00:28 [root] INFO: Using START_DATE and END_DATE: ['2024-01-01']
2025-03-23 19:00:28 [root] INFO: 爬取日期: 2024-01-01
2025-03-23 19:00:28 [root] INFO: Processing page: https://api.taiwanlottery.com/TLCAPIWeB/Lottery/BingoResult?openDate=2024-01-01&pageNum=1&pageSize=1
2025-03-23 19:00:29 [root] INFO: Finished processing page: https://api.taiwanlottery.com/TLCAPIWeB/Lottery/BingoResult?openDate=2024-01-01&pageNum=21&pageSize=10
2025-03-23 19:00:29 [root] INFO: Item processed and committed to database.
2025-03-23 19:00:29 [root] INFO: Database connection closed after processing item.
2025-03-23 19:00:29 [scrapy.core.engine] INFO: Closing spider (finished)
2025-03-23 19:00:29 [root] INFO: Database connection closed.
2025-03-23 19:00:29 [scrapy.statscollectors] INFO: Dumping Scrapy stats:
{'downloader/request_bytes': 292,
 'downloader/request_count': 1,
 'downloader/request_method_count/GET': 1,
 'downloader/response_bytes': 1146,
 'downloader/response_count': 1,
 'downloader/response_status_count/200': 1,
 'elapsed_time_seconds': 1.19637,
 'finish_reason': 'finished',
 'finish_time': datetime.datetime(2025, 3, 23, 11, 0, 29, 819727, tzinfo=datetime.timezone.utc),
 'httpcompression/response_bytes': 1884,
 'httpcompression/response_count': 1,
 'item_scraped_count': 1,
 'items_per_minute': None,
 'log_count/INFO': 25,
 'response_received_count': 1,
 'responses_per_minute': None,
 'scheduler/dequeued': 1,
 'scheduler/dequeued/memory': 1,
 'scheduler/enqueued': 1,
 'scheduler/enqueued/memory': 1,
 'start_time': datetime.datetime(2025, 3, 23, 11, 0, 28, 623357, tzinfo=datetime.timezone.utc)}
2025-03-23 19:00:29 [scrapy.core.engine] INFO: Spider closed (finished)
2025-03-23 19:01:33 [scrapy.utils.log] INFO: Scrapy 2.12.0 started (bot: bingo_scrapy)
2025-03-23 19:01:33 [scrapy.utils.log] INFO: Versions: lxml 5.3.1.0, libxml2 2.11.7, cssselect 1.3.0, parsel 1.10.0, w3lib 2.3.1, Twisted 24.11.0, Python 3.11.0 (main, Oct 24 2022, 18:26:48) [MSC v.1933 64 bit (AMD64)], pyOpenSSL 25.0.0 (OpenSSL 3.4.1 11 Feb 2025), cryptography 44.0.2, Platform Windows-10-10.0.19045-SP0
2025-03-23 19:01:33 [scrapy.addons] INFO: Enabled addons:
[]
2025-03-23 19:01:33 [scrapy.extensions.telnet] INFO: Telnet Password: f011de9ee1064beb
2025-03-23 19:01:33 [scrapy.middleware] INFO: Enabled extensions:
['scrapy.extensions.corestats.CoreStats',
 'scrapy.extensions.telnet.TelnetConsole',
 'scrapy.extensions.logstats.LogStats']
2025-03-23 19:01:33 [scrapy.crawler] INFO: Overridden settings:
{'BOT_NAME': 'bingo_scrapy',
 'LOG_FILE': 'bingo_spider.log',
 'LOG_LEVEL': 'INFO',
 'NEWSPIDER_MODULE': 'bingo_scrapy.spiders',
 'SPIDER_MODULES': ['bingo_scrapy.spiders']}
2025-03-23 19:01:33 [scrapy.middleware] INFO: Enabled downloader middlewares:
['scrapy.downloadermiddlewares.offsite.OffsiteMiddleware',
 'scrapy.downloadermiddlewares.httpauth.HttpAuthMiddleware',
 'scrapy.downloadermiddlewares.downloadtimeout.DownloadTimeoutMiddleware',
 'scrapy.downloadermiddlewares.defaultheaders.DefaultHeadersMiddleware',
 'scrapy.downloadermiddlewares.useragent.UserAgentMiddleware',
 'scrapy.downloadermiddlewares.retry.RetryMiddleware',
 'scrapy.downloadermiddlewares.redirect.MetaRefreshMiddleware',
 'scrapy.downloadermiddlewares.httpcompression.HttpCompressionMiddleware',
 'scrapy.downloadermiddlewares.redirect.RedirectMiddleware',
 'scrapy.downloadermiddlewares.cookies.CookiesMiddleware',
 'scrapy.downloadermiddlewares.httpproxy.HttpProxyMiddleware',
 'scrapy.downloadermiddlewares.stats.DownloaderStats']
2025-03-23 19:01:33 [scrapy.middleware] INFO: Enabled spider middlewares:
['scrapy.spidermiddlewares.httperror.HttpErrorMiddleware',
 'scrapy.spidermiddlewares.referer.RefererMiddleware',
 'scrapy.spidermiddlewares.urllength.UrlLengthMiddleware',
 'scrapy.spidermiddlewares.depth.DepthMiddleware']
2025-03-23 19:01:34 [scrapy.middleware] INFO: Enabled item pipelines:
['bingo_scrapy.pipelines.CsvPipeline', 'bingo_scrapy.pipelines.DbPipeline']
2025-03-23 19:01:34 [scrapy.core.engine] INFO: Spider opened
2025-03-23 19:01:34 [root] INFO: Opening spider and establishing database connection.
2025-03-23 19:01:34 [root] INFO: DELETE_OLD_DATA: True
2025-03-23 19:01:34 [root] INFO: Table dropped.
2025-03-23 19:01:34 [root] INFO: Checking if table dbo.bingo exists.
2025-03-23 19:01:34 [root] INFO: Table dbo.bingo does not exist. Creating table.
2025-03-23 19:01:34 [root] INFO: Table dbo.bingo created successfully.
2025-03-23 19:01:34 [root] INFO: Database connection established and table checked/created.
2025-03-23 19:01:34 [scrapy.extensions.logstats] INFO: Crawled 0 pages (at 0 pages/min), scraped 0 items (at 0 items/min)
2025-03-23 19:01:34 [scrapy.extensions.telnet] INFO: Telnet console listening on 127.0.0.1:6023
2025-03-23 19:01:34 [root] INFO: Start date: 2024-01-01 00:00:00, End date: 2024-01-01 00:00:00
2025-03-23 19:01:34 [root] INFO: Using START_DATE and END_DATE: ['2024-01-01']
2025-03-23 19:01:34 [root] INFO: 爬取日期: 2024-01-01
2025-03-23 19:01:34 [root] INFO: Processing page: https://api.taiwanlottery.com/TLCAPIWeB/Lottery/BingoResult?openDate=2024-01-01&pageNum=1&pageSize=1
2025-03-23 19:01:35 [root] INFO: Finished processing page: https://api.taiwanlottery.com/TLCAPIWeB/Lottery/BingoResult?openDate=2024-01-01&pageNum=21&pageSize=10
2025-03-23 19:01:35 [root] INFO: Item processed and committed to database.
2025-03-23 19:01:35 [root] INFO: Database connection closed after processing item.
2025-03-23 19:01:35 [scrapy.core.engine] INFO: Closing spider (finished)
2025-03-23 19:01:35 [root] INFO: Database connection closed.
2025-03-23 19:01:35 [scrapy.statscollectors] INFO: Dumping Scrapy stats:
{'downloader/request_bytes': 292,
 'downloader/request_count': 1,
 'downloader/request_method_count/GET': 1,
 'downloader/response_bytes': 1146,
 'downloader/response_count': 1,
 'downloader/response_status_count/200': 1,
 'elapsed_time_seconds': 1.336178,
 'finish_reason': 'finished',
 'finish_time': datetime.datetime(2025, 3, 23, 11, 1, 35, 439447, tzinfo=datetime.timezone.utc),
 'httpcompression/response_bytes': 1884,
 'httpcompression/response_count': 1,
 'item_scraped_count': 1,
 'items_per_minute': None,
 'log_count/INFO': 25,
 'response_received_count': 1,
 'responses_per_minute': None,
 'scheduler/dequeued': 1,
 'scheduler/dequeued/memory': 1,
 'scheduler/enqueued': 1,
 'scheduler/enqueued/memory': 1,
 'start_time': datetime.datetime(2025, 3, 23, 11, 1, 34, 103269, tzinfo=datetime.timezone.utc)}
2025-03-23 19:01:35 [scrapy.core.engine] INFO: Spider closed (finished)
2025-03-23 19:01:58 [scrapy.utils.log] INFO: Scrapy 2.12.0 started (bot: bingo_scrapy)
2025-03-23 19:01:58 [scrapy.utils.log] INFO: Versions: lxml 5.3.1.0, libxml2 2.11.7, cssselect 1.3.0, parsel 1.10.0, w3lib 2.3.1, Twisted 24.11.0, Python 3.11.0 (main, Oct 24 2022, 18:26:48) [MSC v.1933 64 bit (AMD64)], pyOpenSSL 25.0.0 (OpenSSL 3.4.1 11 Feb 2025), cryptography 44.0.2, Platform Windows-10-10.0.19045-SP0
2025-03-23 19:01:58 [scrapy.addons] INFO: Enabled addons:
[]
2025-03-23 19:01:58 [scrapy.extensions.telnet] INFO: Telnet Password: 360f131fb086cf21
2025-03-23 19:01:58 [scrapy.middleware] INFO: Enabled extensions:
['scrapy.extensions.corestats.CoreStats',
 'scrapy.extensions.telnet.TelnetConsole',
 'scrapy.extensions.logstats.LogStats']
2025-03-23 19:01:58 [scrapy.crawler] INFO: Overridden settings:
{'BOT_NAME': 'bingo_scrapy',
 'LOG_FILE': 'bingo_spider.log',
 'LOG_LEVEL': 'INFO',
 'NEWSPIDER_MODULE': 'bingo_scrapy.spiders',
 'SPIDER_MODULES': ['bingo_scrapy.spiders']}
2025-03-23 19:01:58 [scrapy.middleware] INFO: Enabled downloader middlewares:
['scrapy.downloadermiddlewares.offsite.OffsiteMiddleware',
 'scrapy.downloadermiddlewares.httpauth.HttpAuthMiddleware',
 'scrapy.downloadermiddlewares.downloadtimeout.DownloadTimeoutMiddleware',
 'scrapy.downloadermiddlewares.defaultheaders.DefaultHeadersMiddleware',
 'scrapy.downloadermiddlewares.useragent.UserAgentMiddleware',
 'scrapy.downloadermiddlewares.retry.RetryMiddleware',
 'scrapy.downloadermiddlewares.redirect.MetaRefreshMiddleware',
 'scrapy.downloadermiddlewares.httpcompression.HttpCompressionMiddleware',
 'scrapy.downloadermiddlewares.redirect.RedirectMiddleware',
 'scrapy.downloadermiddlewares.cookies.CookiesMiddleware',
 'scrapy.downloadermiddlewares.httpproxy.HttpProxyMiddleware',
 'scrapy.downloadermiddlewares.stats.DownloaderStats']
2025-03-23 19:01:58 [scrapy.middleware] INFO: Enabled spider middlewares:
['scrapy.spidermiddlewares.httperror.HttpErrorMiddleware',
 'scrapy.spidermiddlewares.referer.RefererMiddleware',
 'scrapy.spidermiddlewares.urllength.UrlLengthMiddleware',
 'scrapy.spidermiddlewares.depth.DepthMiddleware']
2025-03-23 19:01:58 [scrapy.middleware] INFO: Enabled item pipelines:
['bingo_scrapy.pipelines.CsvPipeline', 'bingo_scrapy.pipelines.DbPipeline']
2025-03-23 19:01:58 [scrapy.core.engine] INFO: Spider opened
2025-03-23 19:01:58 [root] INFO: Opening spider and establishing database connection.
2025-03-23 19:01:58 [root] INFO: DELETE_OLD_DATA: True
2025-03-23 19:01:58 [root] INFO: Table dropped.
2025-03-23 19:01:58 [root] INFO: Checking if table dbo.bingo exists.
2025-03-23 19:01:58 [root] INFO: Table dbo.bingo does not exist. Creating table.
2025-03-23 19:01:58 [root] INFO: Table dbo.bingo created successfully.
2025-03-23 19:01:58 [root] INFO: Database connection established and table checked/created.
2025-03-23 19:01:58 [scrapy.extensions.logstats] INFO: Crawled 0 pages (at 0 pages/min), scraped 0 items (at 0 items/min)
2025-03-23 19:01:58 [scrapy.extensions.telnet] INFO: Telnet console listening on 127.0.0.1:6023
2025-03-23 19:01:58 [root] INFO: Start date: 2024-01-01 00:00:00, End date: 2024-01-01 00:00:00
2025-03-23 19:01:58 [root] INFO: Using START_DATE and END_DATE: ['2024-01-01']
2025-03-23 19:01:58 [root] INFO: 爬取日期: 2024-01-01
2025-03-23 19:01:58 [root] INFO: Processing page: https://api.taiwanlottery.com/TLCAPIWeB/Lottery/BingoResult?openDate=2024-01-01&pageNum=1&pageSize=1
2025-03-23 19:01:58 [root] INFO: Finished processing page: https://api.taiwanlottery.com/TLCAPIWeB/Lottery/BingoResult?openDate=2024-01-01&pageNum=21&pageSize=10
2025-03-23 19:01:59 [root] INFO: Item processed and committed to database.
2025-03-23 19:01:59 [root] INFO: Database connection closed after processing item.
2025-03-23 19:01:59 [scrapy.core.engine] INFO: Closing spider (finished)
2025-03-23 19:01:59 [root] INFO: Database connection closed.
2025-03-23 19:01:59 [scrapy.statscollectors] INFO: Dumping Scrapy stats:
{'downloader/request_bytes': 292,
 'downloader/request_count': 1,
 'downloader/request_method_count/GET': 1,
 'downloader/response_bytes': 1127,
 'downloader/response_count': 1,
 'downloader/response_status_count/200': 1,
 'elapsed_time_seconds': 0.662334,
 'finish_reason': 'finished',
 'finish_time': datetime.datetime(2025, 3, 23, 11, 1, 59, 224106, tzinfo=datetime.timezone.utc),
 'httpcompression/response_bytes': 1884,
 'httpcompression/response_count': 1,
 'item_scraped_count': 1,
 'items_per_minute': None,
 'log_count/INFO': 25,
 'response_received_count': 1,
 'responses_per_minute': None,
 'scheduler/dequeued': 1,
 'scheduler/dequeued/memory': 1,
 'scheduler/enqueued': 1,
 'scheduler/enqueued/memory': 1,
 'start_time': datetime.datetime(2025, 3, 23, 11, 1, 58, 561772, tzinfo=datetime.timezone.utc)}
2025-03-23 19:01:59 [scrapy.core.engine] INFO: Spider closed (finished)
2025-03-23 19:02:51 [scrapy.utils.log] INFO: Scrapy 2.12.0 started (bot: bingo_scrapy)
2025-03-23 19:02:51 [scrapy.utils.log] INFO: Versions: lxml 5.3.1.0, libxml2 2.11.7, cssselect 1.3.0, parsel 1.10.0, w3lib 2.3.1, Twisted 24.11.0, Python 3.11.0 (main, Oct 24 2022, 18:26:48) [MSC v.1933 64 bit (AMD64)], pyOpenSSL 25.0.0 (OpenSSL 3.4.1 11 Feb 2025), cryptography 44.0.2, Platform Windows-10-10.0.19045-SP0
2025-03-23 19:02:51 [scrapy.addons] INFO: Enabled addons:
[]
2025-03-23 19:02:51 [scrapy.extensions.telnet] INFO: Telnet Password: e3460266c445e1f5
2025-03-23 19:02:51 [scrapy.middleware] INFO: Enabled extensions:
['scrapy.extensions.corestats.CoreStats',
 'scrapy.extensions.telnet.TelnetConsole',
 'scrapy.extensions.logstats.LogStats']
2025-03-23 19:02:51 [scrapy.crawler] INFO: Overridden settings:
{'BOT_NAME': 'bingo_scrapy',
 'LOG_FILE': 'bingo_spider.log',
 'LOG_LEVEL': 'INFO',
 'NEWSPIDER_MODULE': 'bingo_scrapy.spiders',
 'SPIDER_MODULES': ['bingo_scrapy.spiders']}
2025-03-23 19:02:51 [scrapy.middleware] INFO: Enabled downloader middlewares:
['scrapy.downloadermiddlewares.offsite.OffsiteMiddleware',
 'scrapy.downloadermiddlewares.httpauth.HttpAuthMiddleware',
 'scrapy.downloadermiddlewares.downloadtimeout.DownloadTimeoutMiddleware',
 'scrapy.downloadermiddlewares.defaultheaders.DefaultHeadersMiddleware',
 'scrapy.downloadermiddlewares.useragent.UserAgentMiddleware',
 'scrapy.downloadermiddlewares.retry.RetryMiddleware',
 'scrapy.downloadermiddlewares.redirect.MetaRefreshMiddleware',
 'scrapy.downloadermiddlewares.httpcompression.HttpCompressionMiddleware',
 'scrapy.downloadermiddlewares.redirect.RedirectMiddleware',
 'scrapy.downloadermiddlewares.cookies.CookiesMiddleware',
 'scrapy.downloadermiddlewares.httpproxy.HttpProxyMiddleware',
 'scrapy.downloadermiddlewares.stats.DownloaderStats']
2025-03-23 19:02:52 [scrapy.middleware] INFO: Enabled spider middlewares:
['scrapy.spidermiddlewares.httperror.HttpErrorMiddleware',
 'scrapy.spidermiddlewares.referer.RefererMiddleware',
 'scrapy.spidermiddlewares.urllength.UrlLengthMiddleware',
 'scrapy.spidermiddlewares.depth.DepthMiddleware']
2025-03-23 19:02:52 [scrapy.middleware] INFO: Enabled item pipelines:
['bingo_scrapy.pipelines.CsvPipeline', 'bingo_scrapy.pipelines.DbPipeline']
2025-03-23 19:02:52 [scrapy.core.engine] INFO: Spider opened
2025-03-23 19:02:52 [root] INFO: Opening spider and establishing database connection.
2025-03-23 19:02:52 [root] INFO: DELETE_OLD_DATA: True
2025-03-23 19:02:52 [root] INFO: Table dropped.
2025-03-23 19:02:52 [root] INFO: Checking if table dbo.bingo exists.
2025-03-23 19:02:52 [root] INFO: Table dbo.bingo does not exist. Creating table.
2025-03-23 19:02:52 [root] INFO: Table dbo.bingo created successfully.
2025-03-23 19:02:52 [root] INFO: Database connection established and table checked/created.
2025-03-23 19:02:52 [scrapy.extensions.logstats] INFO: Crawled 0 pages (at 0 pages/min), scraped 0 items (at 0 items/min)
2025-03-23 19:02:52 [scrapy.extensions.telnet] INFO: Telnet console listening on 127.0.0.1:6023
2025-03-23 19:02:52 [root] INFO: Start date: 2024-01-01 00:00:00, End date: 2024-01-01 00:00:00
2025-03-23 19:02:52 [root] INFO: Using START_DATE and END_DATE: ['2024-01-01']
2025-03-23 19:02:52 [root] INFO: 爬取日期: 2024-01-01
2025-03-23 19:02:52 [root] INFO: Processing page: https://api.taiwanlottery.com/TLCAPIWeB/Lottery/BingoResult?openDate=2024-01-01&pageNum=1&pageSize=1
2025-03-23 19:02:53 [root] INFO: Finished processing page: https://api.taiwanlottery.com/TLCAPIWeB/Lottery/BingoResult?openDate=2024-01-01&pageNum=21&pageSize=10
2025-03-23 19:02:53 [root] INFO: Item processed and committed to database.
2025-03-23 19:02:53 [root] INFO: Database connection closed after processing item.
2025-03-23 19:02:53 [scrapy.core.engine] INFO: Closing spider (finished)
2025-03-23 19:02:53 [root] INFO: Database connection closed.
2025-03-23 19:02:53 [scrapy.statscollectors] INFO: Dumping Scrapy stats:
{'downloader/request_bytes': 292,
 'downloader/request_count': 1,
 'downloader/request_method_count/GET': 1,
 'downloader/response_bytes': 1146,
 'downloader/response_count': 1,
 'downloader/response_status_count/200': 1,
 'elapsed_time_seconds': 1.432654,
 'finish_reason': 'finished',
 'finish_time': datetime.datetime(2025, 3, 23, 11, 2, 53, 527872, tzinfo=datetime.timezone.utc),
 'httpcompression/response_bytes': 1884,
 'httpcompression/response_count': 1,
 'item_scraped_count': 1,
 'items_per_minute': None,
 'log_count/INFO': 25,
 'response_received_count': 1,
 'responses_per_minute': None,
 'scheduler/dequeued': 1,
 'scheduler/dequeued/memory': 1,
 'scheduler/enqueued': 1,
 'scheduler/enqueued/memory': 1,
 'start_time': datetime.datetime(2025, 3, 23, 11, 2, 52, 95218, tzinfo=datetime.timezone.utc)}
2025-03-23 19:02:53 [scrapy.core.engine] INFO: Spider closed (finished)
2025-03-23 19:04:34 [scrapy.utils.log] INFO: Scrapy 2.12.0 started (bot: bingo_scrapy)
2025-03-23 19:04:34 [scrapy.utils.log] INFO: Versions: lxml 5.3.1.0, libxml2 2.11.7, cssselect 1.3.0, parsel 1.10.0, w3lib 2.3.1, Twisted 24.11.0, Python 3.11.0 (main, Oct 24 2022, 18:26:48) [MSC v.1933 64 bit (AMD64)], pyOpenSSL 25.0.0 (OpenSSL 3.4.1 11 Feb 2025), cryptography 44.0.2, Platform Windows-10-10.0.19045-SP0
2025-03-23 19:04:34 [scrapy.addons] INFO: Enabled addons:
[]
2025-03-23 19:04:34 [scrapy.extensions.telnet] INFO: Telnet Password: 919a2f2a8172d24e
2025-03-23 19:04:34 [scrapy.middleware] INFO: Enabled extensions:
['scrapy.extensions.corestats.CoreStats',
 'scrapy.extensions.telnet.TelnetConsole',
 'scrapy.extensions.logstats.LogStats']
2025-03-23 19:04:34 [scrapy.crawler] INFO: Overridden settings:
{'BOT_NAME': 'bingo_scrapy',
 'LOG_FILE': 'bingo_spider.log',
 'LOG_LEVEL': 'INFO',
 'NEWSPIDER_MODULE': 'bingo_scrapy.spiders',
 'SPIDER_MODULES': ['bingo_scrapy.spiders']}
2025-03-23 19:04:35 [scrapy.middleware] INFO: Enabled downloader middlewares:
['scrapy.downloadermiddlewares.offsite.OffsiteMiddleware',
 'scrapy.downloadermiddlewares.httpauth.HttpAuthMiddleware',
 'scrapy.downloadermiddlewares.downloadtimeout.DownloadTimeoutMiddleware',
 'scrapy.downloadermiddlewares.defaultheaders.DefaultHeadersMiddleware',
 'scrapy.downloadermiddlewares.useragent.UserAgentMiddleware',
 'scrapy.downloadermiddlewares.retry.RetryMiddleware',
 'scrapy.downloadermiddlewares.redirect.MetaRefreshMiddleware',
 'scrapy.downloadermiddlewares.httpcompression.HttpCompressionMiddleware',
 'scrapy.downloadermiddlewares.redirect.RedirectMiddleware',
 'scrapy.downloadermiddlewares.cookies.CookiesMiddleware',
 'scrapy.downloadermiddlewares.httpproxy.HttpProxyMiddleware',
 'scrapy.downloadermiddlewares.stats.DownloaderStats']
2025-03-23 19:04:35 [scrapy.middleware] INFO: Enabled spider middlewares:
['scrapy.spidermiddlewares.httperror.HttpErrorMiddleware',
 'scrapy.spidermiddlewares.referer.RefererMiddleware',
 'scrapy.spidermiddlewares.urllength.UrlLengthMiddleware',
 'scrapy.spidermiddlewares.depth.DepthMiddleware']
2025-03-23 19:04:35 [scrapy.middleware] INFO: Enabled item pipelines:
['bingo_scrapy.pipelines.CsvPipeline', 'bingo_scrapy.pipelines.DbPipeline']
2025-03-23 19:04:35 [scrapy.core.engine] INFO: Spider opened
2025-03-23 19:04:35 [root] INFO: Opening spider and establishing database connection.
2025-03-23 19:04:35 [root] INFO: DELETE_OLD_DATA: True
2025-03-23 19:04:35 [root] INFO: Table dropped.
2025-03-23 19:04:35 [root] INFO: Checking if table dbo.bingo exists.
2025-03-23 19:04:35 [root] INFO: Table dbo.bingo does not exist. Creating table.
2025-03-23 19:04:35 [root] INFO: Table dbo.bingo created successfully.
2025-03-23 19:04:35 [root] INFO: Database connection established and table checked/created.
2025-03-23 19:04:35 [scrapy.extensions.logstats] INFO: Crawled 0 pages (at 0 pages/min), scraped 0 items (at 0 items/min)
2025-03-23 19:04:35 [scrapy.extensions.telnet] INFO: Telnet console listening on 127.0.0.1:6023
2025-03-23 19:04:35 [root] INFO: Using CRAWL_DATE: ['2024-01-02']
2025-03-23 19:04:35 [root] INFO: 爬取日期: 2024-01-02
2025-03-23 19:04:35 [root] INFO: Processing page: https://api.taiwanlottery.com/TLCAPIWeB/Lottery/BingoResult?openDate=2024-01-02&pageNum=1&pageSize=1
2025-03-23 19:04:36 [root] INFO: Finished processing page: https://api.taiwanlottery.com/TLCAPIWeB/Lottery/BingoResult?openDate=2024-01-02&pageNum=21&pageSize=10
2025-03-23 19:04:36 [root] INFO: Item processed and committed to database.
2025-03-23 19:04:36 [root] INFO: Database connection closed after processing item.
2025-03-23 19:04:36 [scrapy.core.engine] INFO: Closing spider (finished)
2025-03-23 19:04:36 [root] INFO: Database connection closed.
2025-03-23 19:04:36 [scrapy.statscollectors] INFO: Dumping Scrapy stats:
{'downloader/request_bytes': 292,
 'downloader/request_count': 1,
 'downloader/request_method_count/GET': 1,
 'downloader/response_bytes': 1131,
 'downloader/response_count': 1,
 'downloader/response_status_count/200': 1,
 'elapsed_time_seconds': 1.374079,
 'finish_reason': 'finished',
 'finish_time': datetime.datetime(2025, 3, 23, 11, 4, 36, 553242, tzinfo=datetime.timezone.utc),
 'httpcompression/response_bytes': 1883,
 'httpcompression/response_count': 1,
 'item_scraped_count': 1,
 'items_per_minute': None,
 'log_count/INFO': 24,
 'response_received_count': 1,
 'responses_per_minute': None,
 'scheduler/dequeued': 1,
 'scheduler/dequeued/memory': 1,
 'scheduler/enqueued': 1,
 'scheduler/enqueued/memory': 1,
 'start_time': datetime.datetime(2025, 3, 23, 11, 4, 35, 179163, tzinfo=datetime.timezone.utc)}
2025-03-23 19:04:36 [scrapy.core.engine] INFO: Spider closed (finished)
2025-03-23 19:05:29 [scrapy.utils.log] INFO: Scrapy 2.12.0 started (bot: bingo_scrapy)
2025-03-23 19:05:29 [scrapy.utils.log] INFO: Versions: lxml 5.3.1.0, libxml2 2.11.7, cssselect 1.3.0, parsel 1.10.0, w3lib 2.3.1, Twisted 24.11.0, Python 3.11.0 (main, Oct 24 2022, 18:26:48) [MSC v.1933 64 bit (AMD64)], pyOpenSSL 25.0.0 (OpenSSL 3.4.1 11 Feb 2025), cryptography 44.0.2, Platform Windows-10-10.0.19045-SP0
2025-03-23 19:05:29 [scrapy.addons] INFO: Enabled addons:
[]
2025-03-23 19:05:29 [scrapy.extensions.telnet] INFO: Telnet Password: d3e352a9c7952fa4
2025-03-23 19:05:29 [scrapy.middleware] INFO: Enabled extensions:
['scrapy.extensions.corestats.CoreStats',
 'scrapy.extensions.telnet.TelnetConsole',
 'scrapy.extensions.logstats.LogStats']
2025-03-23 19:05:29 [scrapy.crawler] INFO: Overridden settings:
{'BOT_NAME': 'bingo_scrapy',
 'LOG_FILE': 'bingo_spider.log',
 'LOG_LEVEL': 'INFO',
 'NEWSPIDER_MODULE': 'bingo_scrapy.spiders',
 'SPIDER_MODULES': ['bingo_scrapy.spiders']}
2025-03-23 19:05:29 [scrapy.middleware] INFO: Enabled downloader middlewares:
['scrapy.downloadermiddlewares.offsite.OffsiteMiddleware',
 'scrapy.downloadermiddlewares.httpauth.HttpAuthMiddleware',
 'scrapy.downloadermiddlewares.downloadtimeout.DownloadTimeoutMiddleware',
 'scrapy.downloadermiddlewares.defaultheaders.DefaultHeadersMiddleware',
 'scrapy.downloadermiddlewares.useragent.UserAgentMiddleware',
 'scrapy.downloadermiddlewares.retry.RetryMiddleware',
 'scrapy.downloadermiddlewares.redirect.MetaRefreshMiddleware',
 'scrapy.downloadermiddlewares.httpcompression.HttpCompressionMiddleware',
 'scrapy.downloadermiddlewares.redirect.RedirectMiddleware',
 'scrapy.downloadermiddlewares.cookies.CookiesMiddleware',
 'scrapy.downloadermiddlewares.httpproxy.HttpProxyMiddleware',
 'scrapy.downloadermiddlewares.stats.DownloaderStats']
2025-03-23 19:05:29 [scrapy.middleware] INFO: Enabled spider middlewares:
['scrapy.spidermiddlewares.httperror.HttpErrorMiddleware',
 'scrapy.spidermiddlewares.referer.RefererMiddleware',
 'scrapy.spidermiddlewares.urllength.UrlLengthMiddleware',
 'scrapy.spidermiddlewares.depth.DepthMiddleware']
2025-03-23 19:05:29 [scrapy.middleware] INFO: Enabled item pipelines:
['bingo_scrapy.pipelines.CsvPipeline', 'bingo_scrapy.pipelines.DbPipeline']
2025-03-23 19:05:29 [scrapy.core.engine] INFO: Spider opened
2025-03-23 19:05:29 [root] INFO: Opening spider and establishing database connection.
2025-03-23 19:05:29 [root] INFO: DELETE_OLD_DATA: True
2025-03-23 19:05:29 [root] INFO: Table dropped.
2025-03-23 19:05:29 [root] INFO: Checking if table dbo.bingo exists.
2025-03-23 19:05:29 [root] INFO: Table dbo.bingo does not exist. Creating table.
2025-03-23 19:05:29 [root] INFO: Table dbo.bingo created successfully.
2025-03-23 19:05:29 [root] INFO: Database connection established and table checked/created.
2025-03-23 19:05:29 [scrapy.extensions.logstats] INFO: Crawled 0 pages (at 0 pages/min), scraped 0 items (at 0 items/min)
2025-03-23 19:05:29 [scrapy.extensions.telnet] INFO: Telnet console listening on 127.0.0.1:6023
2025-03-23 19:05:29 [root] INFO: Start date: 2024-01-01 00:00:00, End date: 2024-01-01 00:00:00
2025-03-23 19:05:29 [root] INFO: Using START_DATE and END_DATE: ['2024-01-01']
2025-03-23 19:05:29 [root] INFO: 爬取日期: 2024-01-01
2025-03-23 19:05:29 [root] INFO: Processing page: https://api.taiwanlottery.com/TLCAPIWeB/Lottery/BingoResult?openDate=2024-01-01&pageNum=1&pageSize=1
2025-03-23 19:05:30 [root] INFO: Finished processing page: https://api.taiwanlottery.com/TLCAPIWeB/Lottery/BingoResult?openDate=2024-01-01&pageNum=21&pageSize=10
2025-03-23 19:05:30 [root] INFO: Item processed and committed to database.
2025-03-23 19:05:30 [root] INFO: Database connection closed after processing item.
2025-03-23 19:05:30 [scrapy.core.engine] INFO: Closing spider (finished)
2025-03-23 19:05:30 [root] INFO: Database connection closed.
2025-03-23 19:05:30 [scrapy.statscollectors] INFO: Dumping Scrapy stats:
{'downloader/request_bytes': 292,
 'downloader/request_count': 1,
 'downloader/request_method_count/GET': 1,
 'downloader/response_bytes': 1146,
 'downloader/response_count': 1,
 'downloader/response_status_count/200': 1,
 'elapsed_time_seconds': 1.301986,
 'finish_reason': 'finished',
 'finish_time': datetime.datetime(2025, 3, 23, 11, 5, 30, 815238, tzinfo=datetime.timezone.utc),
 'httpcompression/response_bytes': 1884,
 'httpcompression/response_count': 1,
 'item_scraped_count': 1,
 'items_per_minute': None,
 'log_count/INFO': 25,
 'response_received_count': 1,
 'responses_per_minute': None,
 'scheduler/dequeued': 1,
 'scheduler/dequeued/memory': 1,
 'scheduler/enqueued': 1,
 'scheduler/enqueued/memory': 1,
 'start_time': datetime.datetime(2025, 3, 23, 11, 5, 29, 513252, tzinfo=datetime.timezone.utc)}
2025-03-23 19:05:30 [scrapy.core.engine] INFO: Spider closed (finished)
2025-03-23 19:06:59 [scrapy.utils.log] INFO: Scrapy 2.12.0 started (bot: bingo_scrapy)
2025-03-23 19:06:59 [scrapy.utils.log] INFO: Versions: lxml 5.3.1.0, libxml2 2.11.7, cssselect 1.3.0, parsel 1.10.0, w3lib 2.3.1, Twisted 24.11.0, Python 3.11.0 (main, Oct 24 2022, 18:26:48) [MSC v.1933 64 bit (AMD64)], pyOpenSSL 25.0.0 (OpenSSL 3.4.1 11 Feb 2025), cryptography 44.0.2, Platform Windows-10-10.0.19045-SP0
2025-03-23 19:06:59 [scrapy.addons] INFO: Enabled addons:
[]
2025-03-23 19:06:59 [scrapy.extensions.telnet] INFO: Telnet Password: eb537266211fe6eb
2025-03-23 19:06:59 [scrapy.middleware] INFO: Enabled extensions:
['scrapy.extensions.corestats.CoreStats',
 'scrapy.extensions.telnet.TelnetConsole',
 'scrapy.extensions.logstats.LogStats']
2025-03-23 19:06:59 [scrapy.crawler] INFO: Overridden settings:
{'BOT_NAME': 'bingo_scrapy',
 'LOG_FILE': 'bingo_spider.log',
 'LOG_LEVEL': 'INFO',
 'NEWSPIDER_MODULE': 'bingo_scrapy.spiders',
 'SPIDER_MODULES': ['bingo_scrapy.spiders']}
2025-03-23 19:06:59 [scrapy.middleware] INFO: Enabled downloader middlewares:
['scrapy.downloadermiddlewares.offsite.OffsiteMiddleware',
 'scrapy.downloadermiddlewares.httpauth.HttpAuthMiddleware',
 'scrapy.downloadermiddlewares.downloadtimeout.DownloadTimeoutMiddleware',
 'scrapy.downloadermiddlewares.defaultheaders.DefaultHeadersMiddleware',
 'scrapy.downloadermiddlewares.useragent.UserAgentMiddleware',
 'scrapy.downloadermiddlewares.retry.RetryMiddleware',
 'scrapy.downloadermiddlewares.redirect.MetaRefreshMiddleware',
 'scrapy.downloadermiddlewares.httpcompression.HttpCompressionMiddleware',
 'scrapy.downloadermiddlewares.redirect.RedirectMiddleware',
 'scrapy.downloadermiddlewares.cookies.CookiesMiddleware',
 'scrapy.downloadermiddlewares.httpproxy.HttpProxyMiddleware',
 'scrapy.downloadermiddlewares.stats.DownloaderStats']
2025-03-23 19:06:59 [scrapy.middleware] INFO: Enabled spider middlewares:
['scrapy.spidermiddlewares.httperror.HttpErrorMiddleware',
 'scrapy.spidermiddlewares.referer.RefererMiddleware',
 'scrapy.spidermiddlewares.urllength.UrlLengthMiddleware',
 'scrapy.spidermiddlewares.depth.DepthMiddleware']
2025-03-23 19:06:59 [scrapy.middleware] INFO: Enabled item pipelines:
['bingo_scrapy.pipelines.CsvPipeline', 'bingo_scrapy.pipelines.DbPipeline']
2025-03-23 19:06:59 [scrapy.core.engine] INFO: Spider opened
2025-03-23 19:06:59 [root] INFO: Opening spider and establishing database connection.
2025-03-23 19:06:59 [root] INFO: DELETE_OLD_DATA: True
2025-03-23 19:06:59 [root] INFO: Table dropped.
2025-03-23 19:06:59 [root] INFO: Checking if table dbo.bingo exists.
2025-03-23 19:06:59 [root] INFO: Table dbo.bingo does not exist. Creating table.
2025-03-23 19:06:59 [root] INFO: Table dbo.bingo created successfully.
2025-03-23 19:06:59 [root] INFO: Database connection established and table checked/created.
2025-03-23 19:06:59 [scrapy.extensions.logstats] INFO: Crawled 0 pages (at 0 pages/min), scraped 0 items (at 0 items/min)
2025-03-23 19:06:59 [scrapy.extensions.telnet] INFO: Telnet console listening on 127.0.0.1:6023
2025-03-23 19:06:59 [root] INFO: Start date: 2024-01-01 00:00:00, End date: 2024-01-01 00:00:00
2025-03-23 19:06:59 [root] INFO: Using START_DATE and END_DATE: ['2024-01-01']
2025-03-23 19:06:59 [root] INFO: 爬取日期: 2024-01-01
2025-03-23 19:06:59 [root] INFO: Processing page: https://api.taiwanlottery.com/TLCAPIWeB/Lottery/BingoResult?openDate=2024-01-01&pageNum=1&pageSize=1
2025-03-23 19:07:00 [root] INFO: Finished processing page: https://api.taiwanlottery.com/TLCAPIWeB/Lottery/BingoResult?openDate=2024-01-01&pageNum=21&pageSize=10
2025-03-23 19:07:00 [root] INFO: Item processed and committed to database.
2025-03-23 19:07:00 [root] INFO: Database connection closed after processing item.
2025-03-23 19:07:00 [scrapy.core.engine] INFO: Closing spider (finished)
2025-03-23 19:07:00 [root] INFO: Database connection closed.
2025-03-23 19:07:00 [scrapy.statscollectors] INFO: Dumping Scrapy stats:
{'downloader/request_bytes': 292,
 'downloader/request_count': 1,
 'downloader/request_method_count/GET': 1,
 'downloader/response_bytes': 1146,
 'downloader/response_count': 1,
 'downloader/response_status_count/200': 1,
 'elapsed_time_seconds': 1.382565,
 'finish_reason': 'finished',
 'finish_time': datetime.datetime(2025, 3, 23, 11, 7, 0, 967432, tzinfo=datetime.timezone.utc),
 'httpcompression/response_bytes': 1884,
 'httpcompression/response_count': 1,
 'item_scraped_count': 1,
 'items_per_minute': None,
 'log_count/INFO': 25,
 'response_received_count': 1,
 'responses_per_minute': None,
 'scheduler/dequeued': 1,
 'scheduler/dequeued/memory': 1,
 'scheduler/enqueued': 1,
 'scheduler/enqueued/memory': 1,
 'start_time': datetime.datetime(2025, 3, 23, 11, 6, 59, 584867, tzinfo=datetime.timezone.utc)}
2025-03-23 19:07:00 [scrapy.core.engine] INFO: Spider closed (finished)
2025-03-23 19:07:20 [scrapy.utils.log] INFO: Scrapy 2.12.0 started (bot: bingo_scrapy)
2025-03-23 19:07:20 [scrapy.utils.log] INFO: Versions: lxml 5.3.1.0, libxml2 2.11.7, cssselect 1.3.0, parsel 1.10.0, w3lib 2.3.1, Twisted 24.11.0, Python 3.11.0 (main, Oct 24 2022, 18:26:48) [MSC v.1933 64 bit (AMD64)], pyOpenSSL 25.0.0 (OpenSSL 3.4.1 11 Feb 2025), cryptography 44.0.2, Platform Windows-10-10.0.19045-SP0
2025-03-23 19:07:20 [scrapy.addons] INFO: Enabled addons:
[]
2025-03-23 19:07:20 [scrapy.extensions.telnet] INFO: Telnet Password: 3efba96b22c5e985
2025-03-23 19:07:20 [scrapy.middleware] INFO: Enabled extensions:
['scrapy.extensions.corestats.CoreStats',
 'scrapy.extensions.telnet.TelnetConsole',
 'scrapy.extensions.logstats.LogStats']
2025-03-23 19:07:20 [scrapy.crawler] INFO: Overridden settings:
{'BOT_NAME': 'bingo_scrapy',
 'LOG_FILE': 'bingo_spider.log',
 'LOG_LEVEL': 'INFO',
 'NEWSPIDER_MODULE': 'bingo_scrapy.spiders',
 'SPIDER_MODULES': ['bingo_scrapy.spiders']}
2025-03-23 19:07:20 [scrapy.middleware] INFO: Enabled downloader middlewares:
['scrapy.downloadermiddlewares.offsite.OffsiteMiddleware',
 'scrapy.downloadermiddlewares.httpauth.HttpAuthMiddleware',
 'scrapy.downloadermiddlewares.downloadtimeout.DownloadTimeoutMiddleware',
 'scrapy.downloadermiddlewares.defaultheaders.DefaultHeadersMiddleware',
 'scrapy.downloadermiddlewares.useragent.UserAgentMiddleware',
 'scrapy.downloadermiddlewares.retry.RetryMiddleware',
 'scrapy.downloadermiddlewares.redirect.MetaRefreshMiddleware',
 'scrapy.downloadermiddlewares.httpcompression.HttpCompressionMiddleware',
 'scrapy.downloadermiddlewares.redirect.RedirectMiddleware',
 'scrapy.downloadermiddlewares.cookies.CookiesMiddleware',
 'scrapy.downloadermiddlewares.httpproxy.HttpProxyMiddleware',
 'scrapy.downloadermiddlewares.stats.DownloaderStats']
2025-03-23 19:07:20 [scrapy.middleware] INFO: Enabled spider middlewares:
['scrapy.spidermiddlewares.httperror.HttpErrorMiddleware',
 'scrapy.spidermiddlewares.referer.RefererMiddleware',
 'scrapy.spidermiddlewares.urllength.UrlLengthMiddleware',
 'scrapy.spidermiddlewares.depth.DepthMiddleware']
2025-03-23 19:07:20 [scrapy.middleware] INFO: Enabled item pipelines:
['bingo_scrapy.pipelines.CsvPipeline', 'bingo_scrapy.pipelines.DbPipeline']
2025-03-23 19:07:20 [scrapy.core.engine] INFO: Spider opened
2025-03-23 19:07:20 [root] INFO: Opening spider and establishing database connection.
2025-03-23 19:07:20 [root] INFO: DELETE_OLD_DATA: True
2025-03-23 19:07:20 [root] INFO: Table dropped.
2025-03-23 19:07:20 [root] INFO: Checking if table dbo.bingo exists.
2025-03-23 19:07:20 [root] INFO: Table dbo.bingo does not exist. Creating table.
2025-03-23 19:07:20 [root] INFO: Table dbo.bingo created successfully.
2025-03-23 19:07:20 [root] INFO: Database connection established and table checked/created.
2025-03-23 19:07:20 [scrapy.extensions.logstats] INFO: Crawled 0 pages (at 0 pages/min), scraped 0 items (at 0 items/min)
2025-03-23 19:07:20 [scrapy.extensions.telnet] INFO: Telnet console listening on 127.0.0.1:6023
2025-03-23 19:07:20 [root] INFO: Start date: 2024-01-01 00:00:00, End date: 2024-01-01 00:00:00
2025-03-23 19:07:20 [root] INFO: Using START_DATE and END_DATE: ['2024-01-01']
2025-03-23 19:07:20 [root] INFO: 爬取日期: 2024-01-01
2025-03-23 19:07:20 [root] INFO: Processing page: https://api.taiwanlottery.com/TLCAPIWeB/Lottery/BingoResult?openDate=2024-01-01&pageNum=1&pageSize=1
2025-03-23 19:07:20 [root] INFO: Finished processing page: https://api.taiwanlottery.com/TLCAPIWeB/Lottery/BingoResult?openDate=2024-01-01&pageNum=21&pageSize=10
2025-03-23 19:07:21 [root] INFO: Item processed and committed to database.
2025-03-23 19:07:21 [root] INFO: Database connection closed after processing item.
2025-03-23 19:07:21 [scrapy.core.engine] INFO: Closing spider (finished)
2025-03-23 19:07:21 [root] INFO: Database connection closed.
2025-03-23 19:07:21 [scrapy.statscollectors] INFO: Dumping Scrapy stats:
{'downloader/request_bytes': 292,
 'downloader/request_count': 1,
 'downloader/request_method_count/GET': 1,
 'downloader/response_bytes': 1127,
 'downloader/response_count': 1,
 'downloader/response_status_count/200': 1,
 'elapsed_time_seconds': 0.647837,
 'finish_reason': 'finished',
 'finish_time': datetime.datetime(2025, 3, 23, 11, 7, 21, 77289, tzinfo=datetime.timezone.utc),
 'httpcompression/response_bytes': 1884,
 'httpcompression/response_count': 1,
 'item_scraped_count': 1,
 'items_per_minute': None,
 'log_count/INFO': 25,
 'response_received_count': 1,
 'responses_per_minute': None,
 'scheduler/dequeued': 1,
 'scheduler/dequeued/memory': 1,
 'scheduler/enqueued': 1,
 'scheduler/enqueued/memory': 1,
 'start_time': datetime.datetime(2025, 3, 23, 11, 7, 20, 429452, tzinfo=datetime.timezone.utc)}
2025-03-23 19:07:21 [scrapy.core.engine] INFO: Spider closed (finished)
2025-03-23 19:07:48 [scrapy.utils.log] INFO: Scrapy 2.12.0 started (bot: bingo_scrapy)
2025-03-23 19:07:48 [scrapy.utils.log] INFO: Versions: lxml 5.3.1.0, libxml2 2.11.7, cssselect 1.3.0, parsel 1.10.0, w3lib 2.3.1, Twisted 24.11.0, Python 3.11.0 (main, Oct 24 2022, 18:26:48) [MSC v.1933 64 bit (AMD64)], pyOpenSSL 25.0.0 (OpenSSL 3.4.1 11 Feb 2025), cryptography 44.0.2, Platform Windows-10-10.0.19045-SP0
2025-03-23 19:07:48 [scrapy.addons] INFO: Enabled addons:
[]
2025-03-23 19:07:48 [scrapy.extensions.telnet] INFO: Telnet Password: 33f7287e0a46f1c1
2025-03-23 19:07:48 [scrapy.middleware] INFO: Enabled extensions:
['scrapy.extensions.corestats.CoreStats',
 'scrapy.extensions.telnet.TelnetConsole',
 'scrapy.extensions.logstats.LogStats']
2025-03-23 19:07:48 [scrapy.crawler] INFO: Overridden settings:
{'BOT_NAME': 'bingo_scrapy',
 'LOG_FILE': 'bingo_spider.log',
 'LOG_LEVEL': 'INFO',
 'NEWSPIDER_MODULE': 'bingo_scrapy.spiders',
 'SPIDER_MODULES': ['bingo_scrapy.spiders']}
2025-03-23 19:07:48 [scrapy.middleware] INFO: Enabled downloader middlewares:
['scrapy.downloadermiddlewares.offsite.OffsiteMiddleware',
 'scrapy.downloadermiddlewares.httpauth.HttpAuthMiddleware',
 'scrapy.downloadermiddlewares.downloadtimeout.DownloadTimeoutMiddleware',
 'scrapy.downloadermiddlewares.defaultheaders.DefaultHeadersMiddleware',
 'scrapy.downloadermiddlewares.useragent.UserAgentMiddleware',
 'scrapy.downloadermiddlewares.retry.RetryMiddleware',
 'scrapy.downloadermiddlewares.redirect.MetaRefreshMiddleware',
 'scrapy.downloadermiddlewares.httpcompression.HttpCompressionMiddleware',
 'scrapy.downloadermiddlewares.redirect.RedirectMiddleware',
 'scrapy.downloadermiddlewares.cookies.CookiesMiddleware',
 'scrapy.downloadermiddlewares.httpproxy.HttpProxyMiddleware',
 'scrapy.downloadermiddlewares.stats.DownloaderStats']
2025-03-23 19:07:48 [scrapy.middleware] INFO: Enabled spider middlewares:
['scrapy.spidermiddlewares.httperror.HttpErrorMiddleware',
 'scrapy.spidermiddlewares.referer.RefererMiddleware',
 'scrapy.spidermiddlewares.urllength.UrlLengthMiddleware',
 'scrapy.spidermiddlewares.depth.DepthMiddleware']
2025-03-23 19:07:48 [scrapy.middleware] INFO: Enabled item pipelines:
['bingo_scrapy.pipelines.CsvPipeline', 'bingo_scrapy.pipelines.DbPipeline']
2025-03-23 19:07:48 [scrapy.core.engine] INFO: Spider opened
2025-03-23 19:07:48 [root] INFO: Opening spider and establishing database connection.
2025-03-23 19:07:48 [root] INFO: DELETE_OLD_DATA: True
2025-03-23 19:07:48 [root] INFO: Table dropped.
2025-03-23 19:07:48 [root] INFO: Checking if table dbo.bingo exists.
2025-03-23 19:07:48 [root] INFO: Table dbo.bingo does not exist. Creating table.
2025-03-23 19:07:48 [root] INFO: Table dbo.bingo created successfully.
2025-03-23 19:07:48 [root] INFO: Database connection established and table checked/created.
2025-03-23 19:07:48 [scrapy.extensions.logstats] INFO: Crawled 0 pages (at 0 pages/min), scraped 0 items (at 0 items/min)
2025-03-23 19:07:48 [scrapy.extensions.telnet] INFO: Telnet console listening on 127.0.0.1:6023
2025-03-23 19:07:48 [root] INFO: Start date: 2024-01-01 00:00:00, End date: 2024-01-01 00:00:00
2025-03-23 19:07:48 [root] INFO: Using START_DATE and END_DATE: ['2024-01-01']
2025-03-23 19:07:48 [root] INFO: 爬取日期: 2024-01-01
2025-03-23 19:07:48 [root] INFO: Processing page: https://api.taiwanlottery.com/TLCAPIWeB/Lottery/BingoResult?openDate=2024-01-01&pageNum=1&pageSize=1
2025-03-23 19:07:49 [root] INFO: Finished processing page: https://api.taiwanlottery.com/TLCAPIWeB/Lottery/BingoResult?openDate=2024-01-01&pageNum=21&pageSize=10
2025-03-23 19:07:49 [root] INFO: Item processed and committed to database.
2025-03-23 19:07:49 [root] INFO: Database connection closed after processing item.
2025-03-23 19:07:49 [scrapy.core.engine] INFO: Closing spider (finished)
2025-03-23 19:07:49 [root] INFO: Database connection closed.
2025-03-23 19:07:49 [scrapy.statscollectors] INFO: Dumping Scrapy stats:
{'downloader/request_bytes': 292,
 'downloader/request_count': 1,
 'downloader/request_method_count/GET': 1,
 'downloader/response_bytes': 1146,
 'downloader/response_count': 1,
 'downloader/response_status_count/200': 1,
 'elapsed_time_seconds': 1.410271,
 'finish_reason': 'finished',
 'finish_time': datetime.datetime(2025, 3, 23, 11, 7, 49, 881076, tzinfo=datetime.timezone.utc),
 'httpcompression/response_bytes': 1884,
 'httpcompression/response_count': 1,
 'item_scraped_count': 1,
 'items_per_minute': None,
 'log_count/INFO': 25,
 'response_received_count': 1,
 'responses_per_minute': None,
 'scheduler/dequeued': 1,
 'scheduler/dequeued/memory': 1,
 'scheduler/enqueued': 1,
 'scheduler/enqueued/memory': 1,
 'start_time': datetime.datetime(2025, 3, 23, 11, 7, 48, 470805, tzinfo=datetime.timezone.utc)}
2025-03-23 19:07:49 [scrapy.core.engine] INFO: Spider closed (finished)
2025-03-23 19:09:13 [scrapy.utils.log] INFO: Scrapy 2.12.0 started (bot: bingo_scrapy)
2025-03-23 19:09:13 [scrapy.utils.log] INFO: Versions: lxml 5.3.1.0, libxml2 2.11.7, cssselect 1.3.0, parsel 1.10.0, w3lib 2.3.1, Twisted 24.11.0, Python 3.11.0 (main, Oct 24 2022, 18:26:48) [MSC v.1933 64 bit (AMD64)], pyOpenSSL 25.0.0 (OpenSSL 3.4.1 11 Feb 2025), cryptography 44.0.2, Platform Windows-10-10.0.19045-SP0
2025-03-23 19:09:13 [scrapy.addons] INFO: Enabled addons:
[]
2025-03-23 19:09:13 [scrapy.extensions.telnet] INFO: Telnet Password: 98c21071b4e145c0
2025-03-23 19:09:13 [scrapy.middleware] INFO: Enabled extensions:
['scrapy.extensions.corestats.CoreStats',
 'scrapy.extensions.telnet.TelnetConsole',
 'scrapy.extensions.logstats.LogStats']
2025-03-23 19:09:13 [scrapy.crawler] INFO: Overridden settings:
{'BOT_NAME': 'bingo_scrapy',
 'LOG_FILE': 'bingo_spider.log',
 'LOG_LEVEL': 'INFO',
 'NEWSPIDER_MODULE': 'bingo_scrapy.spiders',
 'SPIDER_MODULES': ['bingo_scrapy.spiders']}
2025-03-23 19:09:13 [scrapy.middleware] INFO: Enabled downloader middlewares:
['scrapy.downloadermiddlewares.offsite.OffsiteMiddleware',
 'scrapy.downloadermiddlewares.httpauth.HttpAuthMiddleware',
 'scrapy.downloadermiddlewares.downloadtimeout.DownloadTimeoutMiddleware',
 'scrapy.downloadermiddlewares.defaultheaders.DefaultHeadersMiddleware',
 'scrapy.downloadermiddlewares.useragent.UserAgentMiddleware',
 'scrapy.downloadermiddlewares.retry.RetryMiddleware',
 'scrapy.downloadermiddlewares.redirect.MetaRefreshMiddleware',
 'scrapy.downloadermiddlewares.httpcompression.HttpCompressionMiddleware',
 'scrapy.downloadermiddlewares.redirect.RedirectMiddleware',
 'scrapy.downloadermiddlewares.cookies.CookiesMiddleware',
 'scrapy.downloadermiddlewares.httpproxy.HttpProxyMiddleware',
 'scrapy.downloadermiddlewares.stats.DownloaderStats']
2025-03-23 19:09:13 [scrapy.middleware] INFO: Enabled spider middlewares:
['scrapy.spidermiddlewares.httperror.HttpErrorMiddleware',
 'scrapy.spidermiddlewares.referer.RefererMiddleware',
 'scrapy.spidermiddlewares.urllength.UrlLengthMiddleware',
 'scrapy.spidermiddlewares.depth.DepthMiddleware']
2025-03-23 19:09:13 [scrapy.middleware] INFO: Enabled item pipelines:
['bingo_scrapy.pipelines.CsvPipeline', 'bingo_scrapy.pipelines.DbPipeline']
2025-03-23 19:09:13 [scrapy.core.engine] INFO: Spider opened
2025-03-23 19:09:13 [root] INFO: Opening spider and establishing database connection.
2025-03-23 19:09:13 [root] INFO: DELETE_OLD_DATA: True
2025-03-23 19:09:13 [root] INFO: Table dropped.
2025-03-23 19:09:13 [root] INFO: Checking if table dbo.bingo exists.
2025-03-23 19:09:13 [root] INFO: Table dbo.bingo does not exist. Creating table.
2025-03-23 19:09:13 [root] INFO: Table dbo.bingo created successfully.
2025-03-23 19:09:13 [root] INFO: Database connection established and table checked/created.
2025-03-23 19:09:13 [scrapy.extensions.logstats] INFO: Crawled 0 pages (at 0 pages/min), scraped 0 items (at 0 items/min)
2025-03-23 19:09:13 [scrapy.extensions.telnet] INFO: Telnet console listening on 127.0.0.1:6023
2025-03-23 19:09:13 [root] INFO: Start date: 2024-01-01 00:00:00, End date: 2024-01-01 00:00:00
2025-03-23 19:09:13 [root] INFO: Using START_DATE and END_DATE: ['2024-01-01']
2025-03-23 19:09:13 [root] INFO: 爬取日期: 2024-01-01
2025-03-23 19:09:13 [root] INFO: Processing page: https://api.taiwanlottery.com/TLCAPIWeB/Lottery/BingoResult?openDate=2024-01-01&pageNum=1&pageSize=1
2025-03-23 19:09:14 [root] INFO: Finished processing page: https://api.taiwanlottery.com/TLCAPIWeB/Lottery/BingoResult?openDate=2024-01-01&pageNum=21&pageSize=10
2025-03-23 19:09:15 [root] INFO: Item processed and committed to database.
2025-03-23 19:09:15 [root] INFO: Database connection closed after processing item.
2025-03-23 19:09:15 [scrapy.core.engine] INFO: Closing spider (finished)
2025-03-23 19:09:15 [root] INFO: Database connection closed.
2025-03-23 19:09:15 [scrapy.statscollectors] INFO: Dumping Scrapy stats:
{'downloader/request_bytes': 292,
 'downloader/request_count': 1,
 'downloader/request_method_count/GET': 1,
 'downloader/response_bytes': 1146,
 'downloader/response_count': 1,
 'downloader/response_status_count/200': 1,
 'elapsed_time_seconds': 1.276112,
 'finish_reason': 'finished',
 'finish_time': datetime.datetime(2025, 3, 23, 11, 9, 15, 45890, tzinfo=datetime.timezone.utc),
 'httpcompression/response_bytes': 1884,
 'httpcompression/response_count': 1,
 'item_scraped_count': 1,
 'items_per_minute': None,
 'log_count/INFO': 25,
 'response_received_count': 1,
 'responses_per_minute': None,
 'scheduler/dequeued': 1,
 'scheduler/dequeued/memory': 1,
 'scheduler/enqueued': 1,
 'scheduler/enqueued/memory': 1,
 'start_time': datetime.datetime(2025, 3, 23, 11, 9, 13, 769778, tzinfo=datetime.timezone.utc)}
2025-03-23 19:09:15 [scrapy.core.engine] INFO: Spider closed (finished)
2025-03-23 19:09:49 [scrapy.utils.log] INFO: Scrapy 2.12.0 started (bot: bingo_scrapy)
2025-03-23 19:09:49 [scrapy.utils.log] INFO: Versions: lxml 5.3.1.0, libxml2 2.11.7, cssselect 1.3.0, parsel 1.10.0, w3lib 2.3.1, Twisted 24.11.0, Python 3.11.0 (main, Oct 24 2022, 18:26:48) [MSC v.1933 64 bit (AMD64)], pyOpenSSL 25.0.0 (OpenSSL 3.4.1 11 Feb 2025), cryptography 44.0.2, Platform Windows-10-10.0.19045-SP0
2025-03-23 19:09:49 [scrapy.addons] INFO: Enabled addons:
[]
2025-03-23 19:09:49 [scrapy.extensions.telnet] INFO: Telnet Password: 229bef1fb31fe78e
2025-03-23 19:09:49 [scrapy.middleware] INFO: Enabled extensions:
['scrapy.extensions.corestats.CoreStats',
 'scrapy.extensions.telnet.TelnetConsole',
 'scrapy.extensions.logstats.LogStats']
2025-03-23 19:09:49 [scrapy.crawler] INFO: Overridden settings:
{'BOT_NAME': 'bingo_scrapy',
 'LOG_FILE': 'bingo_spider.log',
 'LOG_LEVEL': 'INFO',
 'NEWSPIDER_MODULE': 'bingo_scrapy.spiders',
 'SPIDER_MODULES': ['bingo_scrapy.spiders']}
2025-03-23 19:09:49 [scrapy.middleware] INFO: Enabled downloader middlewares:
['scrapy.downloadermiddlewares.offsite.OffsiteMiddleware',
 'scrapy.downloadermiddlewares.httpauth.HttpAuthMiddleware',
 'scrapy.downloadermiddlewares.downloadtimeout.DownloadTimeoutMiddleware',
 'scrapy.downloadermiddlewares.defaultheaders.DefaultHeadersMiddleware',
 'scrapy.downloadermiddlewares.useragent.UserAgentMiddleware',
 'scrapy.downloadermiddlewares.retry.RetryMiddleware',
 'scrapy.downloadermiddlewares.redirect.MetaRefreshMiddleware',
 'scrapy.downloadermiddlewares.httpcompression.HttpCompressionMiddleware',
 'scrapy.downloadermiddlewares.redirect.RedirectMiddleware',
 'scrapy.downloadermiddlewares.cookies.CookiesMiddleware',
 'scrapy.downloadermiddlewares.httpproxy.HttpProxyMiddleware',
 'scrapy.downloadermiddlewares.stats.DownloaderStats']
2025-03-23 19:09:49 [scrapy.middleware] INFO: Enabled spider middlewares:
['scrapy.spidermiddlewares.httperror.HttpErrorMiddleware',
 'scrapy.spidermiddlewares.referer.RefererMiddleware',
 'scrapy.spidermiddlewares.urllength.UrlLengthMiddleware',
 'scrapy.spidermiddlewares.depth.DepthMiddleware']
2025-03-23 19:09:49 [scrapy.middleware] INFO: Enabled item pipelines:
['bingo_scrapy.pipelines.CsvPipeline', 'bingo_scrapy.pipelines.DbPipeline']
2025-03-23 19:09:49 [scrapy.core.engine] INFO: Spider opened
2025-03-23 19:09:49 [root] INFO: Opening spider and establishing database connection.
2025-03-23 19:09:49 [root] INFO: DELETE_OLD_DATA: True
2025-03-23 19:09:49 [root] INFO: Table dropped.
2025-03-23 19:09:49 [root] INFO: Checking if table dbo.bingo exists.
2025-03-23 19:09:49 [root] INFO: Table dbo.bingo does not exist. Creating table.
2025-03-23 19:09:49 [root] INFO: Table dbo.bingo created successfully.
2025-03-23 19:09:49 [root] INFO: Database connection established and table checked/created.
2025-03-23 19:09:49 [scrapy.extensions.logstats] INFO: Crawled 0 pages (at 0 pages/min), scraped 0 items (at 0 items/min)
2025-03-23 19:09:49 [scrapy.extensions.telnet] INFO: Telnet console listening on 127.0.0.1:6023
2025-03-23 19:09:49 [root] INFO: Start date: 2024-01-01 00:00:00, End date: 2024-01-01 00:00:00
2025-03-23 19:09:49 [root] INFO: Using START_DATE and END_DATE: ['2024-01-01']
2025-03-23 19:09:49 [root] INFO: 爬取日期: 2024-01-01
2025-03-23 19:09:49 [root] INFO: Processing page: https://api.taiwanlottery.com/TLCAPIWeB/Lottery/BingoResult?openDate=2024-01-01&pageNum=1&pageSize=1
2025-03-23 19:09:49 [root] INFO: Finished processing page: https://api.taiwanlottery.com/TLCAPIWeB/Lottery/BingoResult?openDate=2024-01-01&pageNum=21&pageSize=10
2025-03-23 19:09:50 [root] INFO: Item processed and committed to database.
2025-03-23 19:09:50 [root] INFO: Database connection closed after processing item.
2025-03-23 19:09:50 [scrapy.core.engine] INFO: Closing spider (finished)
2025-03-23 19:09:50 [root] INFO: Database connection closed.
2025-03-23 19:09:50 [scrapy.statscollectors] INFO: Dumping Scrapy stats:
{'downloader/request_bytes': 292,
 'downloader/request_count': 1,
 'downloader/request_method_count/GET': 1,
 'downloader/response_bytes': 1145,
 'downloader/response_count': 1,
 'downloader/response_status_count/200': 1,
 'elapsed_time_seconds': 0.696866,
 'finish_reason': 'finished',
 'finish_time': datetime.datetime(2025, 3, 23, 11, 9, 50, 119146, tzinfo=datetime.timezone.utc),
 'httpcompression/response_bytes': 1884,
 'httpcompression/response_count': 1,
 'item_scraped_count': 1,
 'items_per_minute': None,
 'log_count/INFO': 25,
 'response_received_count': 1,
 'responses_per_minute': None,
 'scheduler/dequeued': 1,
 'scheduler/dequeued/memory': 1,
 'scheduler/enqueued': 1,
 'scheduler/enqueued/memory': 1,
 'start_time': datetime.datetime(2025, 3, 23, 11, 9, 49, 422280, tzinfo=datetime.timezone.utc)}
2025-03-23 19:09:50 [scrapy.core.engine] INFO: Spider closed (finished)
2025-03-23 19:10:55 [scrapy.utils.log] INFO: Scrapy 2.12.0 started (bot: bingo_scrapy)
2025-03-23 19:10:55 [scrapy.utils.log] INFO: Versions: lxml 5.3.1.0, libxml2 2.11.7, cssselect 1.3.0, parsel 1.10.0, w3lib 2.3.1, Twisted 24.11.0, Python 3.11.0 (main, Oct 24 2022, 18:26:48) [MSC v.1933 64 bit (AMD64)], pyOpenSSL 25.0.0 (OpenSSL 3.4.1 11 Feb 2025), cryptography 44.0.2, Platform Windows-10-10.0.19045-SP0
2025-03-23 19:10:55 [scrapy.addons] INFO: Enabled addons:
[]
2025-03-23 19:10:55 [scrapy.extensions.telnet] INFO: Telnet Password: 7865d9e949645418
2025-03-23 19:10:55 [scrapy.middleware] INFO: Enabled extensions:
['scrapy.extensions.corestats.CoreStats',
 'scrapy.extensions.telnet.TelnetConsole',
 'scrapy.extensions.logstats.LogStats']
2025-03-23 19:10:55 [scrapy.crawler] INFO: Overridden settings:
{'BOT_NAME': 'bingo_scrapy',
 'LOG_FILE': 'bingo_spider.log',
 'LOG_LEVEL': 'INFO',
 'NEWSPIDER_MODULE': 'bingo_scrapy.spiders',
 'SPIDER_MODULES': ['bingo_scrapy.spiders']}
2025-03-23 19:10:55 [scrapy.middleware] INFO: Enabled downloader middlewares:
['scrapy.downloadermiddlewares.offsite.OffsiteMiddleware',
 'scrapy.downloadermiddlewares.httpauth.HttpAuthMiddleware',
 'scrapy.downloadermiddlewares.downloadtimeout.DownloadTimeoutMiddleware',
 'scrapy.downloadermiddlewares.defaultheaders.DefaultHeadersMiddleware',
 'scrapy.downloadermiddlewares.useragent.UserAgentMiddleware',
 'scrapy.downloadermiddlewares.retry.RetryMiddleware',
 'scrapy.downloadermiddlewares.redirect.MetaRefreshMiddleware',
 'scrapy.downloadermiddlewares.httpcompression.HttpCompressionMiddleware',
 'scrapy.downloadermiddlewares.redirect.RedirectMiddleware',
 'scrapy.downloadermiddlewares.cookies.CookiesMiddleware',
 'scrapy.downloadermiddlewares.httpproxy.HttpProxyMiddleware',
 'scrapy.downloadermiddlewares.stats.DownloaderStats']
2025-03-23 19:10:55 [scrapy.middleware] INFO: Enabled spider middlewares:
['scrapy.spidermiddlewares.httperror.HttpErrorMiddleware',
 'scrapy.spidermiddlewares.referer.RefererMiddleware',
 'scrapy.spidermiddlewares.urllength.UrlLengthMiddleware',
 'scrapy.spidermiddlewares.depth.DepthMiddleware']
2025-03-23 19:10:55 [scrapy.middleware] INFO: Enabled item pipelines:
['bingo_scrapy.pipelines.CsvPipeline', 'bingo_scrapy.pipelines.DbPipeline']
2025-03-23 19:10:55 [scrapy.core.engine] INFO: Spider opened
2025-03-23 19:10:55 [root] INFO: Opening spider and establishing database connection.
2025-03-23 19:10:55 [root] INFO: DELETE_OLD_DATA: True
2025-03-23 19:10:55 [root] INFO: Table dropped.
2025-03-23 19:10:55 [root] INFO: Checking if table dbo.bingo exists.
2025-03-23 19:10:55 [root] INFO: Table dbo.bingo does not exist. Creating table.
2025-03-23 19:10:55 [root] INFO: Table dbo.bingo created successfully.
2025-03-23 19:10:55 [root] INFO: Database connection established and table checked/created.
2025-03-23 19:10:55 [scrapy.extensions.logstats] INFO: Crawled 0 pages (at 0 pages/min), scraped 0 items (at 0 items/min)
2025-03-23 19:10:55 [scrapy.extensions.telnet] INFO: Telnet console listening on 127.0.0.1:6023
2025-03-23 19:10:55 [root] INFO: Start date: 2024-01-01 00:00:00, End date: 2024-01-01 00:00:00
2025-03-23 19:10:55 [root] INFO: Using START_DATE and END_DATE: ['2024-01-01']
2025-03-23 19:10:55 [root] INFO: 爬取日期: 2024-01-01
2025-03-23 19:10:56 [root] INFO: Processing page: https://api.taiwanlottery.com/TLCAPIWeB/Lottery/BingoResult?openDate=2024-01-01&pageNum=1&pageSize=1
2025-03-23 19:10:57 [root] INFO: Finished processing page: https://api.taiwanlottery.com/TLCAPIWeB/Lottery/BingoResult?openDate=2024-01-01&pageNum=21&pageSize=10
2025-03-23 19:10:57 [root] INFO: Item processed and committed to database.
2025-03-23 19:10:57 [root] INFO: Database connection closed after processing item.
2025-03-23 19:10:57 [scrapy.core.engine] INFO: Closing spider (finished)
2025-03-23 19:10:57 [root] INFO: Database connection closed.
2025-03-23 19:10:57 [scrapy.statscollectors] INFO: Dumping Scrapy stats:
{'downloader/request_bytes': 292,
 'downloader/request_count': 1,
 'downloader/request_method_count/GET': 1,
 'downloader/response_bytes': 1149,
 'downloader/response_count': 1,
 'downloader/response_status_count/200': 1,
 'elapsed_time_seconds': 1.287779,
 'finish_reason': 'finished',
 'finish_time': datetime.datetime(2025, 3, 23, 11, 10, 57, 253869, tzinfo=datetime.timezone.utc),
 'httpcompression/response_bytes': 1884,
 'httpcompression/response_count': 1,
 'item_scraped_count': 1,
 'items_per_minute': None,
 'log_count/INFO': 25,
 'response_received_count': 1,
 'responses_per_minute': None,
 'scheduler/dequeued': 1,
 'scheduler/dequeued/memory': 1,
 'scheduler/enqueued': 1,
 'scheduler/enqueued/memory': 1,
 'start_time': datetime.datetime(2025, 3, 23, 11, 10, 55, 966090, tzinfo=datetime.timezone.utc)}
2025-03-23 19:10:57 [scrapy.core.engine] INFO: Spider closed (finished)
2025-03-23 19:11:15 [scrapy.utils.log] INFO: Scrapy 2.12.0 started (bot: bingo_scrapy)
2025-03-23 19:11:15 [scrapy.utils.log] INFO: Versions: lxml 5.3.1.0, libxml2 2.11.7, cssselect 1.3.0, parsel 1.10.0, w3lib 2.3.1, Twisted 24.11.0, Python 3.11.0 (main, Oct 24 2022, 18:26:48) [MSC v.1933 64 bit (AMD64)], pyOpenSSL 25.0.0 (OpenSSL 3.4.1 11 Feb 2025), cryptography 44.0.2, Platform Windows-10-10.0.19045-SP0
2025-03-23 19:11:15 [scrapy.addons] INFO: Enabled addons:
[]
2025-03-23 19:11:15 [scrapy.extensions.telnet] INFO: Telnet Password: 8955a3ca6db44b00
2025-03-23 19:11:15 [scrapy.middleware] INFO: Enabled extensions:
['scrapy.extensions.corestats.CoreStats',
 'scrapy.extensions.telnet.TelnetConsole',
 'scrapy.extensions.logstats.LogStats']
2025-03-23 19:11:15 [scrapy.crawler] INFO: Overridden settings:
{'BOT_NAME': 'bingo_scrapy',
 'LOG_FILE': 'bingo_spider.log',
 'LOG_LEVEL': 'INFO',
 'NEWSPIDER_MODULE': 'bingo_scrapy.spiders',
 'SPIDER_MODULES': ['bingo_scrapy.spiders']}
2025-03-23 19:11:16 [scrapy.middleware] INFO: Enabled downloader middlewares:
['scrapy.downloadermiddlewares.offsite.OffsiteMiddleware',
 'scrapy.downloadermiddlewares.httpauth.HttpAuthMiddleware',
 'scrapy.downloadermiddlewares.downloadtimeout.DownloadTimeoutMiddleware',
 'scrapy.downloadermiddlewares.defaultheaders.DefaultHeadersMiddleware',
 'scrapy.downloadermiddlewares.useragent.UserAgentMiddleware',
 'scrapy.downloadermiddlewares.retry.RetryMiddleware',
 'scrapy.downloadermiddlewares.redirect.MetaRefreshMiddleware',
 'scrapy.downloadermiddlewares.httpcompression.HttpCompressionMiddleware',
 'scrapy.downloadermiddlewares.redirect.RedirectMiddleware',
 'scrapy.downloadermiddlewares.cookies.CookiesMiddleware',
 'scrapy.downloadermiddlewares.httpproxy.HttpProxyMiddleware',
 'scrapy.downloadermiddlewares.stats.DownloaderStats']
2025-03-23 19:11:16 [scrapy.middleware] INFO: Enabled spider middlewares:
['scrapy.spidermiddlewares.httperror.HttpErrorMiddleware',
 'scrapy.spidermiddlewares.referer.RefererMiddleware',
 'scrapy.spidermiddlewares.urllength.UrlLengthMiddleware',
 'scrapy.spidermiddlewares.depth.DepthMiddleware']
2025-03-23 19:11:16 [scrapy.middleware] INFO: Enabled item pipelines:
['bingo_scrapy.pipelines.CsvPipeline', 'bingo_scrapy.pipelines.DbPipeline']
2025-03-23 19:11:16 [scrapy.core.engine] INFO: Spider opened
2025-03-23 19:11:16 [root] INFO: Opening spider and establishing database connection.
2025-03-23 19:11:16 [root] INFO: DELETE_OLD_DATA: True
2025-03-23 19:11:16 [root] INFO: Table dropped.
2025-03-23 19:11:16 [root] INFO: Checking if table dbo.bingo exists.
2025-03-23 19:11:16 [root] INFO: Table dbo.bingo does not exist. Creating table.
2025-03-23 19:11:16 [root] INFO: Table dbo.bingo created successfully.
2025-03-23 19:11:16 [root] INFO: Database connection established and table checked/created.
2025-03-23 19:11:16 [scrapy.extensions.logstats] INFO: Crawled 0 pages (at 0 pages/min), scraped 0 items (at 0 items/min)
2025-03-23 19:11:16 [scrapy.extensions.telnet] INFO: Telnet console listening on 127.0.0.1:6023
2025-03-23 19:11:16 [root] INFO: 2024-01-01
2025-03-23 19:11:16 [root] INFO: 2024-01-01 00:00:00
2025-03-23 19:11:16 [root] INFO: Start date: 2024-01-01 00:00:00, End date: 2024-01-01 00:00:00
2025-03-23 19:11:16 [root] INFO: Using START_DATE and END_DATE: ['2024-01-01']
2025-03-23 19:11:16 [root] INFO: 爬取日期: 2024-01-01
2025-03-23 19:11:16 [root] INFO: Processing page: https://api.taiwanlottery.com/TLCAPIWeB/Lottery/BingoResult?openDate=2024-01-01&pageNum=1&pageSize=1
2025-03-23 19:11:16 [root] INFO: Finished processing page: https://api.taiwanlottery.com/TLCAPIWeB/Lottery/BingoResult?openDate=2024-01-01&pageNum=21&pageSize=10
2025-03-23 19:11:16 [root] INFO: Item processed and committed to database.
2025-03-23 19:11:16 [root] INFO: Database connection closed after processing item.
2025-03-23 19:11:16 [scrapy.core.engine] INFO: Closing spider (finished)
2025-03-23 19:11:16 [root] INFO: Database connection closed.
2025-03-23 19:11:16 [scrapy.statscollectors] INFO: Dumping Scrapy stats:
{'downloader/request_bytes': 292,
 'downloader/request_count': 1,
 'downloader/request_method_count/GET': 1,
 'downloader/response_bytes': 1127,
 'downloader/response_count': 1,
 'downloader/response_status_count/200': 1,
 'elapsed_time_seconds': 0.690045,
 'finish_reason': 'finished',
 'finish_time': datetime.datetime(2025, 3, 23, 11, 11, 16, 809526, tzinfo=datetime.timezone.utc),
 'httpcompression/response_bytes': 1884,
 'httpcompression/response_count': 1,
 'item_scraped_count': 1,
 'items_per_minute': None,
 'log_count/INFO': 27,
 'response_received_count': 1,
 'responses_per_minute': None,
 'scheduler/dequeued': 1,
 'scheduler/dequeued/memory': 1,
 'scheduler/enqueued': 1,
 'scheduler/enqueued/memory': 1,
 'start_time': datetime.datetime(2025, 3, 23, 11, 11, 16, 119481, tzinfo=datetime.timezone.utc)}
2025-03-23 19:11:16 [scrapy.core.engine] INFO: Spider closed (finished)
2025-03-23 19:12:42 [scrapy.utils.log] INFO: Scrapy 2.12.0 started (bot: bingo_scrapy)
2025-03-23 19:12:42 [scrapy.utils.log] INFO: Versions: lxml 5.3.1.0, libxml2 2.11.7, cssselect 1.3.0, parsel 1.10.0, w3lib 2.3.1, Twisted 24.11.0, Python 3.11.0 (main, Oct 24 2022, 18:26:48) [MSC v.1933 64 bit (AMD64)], pyOpenSSL 25.0.0 (OpenSSL 3.4.1 11 Feb 2025), cryptography 44.0.2, Platform Windows-10-10.0.19045-SP0
2025-03-23 19:12:42 [scrapy.addons] INFO: Enabled addons:
[]
2025-03-23 19:12:42 [scrapy.extensions.telnet] INFO: Telnet Password: 88a5f76540dc7aa5
2025-03-23 19:12:42 [scrapy.middleware] INFO: Enabled extensions:
['scrapy.extensions.corestats.CoreStats',
 'scrapy.extensions.telnet.TelnetConsole',
 'scrapy.extensions.logstats.LogStats']
2025-03-23 19:12:42 [scrapy.crawler] INFO: Overridden settings:
{'BOT_NAME': 'bingo_scrapy',
 'LOG_FILE': 'bingo_spider.log',
 'LOG_LEVEL': 'INFO',
 'NEWSPIDER_MODULE': 'bingo_scrapy.spiders',
 'SPIDER_MODULES': ['bingo_scrapy.spiders']}
2025-03-23 19:12:42 [scrapy.middleware] INFO: Enabled downloader middlewares:
['scrapy.downloadermiddlewares.offsite.OffsiteMiddleware',
 'scrapy.downloadermiddlewares.httpauth.HttpAuthMiddleware',
 'scrapy.downloadermiddlewares.downloadtimeout.DownloadTimeoutMiddleware',
 'scrapy.downloadermiddlewares.defaultheaders.DefaultHeadersMiddleware',
 'scrapy.downloadermiddlewares.useragent.UserAgentMiddleware',
 'scrapy.downloadermiddlewares.retry.RetryMiddleware',
 'scrapy.downloadermiddlewares.redirect.MetaRefreshMiddleware',
 'scrapy.downloadermiddlewares.httpcompression.HttpCompressionMiddleware',
 'scrapy.downloadermiddlewares.redirect.RedirectMiddleware',
 'scrapy.downloadermiddlewares.cookies.CookiesMiddleware',
 'scrapy.downloadermiddlewares.httpproxy.HttpProxyMiddleware',
 'scrapy.downloadermiddlewares.stats.DownloaderStats']
2025-03-23 19:12:42 [scrapy.middleware] INFO: Enabled spider middlewares:
['scrapy.spidermiddlewares.httperror.HttpErrorMiddleware',
 'scrapy.spidermiddlewares.referer.RefererMiddleware',
 'scrapy.spidermiddlewares.urllength.UrlLengthMiddleware',
 'scrapy.spidermiddlewares.depth.DepthMiddleware']
2025-03-23 19:12:42 [scrapy.middleware] INFO: Enabled item pipelines:
['bingo_scrapy.pipelines.CsvPipeline', 'bingo_scrapy.pipelines.DbPipeline']
2025-03-23 19:12:42 [scrapy.core.engine] INFO: Spider opened
2025-03-23 19:12:42 [root] INFO: Opening spider and establishing database connection.
2025-03-23 19:12:42 [root] INFO: DELETE_OLD_DATA: True
2025-03-23 19:12:42 [root] INFO: Table dropped.
2025-03-23 19:12:42 [root] INFO: Checking if table dbo.bingo exists.
2025-03-23 19:12:42 [root] INFO: Table dbo.bingo does not exist. Creating table.
2025-03-23 19:12:42 [root] INFO: Table dbo.bingo created successfully.
2025-03-23 19:12:42 [root] INFO: Database connection established and table checked/created.
2025-03-23 19:12:42 [scrapy.extensions.logstats] INFO: Crawled 0 pages (at 0 pages/min), scraped 0 items (at 0 items/min)
2025-03-23 19:12:42 [scrapy.extensions.telnet] INFO: Telnet console listening on 127.0.0.1:6023
2025-03-23 19:12:42 [root] INFO: 2024-01-01
2025-03-23 19:12:42 [root] INFO: 2024-01-02 00:00:00
2025-03-23 19:12:42 [root] INFO: Start date: 2024-01-02 00:00:00, End date: 2024-02-04 00:00:00
2025-03-23 19:12:42 [root] INFO: Using START_DATE and END_DATE: ['2024-01-02', '2024-01-03', '2024-01-04', '2024-01-05', '2024-01-06', '2024-01-07', '2024-01-08', '2024-01-09', '2024-01-10', '2024-01-11', '2024-01-12', '2024-01-13', '2024-01-14', '2024-01-15', '2024-01-16', '2024-01-17', '2024-01-18', '2024-01-19', '2024-01-20', '2024-01-21', '2024-01-22', '2024-01-23', '2024-01-24', '2024-01-25', '2024-01-26', '2024-01-27', '2024-01-28', '2024-01-29', '2024-01-30', '2024-01-31', '2024-02-01', '2024-02-02', '2024-02-03', '2024-02-04']
2025-03-23 19:12:42 [root] INFO: 爬取日期: 2024-01-02
2025-03-23 19:12:42 [root] INFO: 爬取日期: 2024-01-03
2025-03-23 19:12:42 [root] INFO: 爬取日期: 2024-01-04
2025-03-23 19:12:42 [root] INFO: 爬取日期: 2024-01-05
2025-03-23 19:12:42 [root] INFO: 爬取日期: 2024-01-06
2025-03-23 19:12:42 [root] INFO: 爬取日期: 2024-01-07
2025-03-23 19:12:42 [root] INFO: 爬取日期: 2024-01-08
2025-03-23 19:12:42 [root] INFO: 爬取日期: 2024-01-09
2025-03-23 19:12:42 [root] INFO: 爬取日期: 2024-01-10
2025-03-23 19:12:42 [root] INFO: 爬取日期: 2024-01-11
2025-03-23 19:12:42 [root] INFO: 爬取日期: 2024-01-12
2025-03-23 19:12:42 [root] INFO: 爬取日期: 2024-01-13
2025-03-23 19:12:42 [root] INFO: 爬取日期: 2024-01-14
2025-03-23 19:12:42 [root] INFO: 爬取日期: 2024-01-15
2025-03-23 19:12:42 [root] INFO: 爬取日期: 2024-01-16
2025-03-23 19:12:42 [root] INFO: 爬取日期: 2024-01-17
2025-03-23 19:12:42 [root] INFO: 爬取日期: 2024-01-18
2025-03-23 19:12:42 [root] INFO: 爬取日期: 2024-01-19
2025-03-23 19:12:42 [root] INFO: 爬取日期: 2024-01-20
2025-03-23 19:12:42 [root] INFO: 爬取日期: 2024-01-21
2025-03-23 19:12:42 [root] INFO: 爬取日期: 2024-01-22
2025-03-23 19:12:42 [root] INFO: 爬取日期: 2024-01-23
2025-03-23 19:12:42 [root] INFO: 爬取日期: 2024-01-24
2025-03-23 19:12:42 [root] INFO: Processing page: https://api.taiwanlottery.com/TLCAPIWeB/Lottery/BingoResult?openDate=2024-01-05&pageNum=1&pageSize=1
2025-03-23 19:12:43 [root] INFO: Finished processing page: https://api.taiwanlottery.com/TLCAPIWeB/Lottery/BingoResult?openDate=2024-01-05&pageNum=21&pageSize=10
2025-03-23 19:12:43 [root] INFO: Item processed and committed to database.
2025-03-23 19:12:43 [root] INFO: Database connection closed after processing item.
2025-03-23 19:12:43 [root] INFO: 爬取日期: 2024-01-25
2025-03-23 19:12:43 [root] INFO: Processing page: https://api.taiwanlottery.com/TLCAPIWeB/Lottery/BingoResult?openDate=2024-01-06&pageNum=1&pageSize=1
2025-03-23 19:12:44 [root] INFO: Finished processing page: https://api.taiwanlottery.com/TLCAPIWeB/Lottery/BingoResult?openDate=2024-01-06&pageNum=21&pageSize=10
2025-03-23 19:12:45 [root] INFO: Item processed and committed to database.
2025-03-23 19:12:45 [root] INFO: Database connection closed after processing item.
2025-03-23 19:12:45 [root] INFO: 爬取日期: 2024-01-26
2025-03-23 19:12:45 [root] INFO: Processing page: https://api.taiwanlottery.com/TLCAPIWeB/Lottery/BingoResult?openDate=2024-01-03&pageNum=1&pageSize=1
2025-03-23 19:12:45 [root] INFO: Finished processing page: https://api.taiwanlottery.com/TLCAPIWeB/Lottery/BingoResult?openDate=2024-01-03&pageNum=21&pageSize=10
2025-03-23 19:12:46 [root] INFO: Item processed and committed to database.
2025-03-23 19:12:46 [root] INFO: Database connection closed after processing item.
2025-03-23 19:12:46 [root] INFO: Processing page: https://api.taiwanlottery.com/TLCAPIWeB/Lottery/BingoResult?openDate=2024-01-02&pageNum=1&pageSize=1
2025-03-23 19:12:47 [root] INFO: Finished processing page: https://api.taiwanlottery.com/TLCAPIWeB/Lottery/BingoResult?openDate=2024-01-02&pageNum=21&pageSize=10
2025-03-23 19:12:47 [root] INFO: Item processed and committed to database.
2025-03-23 19:12:47 [root] INFO: Database connection closed after processing item.
2025-03-23 19:12:47 [root] INFO: Processing page: https://api.taiwanlottery.com/TLCAPIWeB/Lottery/BingoResult?openDate=2024-01-09&pageNum=1&pageSize=1
2025-03-23 19:12:48 [root] INFO: Finished processing page: https://api.taiwanlottery.com/TLCAPIWeB/Lottery/BingoResult?openDate=2024-01-09&pageNum=21&pageSize=10
2025-03-23 19:12:48 [root] INFO: Item processed and committed to database.
2025-03-23 19:12:48 [root] INFO: Database connection closed after processing item.
2025-03-23 19:12:48 [root] INFO: Processing page: https://api.taiwanlottery.com/TLCAPIWeB/Lottery/BingoResult?openDate=2024-01-10&pageNum=1&pageSize=1
2025-03-23 19:12:49 [root] INFO: Finished processing page: https://api.taiwanlottery.com/TLCAPIWeB/Lottery/BingoResult?openDate=2024-01-10&pageNum=21&pageSize=10
2025-03-23 19:12:49 [root] INFO: Item processed and committed to database.
2025-03-23 19:12:49 [root] INFO: Database connection closed after processing item.
2025-03-23 19:12:49 [root] INFO: Processing page: https://api.taiwanlottery.com/TLCAPIWeB/Lottery/BingoResult?openDate=2024-01-07&pageNum=1&pageSize=1
2025-03-23 19:12:50 [root] INFO: Finished processing page: https://api.taiwanlottery.com/TLCAPIWeB/Lottery/BingoResult?openDate=2024-01-07&pageNum=21&pageSize=10
2025-03-23 19:12:50 [root] INFO: Item processed and committed to database.
2025-03-23 19:12:50 [root] INFO: Database connection closed after processing item.
2025-03-23 19:12:50 [root] INFO: Processing page: https://api.taiwanlottery.com/TLCAPIWeB/Lottery/BingoResult?openDate=2024-01-08&pageNum=1&pageSize=1
2025-03-23 19:12:51 [root] INFO: Finished processing page: https://api.taiwanlottery.com/TLCAPIWeB/Lottery/BingoResult?openDate=2024-01-08&pageNum=21&pageSize=10
2025-03-23 19:12:51 [root] INFO: Item processed and committed to database.
2025-03-23 19:12:51 [root] INFO: Database connection closed after processing item.
2025-03-23 19:12:51 [root] INFO: Processing page: https://api.taiwanlottery.com/TLCAPIWeB/Lottery/BingoResult?openDate=2024-01-11&pageNum=1&pageSize=1
2025-03-23 19:12:52 [root] INFO: Finished processing page: https://api.taiwanlottery.com/TLCAPIWeB/Lottery/BingoResult?openDate=2024-01-11&pageNum=21&pageSize=10
2025-03-23 19:12:53 [root] INFO: Item processed and committed to database.
2025-03-23 19:12:53 [root] INFO: Database connection closed after processing item.
2025-03-23 19:12:53 [root] INFO: Processing page: https://api.taiwanlottery.com/TLCAPIWeB/Lottery/BingoResult?openDate=2024-01-13&pageNum=1&pageSize=1
2025-03-23 19:12:53 [root] INFO: Finished processing page: https://api.taiwanlottery.com/TLCAPIWeB/Lottery/BingoResult?openDate=2024-01-13&pageNum=21&pageSize=10
2025-03-23 19:12:54 [root] INFO: Item processed and committed to database.
2025-03-23 19:12:54 [root] INFO: Database connection closed after processing item.
2025-03-23 19:12:54 [root] INFO: Processing page: https://api.taiwanlottery.com/TLCAPIWeB/Lottery/BingoResult?openDate=2024-01-12&pageNum=1&pageSize=1
2025-03-23 19:12:54 [scrapy.crawler] INFO: Received SIGINT, shutting down gracefully. Send again to force 
2025-03-23 19:12:54 [scrapy.crawler] INFO: Received SIGINT twice, forcing unclean shutdown
2025-03-23 19:12:55 [root] INFO: Finished processing page: https://api.taiwanlottery.com/TLCAPIWeB/Lottery/BingoResult?openDate=2024-01-12&pageNum=21&pageSize=10
2025-03-23 19:12:55 [root] INFO: Item processed and committed to database.
2025-03-23 19:12:55 [root] INFO: Database connection closed after processing item.
2025-03-23 19:12:55 [root] INFO: Processing page: https://api.taiwanlottery.com/TLCAPIWeB/Lottery/BingoResult?openDate=2024-01-04&pageNum=1&pageSize=1
2025-03-23 19:12:56 [root] INFO: Finished processing page: https://api.taiwanlottery.com/TLCAPIWeB/Lottery/BingoResult?openDate=2024-01-04&pageNum=21&pageSize=10
2025-03-23 19:12:56 [root] INFO: Item processed and committed to database.
2025-03-23 19:12:56 [root] INFO: Database connection closed after processing item.
2025-03-23 19:12:56 [root] INFO: 爬取日期: 2024-01-27
2025-03-23 19:12:56 [scrapy.core.engine] INFO: Closing spider (shutdown)
2025-03-23 19:12:56 [root] INFO: Processing page: https://api.taiwanlottery.com/TLCAPIWeB/Lottery/BingoResult?openDate=2024-01-14&pageNum=1&pageSize=1
2025-03-23 19:12:57 [root] INFO: Finished processing page: https://api.taiwanlottery.com/TLCAPIWeB/Lottery/BingoResult?openDate=2024-01-14&pageNum=21&pageSize=10
2025-03-23 19:12:57 [root] INFO: Item processed and committed to database.
2025-03-23 19:12:57 [root] INFO: Database connection closed after processing item.
2025-03-23 19:12:57 [root] INFO: Processing page: https://api.taiwanlottery.com/TLCAPIWeB/Lottery/BingoResult?openDate=2024-01-17&pageNum=1&pageSize=1
2025-03-23 19:12:58 [root] INFO: Finished processing page: https://api.taiwanlottery.com/TLCAPIWeB/Lottery/BingoResult?openDate=2024-01-17&pageNum=21&pageSize=10
2025-03-23 19:12:58 [root] INFO: Item processed and committed to database.
2025-03-23 19:12:58 [root] INFO: Database connection closed after processing item.
2025-03-23 19:12:58 [root] INFO: Processing page: https://api.taiwanlottery.com/TLCAPIWeB/Lottery/BingoResult?openDate=2024-01-15&pageNum=1&pageSize=1
2025-03-23 19:12:59 [root] INFO: Finished processing page: https://api.taiwanlottery.com/TLCAPIWeB/Lottery/BingoResult?openDate=2024-01-15&pageNum=21&pageSize=10
2025-03-23 19:12:59 [root] INFO: Item processed and committed to database.
2025-03-23 19:12:59 [root] INFO: Database connection closed after processing item.
2025-03-23 19:13:00 [root] INFO: Processing page: https://api.taiwanlottery.com/TLCAPIWeB/Lottery/BingoResult?openDate=2024-01-18&pageNum=1&pageSize=1
2025-03-23 19:13:00 [root] INFO: Finished processing page: https://api.taiwanlottery.com/TLCAPIWeB/Lottery/BingoResult?openDate=2024-01-18&pageNum=21&pageSize=10
2025-03-23 19:13:01 [root] INFO: Item processed and committed to database.
2025-03-23 19:13:01 [root] INFO: Database connection closed after processing item.
2025-03-23 19:13:01 [root] INFO: Processing page: https://api.taiwanlottery.com/TLCAPIWeB/Lottery/BingoResult?openDate=2024-01-16&pageNum=1&pageSize=1
2025-03-23 19:13:02 [root] INFO: Finished processing page: https://api.taiwanlottery.com/TLCAPIWeB/Lottery/BingoResult?openDate=2024-01-16&pageNum=21&pageSize=10
2025-03-23 19:13:02 [root] INFO: Item processed and committed to database.
2025-03-23 19:13:02 [root] INFO: Database connection closed after processing item.
2025-03-23 19:13:02 [root] INFO: Processing page: https://api.taiwanlottery.com/TLCAPIWeB/Lottery/BingoResult?openDate=2024-01-19&pageNum=1&pageSize=1
2025-03-23 19:13:03 [root] INFO: Finished processing page: https://api.taiwanlottery.com/TLCAPIWeB/Lottery/BingoResult?openDate=2024-01-19&pageNum=21&pageSize=10
2025-03-23 19:13:03 [root] INFO: Item processed and committed to database.
2025-03-23 19:13:03 [root] INFO: Database connection closed after processing item.
2025-03-23 19:13:03 [root] INFO: Processing page: https://api.taiwanlottery.com/TLCAPIWeB/Lottery/BingoResult?openDate=2024-01-21&pageNum=1&pageSize=1
2025-03-23 19:13:04 [root] INFO: Finished processing page: https://api.taiwanlottery.com/TLCAPIWeB/Lottery/BingoResult?openDate=2024-01-21&pageNum=21&pageSize=10
2025-03-23 19:13:04 [root] INFO: Item processed and committed to database.
2025-03-23 19:13:04 [root] INFO: Database connection closed after processing item.
2025-03-23 19:13:04 [root] INFO: Processing page: https://api.taiwanlottery.com/TLCAPIWeB/Lottery/BingoResult?openDate=2024-01-20&pageNum=1&pageSize=1
2025-03-23 19:13:05 [root] INFO: Finished processing page: https://api.taiwanlottery.com/TLCAPIWeB/Lottery/BingoResult?openDate=2024-01-20&pageNum=21&pageSize=10
2025-03-23 19:13:05 [root] INFO: Item processed and committed to database.
2025-03-23 19:13:05 [root] INFO: Database connection closed after processing item.
2025-03-24 04:10:18 [scrapy.utils.log] INFO: Scrapy 2.12.0 started (bot: bingo_scrapy)
2025-03-24 04:10:18 [scrapy.utils.log] INFO: Versions: lxml 5.3.1.0, libxml2 2.11.7, cssselect 1.3.0, parsel 1.10.0, w3lib 2.3.1, Twisted 24.11.0, Python 3.11.0 (main, Oct 24 2022, 18:26:48) [MSC v.1933 64 bit (AMD64)], pyOpenSSL 25.0.0 (OpenSSL 3.4.1 11 Feb 2025), cryptography 44.0.2, Platform Windows-10-10.0.19045-SP0
2025-03-24 04:10:18 [scrapy.addons] INFO: Enabled addons:
[]
2025-03-24 04:10:18 [scrapy.extensions.telnet] INFO: Telnet Password: 17012553986d9816
2025-03-24 04:10:18 [scrapy.middleware] INFO: Enabled extensions:
['scrapy.extensions.corestats.CoreStats',
 'scrapy.extensions.telnet.TelnetConsole',
 'scrapy.extensions.logstats.LogStats']
2025-03-24 04:10:18 [scrapy.crawler] INFO: Overridden settings:
{'BOT_NAME': 'bingo_scrapy',
 'LOG_FILE': 'bingo_spider.log',
 'LOG_LEVEL': 'INFO',
 'NEWSPIDER_MODULE': 'bingo_scrapy.spiders',
 'SPIDER_MODULES': ['bingo_scrapy.spiders']}
2025-03-24 04:10:18 [scrapy.middleware] INFO: Enabled downloader middlewares:
['scrapy.downloadermiddlewares.offsite.OffsiteMiddleware',
 'scrapy.downloadermiddlewares.httpauth.HttpAuthMiddleware',
 'scrapy.downloadermiddlewares.downloadtimeout.DownloadTimeoutMiddleware',
 'scrapy.downloadermiddlewares.defaultheaders.DefaultHeadersMiddleware',
 'scrapy.downloadermiddlewares.useragent.UserAgentMiddleware',
 'scrapy.downloadermiddlewares.retry.RetryMiddleware',
 'scrapy.downloadermiddlewares.redirect.MetaRefreshMiddleware',
 'scrapy.downloadermiddlewares.httpcompression.HttpCompressionMiddleware',
 'scrapy.downloadermiddlewares.redirect.RedirectMiddleware',
 'scrapy.downloadermiddlewares.cookies.CookiesMiddleware',
 'scrapy.downloadermiddlewares.httpproxy.HttpProxyMiddleware',
 'scrapy.downloadermiddlewares.stats.DownloaderStats']
2025-03-24 04:10:18 [scrapy.middleware] INFO: Enabled spider middlewares:
['scrapy.spidermiddlewares.httperror.HttpErrorMiddleware',
 'scrapy.spidermiddlewares.referer.RefererMiddleware',
 'scrapy.spidermiddlewares.urllength.UrlLengthMiddleware',
 'scrapy.spidermiddlewares.depth.DepthMiddleware']
2025-03-24 04:10:18 [scrapy.middleware] INFO: Enabled item pipelines:
['bingo_scrapy.pipelines.CsvPipeline', 'bingo_scrapy.pipelines.DbPipeline']
2025-03-24 04:10:18 [scrapy.core.engine] INFO: Spider opened
2025-03-24 04:10:18 [root] INFO: Opening spider and establishing database connection.
2025-03-24 04:10:18 [root] INFO: DELETE_OLD_DATA: True
2025-03-24 04:10:18 [root] INFO: Table dropped.
2025-03-24 04:10:18 [root] INFO: Checking if table dbo.bingo exists.
2025-03-24 04:10:18 [root] INFO: Table dbo.bingo does not exist. Creating table.
2025-03-24 04:10:18 [root] INFO: Table dbo.bingo created successfully.
2025-03-24 04:10:18 [root] INFO: Database connection established and table checked/created.
2025-03-24 04:10:18 [scrapy.extensions.logstats] INFO: Crawled 0 pages (at 0 pages/min), scraped 0 items (at 0 items/min)
2025-03-24 04:10:18 [scrapy.extensions.telnet] INFO: Telnet console listening on 127.0.0.1:6023
2025-03-24 04:10:18 [root] INFO: 2024-01-01
2025-03-24 04:10:18 [root] INFO: 2024-01-02 00:00:00
2025-03-24 04:10:18 [root] INFO: Start date: 2024-01-02 00:00:00, End date: 2024-02-04 00:00:00
2025-03-24 04:10:18 [root] INFO: Using START_DATE and END_DATE: ['2024-01-02', '2024-01-03', '2024-01-04', '2024-01-05', '2024-01-06', '2024-01-07', '2024-01-08', '2024-01-09', '2024-01-10', '2024-01-11', '2024-01-12', '2024-01-13', '2024-01-14', '2024-01-15', '2024-01-16', '2024-01-17', '2024-01-18', '2024-01-19', '2024-01-20', '2024-01-21', '2024-01-22', '2024-01-23', '2024-01-24', '2024-01-25', '2024-01-26', '2024-01-27', '2024-01-28', '2024-01-29', '2024-01-30', '2024-01-31', '2024-02-01', '2024-02-02', '2024-02-03', '2024-02-04']
2025-03-24 04:10:18 [root] INFO: 爬取日期: 2024-01-02
2025-03-24 04:10:18 [root] INFO: 爬取日期: 2024-01-03
2025-03-24 04:10:18 [root] INFO: 爬取日期: 2024-01-04
2025-03-24 04:10:18 [root] INFO: 爬取日期: 2024-01-05
2025-03-24 04:10:18 [root] INFO: 爬取日期: 2024-01-06
2025-03-24 04:10:18 [root] INFO: 爬取日期: 2024-01-07
2025-03-24 04:10:18 [root] INFO: 爬取日期: 2024-01-08
2025-03-24 04:10:18 [root] INFO: 爬取日期: 2024-01-09
2025-03-24 04:10:18 [root] INFO: 爬取日期: 2024-01-10
2025-03-24 04:10:18 [root] INFO: 爬取日期: 2024-01-11
2025-03-24 04:10:18 [root] INFO: 爬取日期: 2024-01-12
2025-03-24 04:10:18 [root] INFO: 爬取日期: 2024-01-13
2025-03-24 04:10:18 [root] INFO: 爬取日期: 2024-01-14
2025-03-24 04:10:18 [root] INFO: 爬取日期: 2024-01-15
2025-03-24 04:10:18 [root] INFO: 爬取日期: 2024-01-16
2025-03-24 04:10:18 [root] INFO: 爬取日期: 2024-01-17
2025-03-24 04:10:18 [root] INFO: 爬取日期: 2024-01-18
2025-03-24 04:10:18 [root] INFO: 爬取日期: 2024-01-19
2025-03-24 04:10:18 [root] INFO: 爬取日期: 2024-01-20
2025-03-24 04:10:18 [root] INFO: 爬取日期: 2024-01-21
2025-03-24 04:10:18 [root] INFO: 爬取日期: 2024-01-22
2025-03-24 04:10:18 [root] INFO: 爬取日期: 2024-01-23
2025-03-24 04:10:18 [root] INFO: 爬取日期: 2024-01-24
2025-03-24 04:10:18 [root] INFO: 爬取日期: 2024-01-25
2025-03-24 04:10:18 [root] INFO: 爬取日期: 2024-01-26
2025-03-24 04:10:18 [root] INFO: 爬取日期: 2024-01-27
2025-03-24 04:10:18 [root] INFO: 爬取日期: 2024-01-28
2025-03-24 04:10:18 [root] INFO: 爬取日期: 2024-01-29
2025-03-24 04:10:18 [root] INFO: 爬取日期: 2024-01-30
2025-03-24 04:10:18 [root] INFO: 爬取日期: 2024-01-31
2025-03-24 04:10:18 [root] INFO: 爬取日期: 2024-02-01
2025-03-24 04:10:18 [root] INFO: 爬取日期: 2024-02-02
2025-03-24 04:10:18 [root] INFO: 爬取日期: 2024-02-03
2025-03-24 04:10:18 [root] INFO: 爬取日期: 2024-02-04
2025-03-24 04:10:18 [root] INFO: Processing page: https://api.taiwanlottery.com/TLCAPIWeB/Lottery/BingoResult?openDate=2024-01-05&pageNum=1&pageSize=1
2025-03-24 04:10:19 [root] INFO: Finished processing page: https://api.taiwanlottery.com/TLCAPIWeB/Lottery/BingoResult?openDate=2024-01-05&pageNum=21&pageSize=10
2025-03-24 04:10:20 [root] INFO: Item processed and committed to database.
2025-03-24 04:10:20 [root] INFO: Database connection closed after processing item.
2025-03-24 04:10:20 [root] INFO: Processing page: https://api.taiwanlottery.com/TLCAPIWeB/Lottery/BingoResult?openDate=2024-01-02&pageNum=1&pageSize=1
2025-03-24 04:10:20 [root] INFO: Finished processing page: https://api.taiwanlottery.com/TLCAPIWeB/Lottery/BingoResult?openDate=2024-01-02&pageNum=21&pageSize=10
2025-03-24 04:10:21 [root] INFO: Item processed and committed to database.
2025-03-24 04:10:21 [root] INFO: Database connection closed after processing item.
2025-03-24 04:10:21 [root] INFO: Processing page: https://api.taiwanlottery.com/TLCAPIWeB/Lottery/BingoResult?openDate=2024-01-07&pageNum=1&pageSize=1
2025-03-24 04:10:22 [root] INFO: Finished processing page: https://api.taiwanlottery.com/TLCAPIWeB/Lottery/BingoResult?openDate=2024-01-07&pageNum=21&pageSize=10
2025-03-24 04:10:22 [root] INFO: Item processed and committed to database.
2025-03-24 04:10:22 [root] INFO: Database connection closed after processing item.
2025-03-24 04:10:22 [root] INFO: Processing page: https://api.taiwanlottery.com/TLCAPIWeB/Lottery/BingoResult?openDate=2024-01-09&pageNum=1&pageSize=1
2025-03-24 04:10:23 [root] INFO: Finished processing page: https://api.taiwanlottery.com/TLCAPIWeB/Lottery/BingoResult?openDate=2024-01-09&pageNum=21&pageSize=10
2025-03-24 04:10:23 [root] INFO: Item processed and committed to database.
2025-03-24 04:10:23 [root] INFO: Database connection closed after processing item.
2025-03-24 04:10:23 [root] INFO: Processing page: https://api.taiwanlottery.com/TLCAPIWeB/Lottery/BingoResult?openDate=2024-01-08&pageNum=1&pageSize=1
2025-03-24 04:10:24 [root] INFO: Finished processing page: https://api.taiwanlottery.com/TLCAPIWeB/Lottery/BingoResult?openDate=2024-01-08&pageNum=21&pageSize=10
2025-03-24 04:10:24 [root] INFO: Item processed and committed to database.
2025-03-24 04:10:24 [root] INFO: Database connection closed after processing item.
2025-03-24 04:10:24 [root] INFO: Processing page: https://api.taiwanlottery.com/TLCAPIWeB/Lottery/BingoResult?openDate=2024-01-03&pageNum=1&pageSize=1
2025-03-24 04:10:25 [root] INFO: Finished processing page: https://api.taiwanlottery.com/TLCAPIWeB/Lottery/BingoResult?openDate=2024-01-03&pageNum=21&pageSize=10
2025-03-24 04:10:25 [root] INFO: Item processed and committed to database.
2025-03-24 04:10:25 [root] INFO: Database connection closed after processing item.
2025-03-24 04:10:25 [root] INFO: Processing page: https://api.taiwanlottery.com/TLCAPIWeB/Lottery/BingoResult?openDate=2024-01-06&pageNum=1&pageSize=1
2025-03-24 04:10:26 [root] INFO: Finished processing page: https://api.taiwanlottery.com/TLCAPIWeB/Lottery/BingoResult?openDate=2024-01-06&pageNum=21&pageSize=10
2025-03-24 04:10:26 [root] INFO: Item processed and committed to database.
2025-03-24 04:10:26 [root] INFO: Database connection closed after processing item.
2025-03-24 04:10:26 [root] INFO: Processing page: https://api.taiwanlottery.com/TLCAPIWeB/Lottery/BingoResult?openDate=2024-01-12&pageNum=1&pageSize=1
2025-03-24 04:10:27 [root] INFO: Finished processing page: https://api.taiwanlottery.com/TLCAPIWeB/Lottery/BingoResult?openDate=2024-01-12&pageNum=21&pageSize=10
2025-03-24 04:10:27 [root] INFO: Item processed and committed to database.
2025-03-24 04:10:27 [root] INFO: Database connection closed after processing item.
2025-03-24 04:10:27 [root] INFO: Processing page: https://api.taiwanlottery.com/TLCAPIWeB/Lottery/BingoResult?openDate=2024-01-10&pageNum=1&pageSize=1
2025-03-24 04:10:28 [root] INFO: Finished processing page: https://api.taiwanlottery.com/TLCAPIWeB/Lottery/BingoResult?openDate=2024-01-10&pageNum=21&pageSize=10
2025-03-24 04:10:28 [root] INFO: Item processed and committed to database.
2025-03-24 04:10:28 [root] INFO: Database connection closed after processing item.
2025-03-24 04:10:28 [root] INFO: Processing page: https://api.taiwanlottery.com/TLCAPIWeB/Lottery/BingoResult?openDate=2024-01-11&pageNum=1&pageSize=1
2025-03-24 04:10:29 [root] INFO: Finished processing page: https://api.taiwanlottery.com/TLCAPIWeB/Lottery/BingoResult?openDate=2024-01-11&pageNum=21&pageSize=10
2025-03-24 04:10:29 [root] INFO: Item processed and committed to database.
2025-03-24 04:10:29 [root] INFO: Database connection closed after processing item.
2025-03-24 04:10:29 [root] INFO: Processing page: https://api.taiwanlottery.com/TLCAPIWeB/Lottery/BingoResult?openDate=2024-01-04&pageNum=1&pageSize=1
2025-03-24 04:10:30 [root] INFO: Finished processing page: https://api.taiwanlottery.com/TLCAPIWeB/Lottery/BingoResult?openDate=2024-01-04&pageNum=21&pageSize=10
2025-03-24 04:10:30 [root] INFO: Item processed and committed to database.
2025-03-24 04:10:30 [root] INFO: Database connection closed after processing item.
2025-03-24 04:10:30 [root] INFO: Processing page: https://api.taiwanlottery.com/TLCAPIWeB/Lottery/BingoResult?openDate=2024-01-14&pageNum=1&pageSize=1
2025-03-24 04:10:31 [root] INFO: Finished processing page: https://api.taiwanlottery.com/TLCAPIWeB/Lottery/BingoResult?openDate=2024-01-14&pageNum=21&pageSize=10
2025-03-24 04:10:31 [root] INFO: Item processed and committed to database.
2025-03-24 04:10:31 [root] INFO: Database connection closed after processing item.
2025-03-24 04:10:31 [root] INFO: Processing page: https://api.taiwanlottery.com/TLCAPIWeB/Lottery/BingoResult?openDate=2024-01-13&pageNum=1&pageSize=1
2025-03-24 04:10:32 [root] INFO: Finished processing page: https://api.taiwanlottery.com/TLCAPIWeB/Lottery/BingoResult?openDate=2024-01-13&pageNum=21&pageSize=10
2025-03-24 04:10:32 [root] INFO: Item processed and committed to database.
2025-03-24 04:10:32 [root] INFO: Database connection closed after processing item.
2025-03-24 04:10:32 [root] INFO: Processing page: https://api.taiwanlottery.com/TLCAPIWeB/Lottery/BingoResult?openDate=2024-01-15&pageNum=1&pageSize=1
2025-03-24 04:10:33 [root] INFO: Finished processing page: https://api.taiwanlottery.com/TLCAPIWeB/Lottery/BingoResult?openDate=2024-01-15&pageNum=21&pageSize=10
2025-03-24 04:10:33 [root] INFO: Item processed and committed to database.
2025-03-24 04:10:33 [root] INFO: Database connection closed after processing item.
2025-03-24 04:10:33 [root] INFO: Processing page: https://api.taiwanlottery.com/TLCAPIWeB/Lottery/BingoResult?openDate=2024-01-16&pageNum=1&pageSize=1
2025-03-24 04:10:34 [root] INFO: Finished processing page: https://api.taiwanlottery.com/TLCAPIWeB/Lottery/BingoResult?openDate=2024-01-16&pageNum=21&pageSize=10
2025-03-24 04:10:34 [root] INFO: Item processed and committed to database.
2025-03-24 04:10:34 [root] INFO: Database connection closed after processing item.
2025-03-24 04:10:34 [root] INFO: Processing page: https://api.taiwanlottery.com/TLCAPIWeB/Lottery/BingoResult?openDate=2024-01-18&pageNum=1&pageSize=1
2025-03-24 04:10:35 [root] INFO: Finished processing page: https://api.taiwanlottery.com/TLCAPIWeB/Lottery/BingoResult?openDate=2024-01-18&pageNum=21&pageSize=10
2025-03-24 04:10:35 [root] INFO: Item processed and committed to database.
2025-03-24 04:10:35 [root] INFO: Database connection closed after processing item.
2025-03-24 04:10:35 [root] INFO: Processing page: https://api.taiwanlottery.com/TLCAPIWeB/Lottery/BingoResult?openDate=2024-01-17&pageNum=1&pageSize=1
2025-03-24 04:10:36 [root] INFO: Finished processing page: https://api.taiwanlottery.com/TLCAPIWeB/Lottery/BingoResult?openDate=2024-01-17&pageNum=21&pageSize=10
2025-03-24 04:10:36 [root] INFO: Item processed and committed to database.
2025-03-24 04:10:36 [root] INFO: Database connection closed after processing item.
2025-03-24 04:10:36 [root] INFO: Processing page: https://api.taiwanlottery.com/TLCAPIWeB/Lottery/BingoResult?openDate=2024-01-25&pageNum=1&pageSize=1
2025-03-24 04:10:37 [root] INFO: Finished processing page: https://api.taiwanlottery.com/TLCAPIWeB/Lottery/BingoResult?openDate=2024-01-25&pageNum=21&pageSize=10
2025-03-24 04:10:37 [root] INFO: Item processed and committed to database.
2025-03-24 04:10:37 [root] INFO: Database connection closed after processing item.
2025-03-24 04:10:37 [root] INFO: Processing page: https://api.taiwanlottery.com/TLCAPIWeB/Lottery/BingoResult?openDate=2024-01-20&pageNum=1&pageSize=1
2025-03-24 04:10:38 [root] INFO: Finished processing page: https://api.taiwanlottery.com/TLCAPIWeB/Lottery/BingoResult?openDate=2024-01-20&pageNum=21&pageSize=10
2025-03-24 04:10:38 [root] INFO: Item processed and committed to database.
2025-03-24 04:10:38 [root] INFO: Database connection closed after processing item.
2025-03-24 04:10:38 [root] INFO: Processing page: https://api.taiwanlottery.com/TLCAPIWeB/Lottery/BingoResult?openDate=2024-01-19&pageNum=1&pageSize=1
2025-03-24 04:10:39 [root] INFO: Finished processing page: https://api.taiwanlottery.com/TLCAPIWeB/Lottery/BingoResult?openDate=2024-01-19&pageNum=21&pageSize=10
2025-03-24 04:10:39 [root] INFO: Item processed and committed to database.
2025-03-24 04:10:39 [root] INFO: Database connection closed after processing item.
2025-03-24 04:10:39 [root] INFO: Processing page: https://api.taiwanlottery.com/TLCAPIWeB/Lottery/BingoResult?openDate=2024-01-21&pageNum=1&pageSize=1
2025-03-24 04:10:40 [root] INFO: Finished processing page: https://api.taiwanlottery.com/TLCAPIWeB/Lottery/BingoResult?openDate=2024-01-21&pageNum=21&pageSize=10
2025-03-24 04:10:40 [root] INFO: Item processed and committed to database.
2025-03-24 04:10:40 [root] INFO: Database connection closed after processing item.
2025-03-24 04:10:40 [root] INFO: Processing page: https://api.taiwanlottery.com/TLCAPIWeB/Lottery/BingoResult?openDate=2024-01-22&pageNum=1&pageSize=1
2025-03-24 04:10:41 [root] INFO: Finished processing page: https://api.taiwanlottery.com/TLCAPIWeB/Lottery/BingoResult?openDate=2024-01-22&pageNum=21&pageSize=10
2025-03-24 04:10:41 [root] INFO: Item processed and committed to database.
2025-03-24 04:10:41 [root] INFO: Database connection closed after processing item.
2025-03-24 04:10:41 [root] INFO: Processing page: https://api.taiwanlottery.com/TLCAPIWeB/Lottery/BingoResult?openDate=2024-01-24&pageNum=1&pageSize=1
2025-03-24 04:10:42 [root] INFO: Finished processing page: https://api.taiwanlottery.com/TLCAPIWeB/Lottery/BingoResult?openDate=2024-01-24&pageNum=21&pageSize=10
2025-03-24 04:10:42 [root] INFO: Item processed and committed to database.
2025-03-24 04:10:42 [root] INFO: Database connection closed after processing item.
2025-03-24 04:10:42 [root] INFO: Processing page: https://api.taiwanlottery.com/TLCAPIWeB/Lottery/BingoResult?openDate=2024-01-26&pageNum=1&pageSize=1
2025-03-24 04:10:43 [root] INFO: Finished processing page: https://api.taiwanlottery.com/TLCAPIWeB/Lottery/BingoResult?openDate=2024-01-26&pageNum=21&pageSize=10
2025-03-24 04:10:43 [root] INFO: Item processed and committed to database.
2025-03-24 04:10:43 [root] INFO: Database connection closed after processing item.
2025-03-24 04:10:43 [root] INFO: Processing page: https://api.taiwanlottery.com/TLCAPIWeB/Lottery/BingoResult?openDate=2024-01-23&pageNum=1&pageSize=1
2025-03-24 04:10:44 [root] INFO: Finished processing page: https://api.taiwanlottery.com/TLCAPIWeB/Lottery/BingoResult?openDate=2024-01-23&pageNum=21&pageSize=10
2025-03-24 04:10:44 [root] INFO: Item processed and committed to database.
2025-03-24 04:10:44 [root] INFO: Database connection closed after processing item.
2025-03-24 04:10:44 [root] INFO: Processing page: https://api.taiwanlottery.com/TLCAPIWeB/Lottery/BingoResult?openDate=2024-01-28&pageNum=1&pageSize=1
2025-03-24 04:10:45 [root] INFO: Finished processing page: https://api.taiwanlottery.com/TLCAPIWeB/Lottery/BingoResult?openDate=2024-01-28&pageNum=21&pageSize=10
2025-03-24 04:10:45 [root] INFO: Item processed and committed to database.
2025-03-24 04:10:45 [root] INFO: Database connection closed after processing item.
2025-03-24 04:10:45 [root] INFO: Processing page: https://api.taiwanlottery.com/TLCAPIWeB/Lottery/BingoResult?openDate=2024-01-29&pageNum=1&pageSize=1
2025-03-24 04:10:46 [root] INFO: Finished processing page: https://api.taiwanlottery.com/TLCAPIWeB/Lottery/BingoResult?openDate=2024-01-29&pageNum=21&pageSize=10
2025-03-24 04:10:46 [root] INFO: Item processed and committed to database.
2025-03-24 04:10:46 [root] INFO: Database connection closed after processing item.
2025-03-24 04:10:46 [root] INFO: Processing page: https://api.taiwanlottery.com/TLCAPIWeB/Lottery/BingoResult?openDate=2024-01-30&pageNum=1&pageSize=1
2025-03-24 04:10:47 [root] INFO: Finished processing page: https://api.taiwanlottery.com/TLCAPIWeB/Lottery/BingoResult?openDate=2024-01-30&pageNum=21&pageSize=10
2025-03-24 04:10:47 [root] INFO: Item processed and committed to database.
2025-03-24 04:10:47 [root] INFO: Database connection closed after processing item.
2025-03-24 04:10:47 [root] INFO: Processing page: https://api.taiwanlottery.com/TLCAPIWeB/Lottery/BingoResult?openDate=2024-02-02&pageNum=1&pageSize=1
2025-03-24 04:10:48 [root] INFO: Finished processing page: https://api.taiwanlottery.com/TLCAPIWeB/Lottery/BingoResult?openDate=2024-02-02&pageNum=21&pageSize=10
2025-03-24 04:10:48 [root] INFO: Item processed and committed to database.
2025-03-24 04:10:48 [root] INFO: Database connection closed after processing item.
2025-03-24 04:10:48 [root] INFO: Processing page: https://api.taiwanlottery.com/TLCAPIWeB/Lottery/BingoResult?openDate=2024-01-31&pageNum=1&pageSize=1
2025-03-24 04:10:49 [root] INFO: Finished processing page: https://api.taiwanlottery.com/TLCAPIWeB/Lottery/BingoResult?openDate=2024-01-31&pageNum=21&pageSize=10
2025-03-24 04:10:49 [root] INFO: Item processed and committed to database.
2025-03-24 04:10:49 [root] INFO: Database connection closed after processing item.
2025-03-24 04:10:49 [root] INFO: Processing page: https://api.taiwanlottery.com/TLCAPIWeB/Lottery/BingoResult?openDate=2024-01-27&pageNum=1&pageSize=1
2025-03-24 04:10:50 [root] INFO: Finished processing page: https://api.taiwanlottery.com/TLCAPIWeB/Lottery/BingoResult?openDate=2024-01-27&pageNum=21&pageSize=10
2025-03-24 04:10:50 [root] INFO: Item processed and committed to database.
2025-03-24 04:10:50 [root] INFO: Database connection closed after processing item.
2025-03-24 04:10:50 [root] INFO: Processing page: https://api.taiwanlottery.com/TLCAPIWeB/Lottery/BingoResult?openDate=2024-02-03&pageNum=1&pageSize=1
2025-03-24 04:10:51 [root] INFO: Finished processing page: https://api.taiwanlottery.com/TLCAPIWeB/Lottery/BingoResult?openDate=2024-02-03&pageNum=21&pageSize=10
2025-03-24 04:10:51 [root] INFO: Item processed and committed to database.
2025-03-24 04:10:51 [root] INFO: Database connection closed after processing item.
2025-03-24 04:10:51 [root] INFO: Processing page: https://api.taiwanlottery.com/TLCAPIWeB/Lottery/BingoResult?openDate=2024-02-01&pageNum=1&pageSize=1
2025-03-24 04:10:52 [root] INFO: Finished processing page: https://api.taiwanlottery.com/TLCAPIWeB/Lottery/BingoResult?openDate=2024-02-01&pageNum=21&pageSize=10
2025-03-24 04:10:52 [root] INFO: Item processed and committed to database.
2025-03-24 04:10:52 [root] INFO: Database connection closed after processing item.
2025-03-24 04:10:52 [root] INFO: Processing page: https://api.taiwanlottery.com/TLCAPIWeB/Lottery/BingoResult?openDate=2024-02-04&pageNum=1&pageSize=1
2025-03-24 04:10:53 [root] INFO: Finished processing page: https://api.taiwanlottery.com/TLCAPIWeB/Lottery/BingoResult?openDate=2024-02-04&pageNum=21&pageSize=10
2025-03-24 04:10:53 [root] INFO: Item processed and committed to database.
2025-03-24 04:10:53 [root] INFO: Database connection closed after processing item.
2025-03-24 04:10:53 [scrapy.core.engine] INFO: Closing spider (finished)
2025-03-24 04:10:53 [root] INFO: Database connection closed.
2025-03-24 04:10:53 [scrapy.statscollectors] INFO: Dumping Scrapy stats:
{'downloader/request_bytes': 9928,
 'downloader/request_count': 34,
 'downloader/request_method_count/GET': 34,
 'downloader/response_bytes': 38804,
 'downloader/response_count': 34,
 'downloader/response_status_count/200': 34,
 'elapsed_time_seconds': 34.688244,
 'finish_reason': 'finished',
 'finish_time': datetime.datetime(2025, 3, 23, 20, 10, 53, 481494, tzinfo=datetime.timezone.utc),
 'httpcompression/response_bytes': 64162,
 'httpcompression/response_count': 34,
 'item_scraped_count': 34,
 'items_per_minute': None,
 'log_count/INFO': 192,
 'response_received_count': 34,
 'responses_per_minute': None,
 'scheduler/dequeued': 34,
 'scheduler/dequeued/memory': 34,
 'scheduler/enqueued': 34,
 'scheduler/enqueued/memory': 34,
 'start_time': datetime.datetime(2025, 3, 23, 20, 10, 18, 793250, tzinfo=datetime.timezone.utc)}
2025-03-24 04:10:53 [scrapy.core.engine] INFO: Spider closed (finished)
2025-03-24 04:14:38 [scrapy.utils.log] INFO: Scrapy 2.12.0 started (bot: bingo_scrapy)
2025-03-24 04:14:38 [scrapy.utils.log] INFO: Versions: lxml 5.3.1.0, libxml2 2.11.7, cssselect 1.3.0, parsel 1.10.0, w3lib 2.3.1, Twisted 24.11.0, Python 3.11.0 (main, Oct 24 2022, 18:26:48) [MSC v.1933 64 bit (AMD64)], pyOpenSSL 25.0.0 (OpenSSL 3.4.1 11 Feb 2025), cryptography 44.0.2, Platform Windows-10-10.0.19045-SP0
2025-03-24 04:14:38 [scrapy.addons] INFO: Enabled addons:
[]
2025-03-24 04:14:38 [scrapy.extensions.telnet] INFO: Telnet Password: 849dc7c5ab00dd9f
2025-03-24 04:14:38 [scrapy.middleware] INFO: Enabled extensions:
['scrapy.extensions.corestats.CoreStats',
 'scrapy.extensions.telnet.TelnetConsole',
 'scrapy.extensions.logstats.LogStats']
2025-03-24 04:14:38 [scrapy.crawler] INFO: Overridden settings:
{'BOT_NAME': 'bingo_scrapy',
 'LOG_FILE': 'bingo_spider.log',
 'LOG_LEVEL': 'INFO',
 'NEWSPIDER_MODULE': 'bingo_scrapy.spiders',
 'SPIDER_MODULES': ['bingo_scrapy.spiders']}
2025-03-24 04:14:38 [scrapy.middleware] INFO: Enabled downloader middlewares:
['scrapy.downloadermiddlewares.offsite.OffsiteMiddleware',
 'scrapy.downloadermiddlewares.httpauth.HttpAuthMiddleware',
 'scrapy.downloadermiddlewares.downloadtimeout.DownloadTimeoutMiddleware',
 'scrapy.downloadermiddlewares.defaultheaders.DefaultHeadersMiddleware',
 'scrapy.downloadermiddlewares.useragent.UserAgentMiddleware',
 'scrapy.downloadermiddlewares.retry.RetryMiddleware',
 'scrapy.downloadermiddlewares.redirect.MetaRefreshMiddleware',
 'scrapy.downloadermiddlewares.httpcompression.HttpCompressionMiddleware',
 'scrapy.downloadermiddlewares.redirect.RedirectMiddleware',
 'scrapy.downloadermiddlewares.cookies.CookiesMiddleware',
 'scrapy.downloadermiddlewares.httpproxy.HttpProxyMiddleware',
 'scrapy.downloadermiddlewares.stats.DownloaderStats']
2025-03-24 04:14:38 [scrapy.middleware] INFO: Enabled spider middlewares:
['scrapy.spidermiddlewares.httperror.HttpErrorMiddleware',
 'scrapy.spidermiddlewares.referer.RefererMiddleware',
 'scrapy.spidermiddlewares.urllength.UrlLengthMiddleware',
 'scrapy.spidermiddlewares.depth.DepthMiddleware']
2025-03-24 04:14:38 [scrapy.middleware] INFO: Enabled item pipelines:
['bingo_scrapy.pipelines.CsvPipeline', 'bingo_scrapy.pipelines.DbPipeline']
2025-03-24 04:14:38 [scrapy.core.engine] INFO: Spider opened
2025-03-24 04:14:38 [root] INFO: Opening spider and establishing database connection.
2025-03-24 04:14:38 [root] INFO: DELETE_OLD_DATA: True
2025-03-24 04:14:38 [root] INFO: Table dropped.
2025-03-24 04:14:38 [root] INFO: Checking if table dbo.bingo exists.
2025-03-24 04:14:38 [root] INFO: Table dbo.bingo does not exist. Creating table.
2025-03-24 04:14:38 [root] INFO: Table dbo.bingo created successfully.
2025-03-24 04:14:38 [root] INFO: Database connection established and table checked/created.
2025-03-24 04:14:38 [scrapy.extensions.logstats] INFO: Crawled 0 pages (at 0 pages/min), scraped 0 items (at 0 items/min)
2025-03-24 04:14:38 [scrapy.extensions.telnet] INFO: Telnet console listening on 127.0.0.1:6023
2025-03-24 04:14:38 [root] INFO: DEBUG: True
2025-03-24 04:14:38 [root] INFO: 2024-01-01
2025-03-24 04:14:38 [root] INFO: 2024-01-02 00:00:00
2025-03-24 04:14:38 [root] INFO: Start date: 2024-01-02 00:00:00, End date: 2024-01-02 00:00:00
2025-03-24 04:14:38 [root] INFO: Using START_DATE and END_DATE: ['2024-01-02']
2025-03-24 04:14:38 [root] INFO: 爬取日期: 2024-01-02
2025-03-24 04:14:38 [root] INFO: Processing page: https://api.taiwanlottery.com/TLCAPIWeB/Lottery/BingoResult?openDate=2024-01-02&pageNum=1&pageSize=1
2025-03-24 04:14:39 [root] INFO: Finished processing page: https://api.taiwanlottery.com/TLCAPIWeB/Lottery/BingoResult?openDate=2024-01-02&pageNum=21&pageSize=10
2025-03-24 04:14:39 [root] INFO: DEBUG: True
2025-03-24 04:14:39 [root] INFO: DEBUG: True
2025-03-24 04:14:39 [root] INFO: DEBUG: True
2025-03-24 04:14:39 [root] INFO: DEBUG: True
2025-03-24 04:14:39 [root] INFO: DEBUG: True
2025-03-24 04:14:39 [root] INFO: DEBUG: True
2025-03-24 04:14:39 [root] INFO: DEBUG: True
2025-03-24 04:14:39 [root] INFO: DEBUG: True
2025-03-24 04:14:39 [root] INFO: DEBUG: True
2025-03-24 04:14:39 [root] INFO: DEBUG: True
2025-03-24 04:14:39 [root] INFO: DEBUG: True
2025-03-24 04:14:39 [root] INFO: DEBUG: True
2025-03-24 04:14:39 [root] INFO: DEBUG: True
2025-03-24 04:14:39 [root] INFO: DEBUG: True
2025-03-24 04:14:39 [root] INFO: DEBUG: True
2025-03-24 04:14:39 [root] INFO: DEBUG: True
2025-03-24 04:14:39 [root] INFO: DEBUG: True
2025-03-24 04:14:39 [root] INFO: DEBUG: True
2025-03-24 04:14:39 [root] INFO: DEBUG: True
2025-03-24 04:14:39 [root] INFO: DEBUG: True
2025-03-24 04:14:39 [root] INFO: DEBUG: True
2025-03-24 04:14:39 [root] INFO: DEBUG: True
2025-03-24 04:14:39 [root] INFO: DEBUG: True
2025-03-24 04:14:39 [root] INFO: DEBUG: True
2025-03-24 04:14:39 [root] INFO: DEBUG: True
2025-03-24 04:14:39 [root] INFO: DEBUG: True
2025-03-24 04:14:39 [root] INFO: DEBUG: True
2025-03-24 04:14:39 [root] INFO: DEBUG: True
2025-03-24 04:14:39 [root] INFO: DEBUG: True
2025-03-24 04:14:39 [root] INFO: DEBUG: True
2025-03-24 04:14:39 [root] INFO: DEBUG: True
2025-03-24 04:14:39 [root] INFO: DEBUG: True
2025-03-24 04:14:39 [root] INFO: DEBUG: True
2025-03-24 04:14:39 [root] INFO: DEBUG: True
2025-03-24 04:14:39 [root] INFO: DEBUG: True
2025-03-24 04:14:39 [root] INFO: DEBUG: True
2025-03-24 04:14:39 [root] INFO: DEBUG: True
2025-03-24 04:14:39 [root] INFO: DEBUG: True
2025-03-24 04:14:39 [root] INFO: DEBUG: True
2025-03-24 04:14:39 [root] INFO: DEBUG: True
2025-03-24 04:14:39 [root] INFO: DEBUG: True
2025-03-24 04:14:39 [root] INFO: DEBUG: True
2025-03-24 04:14:39 [root] INFO: DEBUG: True
2025-03-24 04:14:39 [root] INFO: DEBUG: True
2025-03-24 04:14:39 [root] INFO: DEBUG: True
2025-03-24 04:14:39 [root] INFO: DEBUG: True
2025-03-24 04:14:39 [root] INFO: DEBUG: True
2025-03-24 04:14:39 [root] INFO: DEBUG: True
2025-03-24 04:14:39 [root] INFO: DEBUG: True
2025-03-24 04:14:39 [root] INFO: DEBUG: True
2025-03-24 04:14:39 [root] INFO: DEBUG: True
2025-03-24 04:14:39 [root] INFO: DEBUG: True
2025-03-24 04:14:39 [root] INFO: DEBUG: True
2025-03-24 04:14:39 [root] INFO: DEBUG: True
2025-03-24 04:14:39 [root] INFO: DEBUG: True
2025-03-24 04:14:39 [root] INFO: DEBUG: True
2025-03-24 04:14:39 [root] INFO: DEBUG: True
2025-03-24 04:14:39 [root] INFO: DEBUG: True
2025-03-24 04:14:39 [root] INFO: DEBUG: True
2025-03-24 04:14:39 [root] INFO: DEBUG: True
2025-03-24 04:14:39 [root] INFO: DEBUG: True
2025-03-24 04:14:39 [root] INFO: DEBUG: True
2025-03-24 04:14:39 [root] INFO: DEBUG: True
2025-03-24 04:14:39 [root] INFO: DEBUG: True
2025-03-24 04:14:39 [root] INFO: DEBUG: True
2025-03-24 04:14:39 [root] INFO: DEBUG: True
2025-03-24 04:14:39 [root] INFO: DEBUG: True
2025-03-24 04:14:39 [root] INFO: DEBUG: True
2025-03-24 04:14:39 [root] INFO: DEBUG: True
2025-03-24 04:14:39 [root] INFO: DEBUG: True
2025-03-24 04:14:39 [root] INFO: DEBUG: True
2025-03-24 04:14:39 [root] INFO: DEBUG: True
2025-03-24 04:14:39 [root] INFO: DEBUG: True
2025-03-24 04:14:39 [root] INFO: DEBUG: True
2025-03-24 04:14:39 [root] INFO: DEBUG: True
2025-03-24 04:14:39 [root] INFO: DEBUG: True
2025-03-24 04:14:39 [root] INFO: DEBUG: True
2025-03-24 04:14:39 [root] INFO: DEBUG: True
2025-03-24 04:14:39 [root] INFO: DEBUG: True
2025-03-24 04:14:39 [root] INFO: DEBUG: True
2025-03-24 04:14:39 [root] INFO: DEBUG: True
2025-03-24 04:14:39 [root] INFO: DEBUG: True
2025-03-24 04:14:39 [root] INFO: DEBUG: True
2025-03-24 04:14:39 [root] INFO: DEBUG: True
2025-03-24 04:14:39 [root] INFO: DEBUG: True
2025-03-24 04:14:39 [root] INFO: DEBUG: True
2025-03-24 04:14:39 [root] INFO: DEBUG: True
2025-03-24 04:14:39 [root] INFO: DEBUG: True
2025-03-24 04:14:39 [root] INFO: DEBUG: True
2025-03-24 04:14:39 [root] INFO: DEBUG: True
2025-03-24 04:14:39 [root] INFO: DEBUG: True
2025-03-24 04:14:39 [root] INFO: DEBUG: True
2025-03-24 04:14:39 [root] INFO: DEBUG: True
2025-03-24 04:14:39 [root] INFO: DEBUG: True
2025-03-24 04:14:39 [root] INFO: DEBUG: True
2025-03-24 04:14:39 [root] INFO: DEBUG: True
2025-03-24 04:14:39 [root] INFO: DEBUG: True
2025-03-24 04:14:39 [root] INFO: DEBUG: True
2025-03-24 04:14:39 [root] INFO: DEBUG: True
2025-03-24 04:14:39 [root] INFO: DEBUG: True
2025-03-24 04:14:39 [root] INFO: DEBUG: True
2025-03-24 04:14:39 [root] INFO: DEBUG: True
2025-03-24 04:14:39 [root] INFO: DEBUG: True
2025-03-24 04:14:39 [root] INFO: DEBUG: True
2025-03-24 04:14:39 [root] INFO: DEBUG: True
2025-03-24 04:14:39 [root] INFO: DEBUG: True
2025-03-24 04:14:39 [root] INFO: DEBUG: True
2025-03-24 04:14:39 [root] INFO: DEBUG: True
2025-03-24 04:14:39 [root] INFO: DEBUG: True
2025-03-24 04:14:39 [root] INFO: DEBUG: True
2025-03-24 04:14:39 [root] ERROR: Error in processing item: 2024-01-02,110
2025-03-24 04:14:39 [root] INFO: Database connection closed after processing item.
2025-03-24 04:14:39 [scrapy.core.scraper] ERROR: Error processing {'date': '2024-01-02', 'items': [{'drawTerm': 113000406, 'dDate': '2024-01-02', 'bigShowOrder': ['03', '05', '10', '18', '24', '27', '28', '30', '34', '35', '36', '41', '44', '47', '57', '61', '64', '65', '66', '78']}, {'drawTerm': 113000405, 'dDate': '2024-01-02', 'bigShowOrder': ['04', '09', '14', '16', '19', '23', '26', '32', '34', '38', '41', '43', '44', '49', '50', '58', '60', '63', '74', '77']}, {'drawTerm': 113000404, 'dDate': '2024-01-02', 'bigShowOrder': ['01', '19', '21', '22', '25', '28', '30', '34', '35', '38', '42', '46', '47', '48', '49', '59', '70', '77', '78', '80']}, {'drawTerm': 113000403, 'dDate': '2024-01-02', 'bigShowOrder': ['01', '09', '12', '24', '28', '29', '37', '38', '41', '50', '53', '56', '57', '60', '61', '63', '66', '72', '77', '80']}, {'drawTerm': 113000402, 'dDate': '2024-01-02', 'bigShowOrder': ['05', '07', '09', '12', '19', '20', '28', '30', '32', '34', '40', '42', '44', '46', '52', '54', '59', '66', '67', '70']}, {'drawTerm': 113000401, 'dDate': '2024-01-02', 'bigShowOrder': ['03', '06', '11', '13', '14', '18', '23', '32', '38', '41', '42', '49', '54', '57', '58', '62', '66', '69', '70', '77']}, {'drawTerm': 113000400, 'dDate': '2024-01-02', 'bigShowOrder': ['02', '06', '09', '14', '22', '29', '31', '36', '40', '44', '45', '46', '50', '53', '54', '65', '67', '74', '78', '79']}, {'drawTerm': 113000399, 'dDate': '2024-01-02', 'bigShowOrder': ['03', '06', '10', '11', '13', '14', '17', '22', '23', '28', '41', '42', '46', '50', '52', '54', '58', '68', '71', '78']}, {'drawTerm': 113000398, 'dDate': '2024-01-02', 'bigShowOrder': ['07', '09', '18', '21', '25', '28', '34', '35', '36', '43', '46', '53', '57', '61', '62', '64', '67', '72', '74', '78']}, {'drawTerm': 113000397, 'dDate': '2024-01-02', 'bigShowOrder': ['03', '08', '17', '24', '30', '36', '38', '43', '49', '52', '53', '59', '63', '64', '65', '68', '69', '71', '76', '77']}, {'drawTerm': 113000396, 'dDate': '2024-01-02', 'bigShowOrder': ['06', '08', '14', '19', '20', '25', '26', '27', '30', '31', '33', '38', '45', '66', '68', '72', '74', '76', '78', '79']}, {'drawTerm': 113000395, 'dDate': '2024-01-02', 'bigShowOrder': ['01', '03', '05', '07', '12', '14', '21', '23', '31', '33', '35', '40', '42', '47', '53', '60', '62', '69', '70', '73']}, {'drawTerm': 113000394, 'dDate': '2024-01-02', 'bigShowOrder': ['02', '09', '16', '17', '18', '29', '30', '33', '35', '37', '40', '42', '49', '51', '60', '63', '65', '73', '77', '80']}, {'drawTerm': 113000393, 'dDate': '2024-01-02', 'bigShowOrder': ['06', '07', '11', '12', '13', '17', '18', '19', '22', '23', '26', '33', '38', '39', '51', '55', '59', '63', '77', '80']}, {'drawTerm': 113000392, 'dDate': '2024-01-02', 'bigShowOrder': ['05', '07', '09', '11', '17', '18', '22', '23', '26', '35', '37', '49', '51', '58', '60', '61', '72', '73', '79', '80']}, {'drawTerm': 113000391, 'dDate': '2024-01-02', 'bigShowOrder': ['03', '04', '05', '07', '15', '16', '17', '23', '25', '30', '48', '52', '55', '60', '63', '73', '74', '76', '78', '80']}, {'drawTerm': 113000390, 'dDate': '2024-01-02', 'bigShowOrder': ['01', '06', '07', '11', '13', '19', '20', '22', '27', '28', '35', '43', '46', '53', '58', '60', '67', '71', '75', '76']}, {'drawTerm': 113000389, 'dDate': '2024-01-02', 'bigShowOrder': ['01', '03', '14', '18', '19', '24', '34', '38', '42', '47', '57', '58', '60', '63', '69', '72', '73', '74', '79', '80']}, {'drawTerm': 113000388, 'dDate': '2024-01-02', 'bigShowOrder': ['04', '05', '11', '16', '18', '20', '21', '30', '32', '35', '44', '46', '52', '57', '58', '60', '63', '64', '70', '80']}, {'drawTerm': 113000387, 'dDate': '2024-01-02', 'bigShowOrder': ['04', '06', '15', '20', '22', '30', '36', '37', '40', '41', '45', '46', '52', '53', '54', '56', '64', '68', '73', '76']}, {'drawTerm': 113000386, 'dDate': '2024-01-02', 'bigShowOrder': ['05', '06', '14', '16', '20', '21', '23', '25', '27', '38', '43', '45', '58', '60', '64', '67', '72', '75', '76', '80']}, {'drawTerm': 113000385, 'dDate': '2024-01-02', 'bigShowOrder': ['02', '16', '19', '23', '33', '34', '38', '39', '48', '51', '53', '61', '66', '68', '72', '73', '74', '75', '77', '80']}, {'drawTerm': 113000384, 'dDate': '2024-01-02', 'bigShowOrder': ['01', '04', '06', '07', '21', '26', '27', '35', '36', '39', '40', '42', '45', '47', '56', '57', '58', '62', '74', '79']}, {'drawTerm': 113000383, 'dDate': '2024-01-02', 'bigShowOrder': ['03', '05', '07', '14', '18', '21', '24', '26', '33', '36', '38', '43', '45', '46', '47', '48', '62', '63', '66', '75']}, {'drawTerm': 113000382, 'dDate': '2024-01-02', 'bigShowOrder': ['02', '04', '08', '12', '13', '14', '15', '32', '36', '44', '53', '57', '58', '59', '64', '65', '67', '71', '76', '77']}, {'drawTerm': 113000381, 'dDate': '2024-01-02', 'bigShowOrder': ['02', '04', '06', '18', '19', '20', '25', '26', '34', '41', '48', '57', '61', '63', '64', '68', '70', '76', '78', '80']}, {'drawTerm': 113000380, 'dDate': '2024-01-02', 'bigShowOrder': ['09', '11', '16', '23', '24', '25', '37', '38', '40', '44', '51', '54', '55', '58', '64', '67', '69', '71', '77', '80']}, {'drawTerm': 113000379, 'dDate': '2024-01-02', 'bigShowOrder': ['02', '09', '15', '20', '23', '30', '36', '37', '39', '43', '45', '48', '49', '50', '62', '64', '68', '72', '78', '79']}, {'drawTerm': 113000378, 'dDate': '2024-01-02', 'bigShowOrder': ['03', '06', '17', '19', '21', '22', '25', '32', '35', '46', '48', '49', '50', '54', '55', '67', '69', '71', '78', '79']}, {'drawTerm': 113000377, 'dDate': '2024-01-02', 'bigShowOrder': ['01', '10', '12', '14', '17', '27', '32', '34', '35', '41', '46', '48', '52', '59', '61', '63', '67', '70', '71', '74']}, {'drawTerm': 113000376, 'dDate': '2024-01-02', 'bigShowOrder': ['03', '14', '16', '17', '22', '27', '32', '36', '37', '39', '42', '44', '47', '50', '51', '52', '54', '56', '72', '73']}, {'drawTerm': 113000375, 'dDate': '2024-01-02', 'bigShowOrder': ['04', '09', '16', '17', '22', '23', '26', '28', '34', '40', '42', '44', '48', '52', '53', '59', '61', '68', '70', '79']}, {'drawTerm': 113000374, 'dDate': '2024-01-02', 'bigShowOrder': ['15', '19', '25', '27', '32', '35', '37', '41', '43', '47', '49', '50', '52', '56', '57', '63', '71', '74', '75', '77']}, {'drawTerm': 113000373, 'dDate': '2024-01-02', 'bigShowOrder': ['06', '09', '13', '16', '17', '18', '20', '21', '22', '35', '39', '42', '45', '46', '47', '51', '61', '65', '67', '75']}, {'drawTerm': 113000372, 'dDate': '2024-01-02', 'bigShowOrder': ['01', '04', '06', '08', '09', '10', '12', '15', '21', '26', '29', '32', '35', '48', '53', '58', '59', '67', '68', '73']}, {'drawTerm': 113000371, 'dDate': '2024-01-02', 'bigShowOrder': ['01', '04', '06', '08', '10', '19', '23', '24', '27', '36', '43', '47', '55', '65', '71', '72', '74', '75', '76', '80']}, {'drawTerm': 113000370, 'dDate': '2024-01-02', 'bigShowOrder': ['09', '11', '12', '22', '23', '28', '30', '32', '33', '34', '38', '39', '44', '46', '53', '57', '59', '69', '71', '79']}, {'drawTerm': 113000369, 'dDate': '2024-01-02', 'bigShowOrder': ['02', '04', '10', '11', '12', '16', '17', '18', '20', '22', '24', '29', '38', '40', '43', '45', '54', '57', '58', '69']}, {'drawTerm': 113000368, 'dDate': '2024-01-02', 'bigShowOrder': ['03', '04', '05', '08', '11', '23', '24', '27', '31', '36', '39', '40', '50', '58', '60', '63', '66', '68', '70', '76']}, {'drawTerm': 113000367, 'dDate': '2024-01-02', 'bigShowOrder': ['01', '08', '09', '10', '11', '14', '17', '28', '33', '37', '43', '51', '52', '54', '62', '68', '69', '70', '74', '78']}, {'drawTerm': 113000366, 'dDate': '2024-01-02', 'bigShowOrder': ['02', '05', '14', '15', '19', '25', '29', '32', '34', '35', '44', '45', '46', '47', '58', '64', '69', '75', '76', '77']}, {'drawTerm': 113000365, 'dDate': '2024-01-02', 'bigShowOrder': ['02', '04', '05', '15', '17', '24', '34', '36', '41', '42', '49', '51', '55', '58', '61', '65', '68', '72', '76', '78']}, {'drawTerm': 113000364, 'dDate': '2024-01-02', 'bigShowOrder': ['01', '02', '04', '05', '08', '10', '12', '19', '21', '26', '32', '33', '36', '37', '39', '47', '48', '51', '63', '67']}, {'drawTerm': 113000363, 'dDate': '2024-01-02', 'bigShowOrder': ['03', '04', '08', '14', '16', '17', '29', '36', '40', '44', '47', '48', '50', '56', '62', '67', '70', '73', '75', '78']}, {'drawTerm': 113000362, 'dDate': '2024-01-02', 'bigShowOrder': ['02', '05', '09', '10', '13', '14', '15', '30', '35', '38', '44', '47', '48', '58', '60', '64', '69', '71', '72', '75']}, {'drawTerm': 113000361, 'dDate': '2024-01-02', 'bigShowOrder': ['01', '03', '05', '11', '24', '26', '31', '39', '42', '50', '51', '53', '54', '56', '59', '64', '65', '69', '72', '73']}, {'drawTerm': 113000360, 'dDate': '2024-01-02', 'bigShowOrder': ['01', '12', '13', '15', '20', '26', '34', '35', '39', '41', '42', '47', '49', '52', '56', '61', '64', '65', '72', '75']}, {'drawTerm': 113000359, 'dDate': '2024-01-02', 'bigShowOrder': ['02', '14', '20', '24', '29', '30', '33', '35', '41', '45', '50', '58', '59', '61', '66', '68', '75', '77', '78', '80']}, {'drawTerm': 113000358, 'dDate': '2024-01-02', 'bigShowOrder': ['05', '07', '08', '21', '24', '25', '35', '41', '42', '43', '47', '50', '60', '61', '64', '69', '75', '76', '77', '80']}, {'drawTerm': 113000357, 'dDate': '2024-01-02', 'bigShowOrder': ['07', '08', '09', '13', '14', '27', '29', '38', '40', '42', '50', '51', '56', '57', '61', '68', '73', '75', '78', '79']}, {'drawTerm': 113000356, 'dDate': '2024-01-02', 'bigShowOrder': ['02', '05', '08', '10', '14', '20', '33', '34', '37', '40', '49', '55', '59', '61', '63', '65', '66', '68', '71', '76']}, {'drawTerm': 113000355, 'dDate': '2024-01-02', 'bigShowOrder': ['13', '23', '25', '32', '36', '37', '44', '47', '51', '52', '55', '58', '62', '65', '66', '70', '72', '75', '76', '80']}, {'drawTerm': 113000354, 'dDate': '2024-01-02', 'bigShowOrder': ['04', '05', '06', '07', '09', '10', '11', '15', '17', '27', '30', '31', '47', '51', '52', '53', '55', '56', '65', '77']}, {'drawTerm': 113000353, 'dDate': '2024-01-02', 'bigShowOrder': ['02', '04', '05', '09', '10', '13', '25', '32', '33', '34', '38', '42', '45', '49', '50', '61', '65', '66', '67', '77']}, {'drawTerm': 113000352, 'dDate': '2024-01-02', 'bigShowOrder': ['03', '06', '08', '09', '13', '20', '25', '28', '29', '33', '37', '40', '46', '47', '48', '56', '67', '72', '75', '80']}, {'drawTerm': 113000351, 'dDate': '2024-01-02', 'bigShowOrder': ['06', '12', '14', '20', '25', '27', '29', '33', '34', '35', '36', '41', '52', '54', '57', '66', '67', '72', '74', '76']}, {'drawTerm': 113000350, 'dDate': '2024-01-02', 'bigShowOrder': ['02', '05', '07', '11', '13', '18', '20', '30', '31', '35', '36', '41', '53', '60', '62', '71', '73', '76', '79', '80']}, {'drawTerm': 113000349, 'dDate': '2024-01-02', 'bigShowOrder': ['09', '14', '23', '24', '25', '33', '37', '38', '42', '45', '46', '50', '52', '56', '57', '58', '62', '71', '74', '80']}, {'drawTerm': 113000348, 'dDate': '2024-01-02', 'bigShowOrder': ['09', '10', '14', '15', '22', '24', '28', '31', '32', '33', '34', '42', '45', '53', '55', '61', '66', '70', '76', '78']}, {'drawTerm': 113000347, 'dDate': '2024-01-02', 'bigShowOrder': ['04', '08', '20', '24', '25', '27', '31', '34', '36', '39', '47', '51', '52', '56', '57', '60', '63', '64', '67', '69']}, {'drawTerm': 113000346, 'dDate': '2024-01-02', 'bigShowOrder': ['05', '08', '09', '10', '14', '17', '18', '25', '27', '30', '31', '33', '36', '54', '57', '67', '70', '72', '74', '77']}, {'drawTerm': 113000345, 'dDate': '2024-01-02', 'bigShowOrder': ['02', '08', '09', '12', '13', '15', '27', '28', '29', '31', '44', '45', '49', '51', '54', '56', '58', '73', '74', '75']}, {'drawTerm': 113000344, 'dDate': '2024-01-02', 'bigShowOrder': ['04', '09', '10', '15', '17', '18', '21', '24', '30', '42', '43', '53', '56', '59', '60', '67', '68', '70', '73', '77']}, {'drawTerm': 113000343, 'dDate': '2024-01-02', 'bigShowOrder': ['03', '07', '10', '15', '18', '21', '27', '29', '32', '37', '47', '48', '56', '57', '59', '67', '70', '73', '74', '77']}, {'drawTerm': 113000342, 'dDate': '2024-01-02', 'bigShowOrder': ['10', '13', '18', '21', '25', '31', '32', '36', '39', '40', '41', '42', '51', '52', '57', '58', '59', '72', '73', '75']}, {'drawTerm': 113000341, 'dDate': '2024-01-02', 'bigShowOrder': ['02', '03', '05', '08', '10', '13', '14', '16', '24', '27', '30', '35', '45', '58', '63', '65', '68', '72', '76', '77']}, {'drawTerm': 113000340, 'dDate': '2024-01-02', 'bigShowOrder': ['07', '11', '13', '17', '23', '28', '33', '34', '36', '45', '46', '48', '49', '52', '58', '67', '69', '72', '74', '75']}, {'drawTerm': 113000339, 'dDate': '2024-01-02', 'bigShowOrder': ['02', '06', '11', '13', '16', '18', '24', '27', '30', '32', '35', '38', '46', '49', '50', '58', '61', '63', '64', '80']}, {'drawTerm': 113000338, 'dDate': '2024-01-02', 'bigShowOrder': ['05', '07', '10', '15', '17', '23', '26', '27', '28', '31', '35', '46', '51', '54', '57', '58', '63', '69', '75', '77']}, {'drawTerm': 113000337, 'dDate': '2024-01-02', 'bigShowOrder': ['03', '07', '12', '13', '19', '23', '24', '31', '32', '33', '34', '39', '41', '46', '47', '50', '54', '58', '72', '74']}, {'drawTerm': 113000336, 'dDate': '2024-01-02', 'bigShowOrder': ['06', '12', '17', '23', '34', '37', '40', '43', '46', '53', '54', '58', '65', '66', '68', '69', '70', '71', '74', '75']}, {'drawTerm': 113000335, 'dDate': '2024-01-02', 'bigShowOrder': ['05', '06', '12', '17', '26', '28', '30', '34', '37', '49', '50', '57', '59', '61', '62', '70', '72', '73', '74', '78']}, {'drawTerm': 113000334, 'dDate': '2024-01-02', 'bigShowOrder': ['04', '12', '13', '16', '17', '24', '25', '27', '32', '37', '41', '46', '50', '60', '64', '67', '72', '74', '76', '80']}, {'drawTerm': 113000333, 'dDate': '2024-01-02', 'bigShowOrder': ['04', '05', '11', '12', '17', '22', '25', '26', '27', '29', '33', '39', '46', '54', '56', '59', '62', '65', '68', '73']}, {'drawTerm': 113000332, 'dDate': '2024-01-02', 'bigShowOrder': ['01', '05', '09', '13', '14', '20', '22', '26', '31', '37', '45', '48', '51', '64', '65', '67', '68', '71', '74', '79']}, {'drawTerm': 113000331, 'dDate': '2024-01-02', 'bigShowOrder': ['11', '17', '19', '21', '22', '26', '34', '37', '38', '42', '45', '48', '52', '58', '59', '66', '73', '74', '75', '76']}, {'drawTerm': 113000330, 'dDate': '2024-01-02', 'bigShowOrder': ['06', '16', '17', '18', '24', '31', '38', '40', '44', '46', '48', '50', '56', '57', '60', '64', '66', '72', '77', '80']}, {'drawTerm': 113000329, 'dDate': '2024-01-02', 'bigShowOrder': ['06', '08', '10', '17', '22', '27', '30', '32', '33', '34', '38', '39', '41', '45', '48', '54', '64', '68', '70', '71']}, {'drawTerm': 113000328, 'dDate': '2024-01-02', 'bigShowOrder': ['09', '11', '12', '14', '16', '18', '21', '25', '28', '30', '34', '41', '47', '48', '49', '52', '64', '69', '75', '76']}, {'drawTerm': 113000327, 'dDate': '2024-01-02', 'bigShowOrder': ['01', '04', '14', '15', '21', '22', '28', '44', '54', '55', '57', '63', '66', '67', '69', '74', '76', '78', '79', '80']}, {'drawTerm': 113000326, 'dDate': '2024-01-02', 'bigShowOrder': ['05', '07', '09', '11', '12', '17', '30', '31', '33', '40', '43', '52', '54', '56', '57', '58', '59', '66', '69', '71']}, {'drawTerm': 113000325, 'dDate': '2024-01-02', 'bigShowOrder': ['04', '10', '11', '23', '25', '27', '29', '32', '41', '42', '43', '50', '56', '62', '64', '71', '75', '77', '79', '80']}, {'drawTerm': 113000324, 'dDate': '2024-01-02', 'bigShowOrder': ['05', '10', '13', '18', '20', '26', '32', '37', '38', '42', '47', '53', '58', '60', '65', '66', '67', '72', '73', '79']}, {'drawTerm': 113000323, 'dDate': '2024-01-02', 'bigShowOrder': ['01', '02', '04', '07', '10', '13', '14', '15', '16', '23', '29', '46', '49', '52', '54', '55', '56', '67', '73', '78']}, {'drawTerm': 113000322, 'dDate': '2024-01-02', 'bigShowOrder': ['03', '06', '09', '11', '12', '22', '23', '26', '32', '33', '35', '41', '48', '54', '56', '59', '61', '72', '73', '75']}, {'drawTerm': 113000321, 'dDate': '2024-01-02', 'bigShowOrder': ['01', '07', '10', '15', '18', '23', '24', '33', '37', '38', '45', '47', '48', '52', '55', '57', '68', '71', '76', '77']}, {'drawTerm': 113000320, 'dDate': '2024-01-02', 'bigShowOrder': ['01', '07', '08', '09', '16', '18', '19', '24', '26', '27', '29', '34', '38', '49', '52', '54', '56', '67', '71', '74']}, {'drawTerm': 113000319, 'dDate': '2024-01-02', 'bigShowOrder': ['02', '04', '06', '16', '23', '26', '31', '32', '38', '39', '48', '57', '58', '62', '64', '65', '67', '69', '73', '77']}, {'drawTerm': 113000318, 'dDate': '2024-01-02', 'bigShowOrder': ['01', '03', '10', '15', '17', '18', '25', '29', '30', '31', '39', '41', '47', '56', '58', '73', '76', '77', '79', '80']}, {'drawTerm': 113000317, 'dDate': '2024-01-02', 'bigShowOrder': ['02', '04', '07', '13', '16', '17', '19', '23', '26', '28', '31', '34', '37', '39', '41', '42', '45', '61', '63', '77']}, {'drawTerm': 113000316, 'dDate': '2024-01-02', 'bigShowOrder': ['01', '03', '05', '09', '10', '15', '19', '24', '25', '27', '28', '30', '39', '41', '45', '52', '63', '67', '74', '79']}, {'drawTerm': 113000315, 'dDate': '2024-01-02', 'bigShowOrder': ['01', '07', '10', '11', '12', '14', '15', '20', '31', '33', '37', '43', '46', '52', '57', '58', '63', '69', '71', '77']}, {'drawTerm': 113000314, 'dDate': '2024-01-02', 'bigShowOrder': ['03', '06', '08', '09', '10', '14', '24', '25', '27', '28', '32', '37', '46', '51', '53', '55', '59', '60', '77', '79']}, {'drawTerm': 113000313, 'dDate': '2024-01-02', 'bigShowOrder': ['01', '13', '16', '17', '18', '23', '30', '32', '33', '36', '37', '38', '39', '40', '59', '61', '63', '67', '69', '80']}, {'drawTerm': 113000312, 'dDate': '2024-01-02', 'bigShowOrder': ['04', '07', '12', '14', '15', '16', '18', '23', '29', '32', '43', '45', '48', '55', '59', '65', '69', '74', '76', '77']}, {'drawTerm': 113000311, 'dDate': '2024-01-02', 'bigShowOrder': ['01', '02', '23', '26', '33', '35', '36', '38', '40', '42', '45', '47', '52', '54', '57', '58', '60', '61', '71', '73']}, {'drawTerm': 113000310, 'dDate': '2024-01-02', 'bigShowOrder': ['06', '08', '13', '18', '21', '26', '38', '44', '45', '48', '51', '52', '53', '55', '59', '63', '65', '69', '74', '79']}, {'drawTerm': 113000309, 'dDate': '2024-01-02', 'bigShowOrder': ['06', '09', '11', '25', '26', '30', '31', '32', '35', '46', '47', '48', '51', '52', '60', '63', '67', '74', '77', '80']}, {'drawTerm': 113000308, 'dDate': '2024-01-02', 'bigShowOrder': ['01', '06', '07', '09', '26', '27', '28', '35', '37', '40', '42', '49', '52', '53', '54', '55', '62', '69', '73', '76']}, {'drawTerm': 113000307, 'dDate': '2024-01-02', 'bigShowOrder': ['01', '02', '04', '06', '12', '13', '17', '24', '27', '28', '29', '31', '34', '45', '46', '67', '70', '76', '77', '78']}, {'drawTerm': 113000306, 'dDate': '2024-01-02', 'bigShowOrder': ['01', '07', '11', '13', '17', '30', '32', '37', '44', '46', '49', '50', '51', '52', '55', '56', '59', '60', '68', '71']}, {'drawTerm': 113000305, 'dDate': '2024-01-02', 'bigShowOrder': ['02', '05', '17', '18', '19', '26', '27', '34', '36', '39', '43', '45', '50', '59', '60', '63', '68', '72', '77', '79']}, {'drawTerm': 113000304, 'dDate': '2024-01-02', 'bigShowOrder': ['02', '03', '05', '17', '19', '26', '27', '31', '35', '38', '43', '47', '48', '56', '57', '61', '63', '69', '76', '80']}, {'drawTerm': 113000303, 'dDate': '2024-01-02', 'bigShowOrder': ['04', '15', '17', '24', '33', '44', '45', '47', '49', '51', '55', '58', '63', '64', '66', '68', '69', '70', '73', '78']}, {'drawTerm': 113000302, 'dDate': '2024-01-02', 'bigShowOrder': ['08', '13', '14', '20', '29', '30', '31', '34', '48', '54', '58', '62', '65', '66', '67', '68', '70', '71', '75', '78']}, {'drawTerm': 113000301, 'dDate': '2024-01-02', 'bigShowOrder': ['02', '04', '09', '16', '20', '21', '23', '26', '40', '42', '51', '53', '55', '57', '60', '62', '63', '67', '71', '79']}, {'drawTerm': 113000300, 'dDate': '2024-01-02', 'bigShowOrder': ['03', '07', '08', '12', '23', '24', '27', '34', '36', '46', '48', '53', '56', '57', '58', '63', '65', '70', '75', '77']}, {'drawTerm': 113000299, 'dDate': '2024-01-02', 'bigShowOrder': ['04', '05', '16', '17', '18', '21', '33', '40', '41', '47', '49', '51', '52', '53', '67', '68', '69', '74', '79', '80']}, {'drawTerm': 113000298, 'dDate': '2024-01-02', 'bigShowOrder': ['09', '10', '14', '15', '18', '23', '28', '31', '44', '47', '48', '53', '54', '55', '60', '63', '64', '70', '72', '73']}, {'drawTerm': 113000297, 'dDate': '2024-01-02', 'bigShowOrder': ['01', '05', '10', '12', '21', '26', '28', '30', '37', '45', '49', '50', '51', '53', '60', '61', '63', '67', '68', '78']}, {'drawTerm': 113000296, 'dDate': '2024-01-02', 'bigShowOrder': ['01', '04', '07', '09', '10', '16', '23', '24', '25', '27', '30', '31', '32', '35', '36', '41', '44', '46', '60', '75']}, {'drawTerm': 113000295, 'dDate': '2024-01-02', 'bigShowOrder': ['08', '24', '28', '32', '35', '38', '40', '42', '43', '45', '46', '48', '50', '55', '59', '60', '66', '68', '69', '78']}, {'drawTerm': 113000294, 'dDate': '2024-01-02', 'bigShowOrder': ['06', '07', '11', '15', '19', '21', '24', '25', '27', '30', '40', '45', '46', '48', '52', '55', '58', '59', '63', '76']}, {'drawTerm': 113000293, 'dDate': '2024-01-02', 'bigShowOrder': ['01', '02', '04', '05', '07', '11', '14', '17', '23', '28', '31', '40', '43', '59', '62', '68', '72', '75', '79', '80']}, {'drawTerm': 113000292, 'dDate': '2024-01-02', 'bigShowOrder': ['03', '05', '15', '16', '18', '25', '30', '33', '36', '37', '39', '41', '45', '46', '48', '57', '60', '63', '68', '80']}, {'drawTerm': 113000291, 'dDate': '2024-01-02', 'bigShowOrder': ['02', '03', '07', '13', '23', '26', '28', '38', '49', '50', '53', '58', '61', '64', '73', '74', '75', '76', '78', '80']}, {'drawTerm': 113000290, 'dDate': '2024-01-02', 'bigShowOrder': ['01', '02', '05', '10', '11', '15', '18', '21', '23', '24', '31', '45', '46', '58', '59', '60', '68', '73', '78', '79']}, {'drawTerm': 113000289, 'dDate': '2024-01-02', 'bigShowOrder': ['06', '18', '21', '22', '23', '27', '32', '33', '36', '40', '45', '51', '56', '57', '58', '59', '62', '68', '73', '80']}, {'drawTerm': 113000288, 'dDate': '2024-01-02', 'bigShowOrder': ['04', '09', '20', '26', '34', '35', '38', '44', '47', '49', '57', '58', '59', '60', '62', '66', '67', '69', '71', '73']}, {'drawTerm': 113000287, 'dDate': '2024-01-02', 'bigShowOrder': ['03', '06', '09', '18', '23', '27', '28', '29', '32', '35', '36', '43', '46', '57', '63', '68', '69', '71', '72', '77']}, {'drawTerm': 113000286, 'dDate': '2024-01-02', 'bigShowOrder': ['01', '04', '07', '20', '24', '28', '34', '40', '42', '51', '54', '57', '58', '59', '62', '67', '71', '72', '74', '76']}, {'drawTerm': 113000285, 'dDate': '2024-01-02', 'bigShowOrder': ['03', '12', '14', '15', '20', '26', '28', '37', '39', '45', '46', '48', '50', '59', '61', '62', '70', '73', '74', '80']}, {'drawTerm': 113000284, 'dDate': '2024-01-02', 'bigShowOrder': ['03', '04', '06', '11', '12', '14', '15', '22', '31', '37', '49', '52', '59', '60', '63', '64', '66', '68', '70', '76']}, {'drawTerm': 113000283, 'dDate': '2024-01-02', 'bigShowOrder': ['03', '04', '05', '09', '10', '12', '19', '23', '29', '31', '38', '44', '58', '59', '65', '68', '69', '77', '78', '79']}, {'drawTerm': 113000282, 'dDate': '2024-01-02', 'bigShowOrder': ['01', '04', '10', '11', '13', '16', '21', '22', '24', '27', '28', '29', '35', '40', '50', '57', '65', '70', '72', '80']}, {'drawTerm': 113000281, 'dDate': '2024-01-02', 'bigShowOrder': ['07', '11', '16', '21', '25', '36', '38', '39', '44', '45', '47', '51', '55', '61', '64', '66', '69', '70', '72', '80']}, {'drawTerm': 113000280, 'dDate': '2024-01-02', 'bigShowOrder': ['03', '08', '09', '11', '12', '16', '24', '27', '35', '36', '37', '44', '46', '56', '61', '64', '73', '77', '79', '80']}, {'drawTerm': 113000279, 'dDate': '2024-01-02', 'bigShowOrder': ['01', '03', '14', '15', '16', '20', '21', '22', '24', '26', '32', '44', '45', '52', '55', '61', '64', '66', '68', '75']}, {'drawTerm': 113000278, 'dDate': '2024-01-02', 'bigShowOrder': ['01', '05', '09', '12', '13', '14', '19', '21', '22', '24', '30', '37', '45', '52', '65', '69', '75', '76', '78', '80']}, {'drawTerm': 113000277, 'dDate': '2024-01-02', 'bigShowOrder': ['09', '11', '14', '18', '23', '48', '50', '52', '53', '54', '58', '59', '60', '61', '62', '68', '72', '74', '78', '80']}, {'drawTerm': 113000276, 'dDate': '2024-01-02', 'bigShowOrder': ['02', '06', '07', '12', '15', '16', '35', '41', '43', '54', '57', '64', '68', '71', '72', '73', '77', '78', '79', '80']}, {'drawTerm': 113000275, 'dDate': '2024-01-02', 'bigShowOrder': ['07', '09', '15', '17', '18', '19', '23', '24', '30', '39', '42', '43', '49', '55', '56', '59', '62', '64', '66', '73']}, {'drawTerm': 113000274, 'dDate': '2024-01-02', 'bigShowOrder': ['05', '10', '12', '13', '18', '20', '21', '28', '35', '37', '49', '53', '65', '69', '70', '71', '72', '73', '74', '80']}, {'drawTerm': 113000273, 'dDate': '2024-01-02', 'bigShowOrder': ['01', '03', '11', '13', '22', '26', '28', '36', '41', '42', '48', '52', '55', '57', '66', '68', '69', '72', '79', '80']}, {'drawTerm': 113000272, 'dDate': '2024-01-02', 'bigShowOrder': ['04', '08', '15', '26', '27', '29', '31', '34', '37', '38', '43', '45', '48', '52', '57', '60', '61', '66', '71', '79']}, {'drawTerm': 113000271, 'dDate': '2024-01-02', 'bigShowOrder': ['03', '06', '09', '11', '13', '14', '22', '24', '26', '32', '36', '46', '49', '57', '61', '64', '66', '67', '73', '78']}, {'drawTerm': 113000270, 'dDate': '2024-01-02', 'bigShowOrder': ['01', '02', '07', '19', '23', '31', '32', '40', '41', '45', '52', '53', '54', '58', '68', '71', '72', '76', '77', '79']}, {'drawTerm': 113000269, 'dDate': '2024-01-02', 'bigShowOrder': ['01', '02', '03', '06', '07', '17', '21', '23', '25', '31', '40', '41', '45', '49', '55', '57', '62', '65', '66', '67']}, {'drawTerm': 113000268, 'dDate': '2024-01-02', 'bigShowOrder': ['05', '06', '10', '18', '19', '26', '27', '32', '34', '37', '39', '40', '43', '50', '57', '61', '62', '66', '76', '80']}, {'drawTerm': 113000267, 'dDate': '2024-01-02', 'bigShowOrder': ['03', '07', '10', '12', '23', '25', '29', '33', '37', '43', '47', '50', '54', '58', '59', '63', '70', '72', '77', '80']}, {'drawTerm': 113000266, 'dDate': '2024-01-02', 'bigShowOrder': ['02', '05', '08', '16', '18', '22', '23', '28', '29', '31', '34', '47', '52', '53', '55', '60', '64', '71', '72', '79']}, {'drawTerm': 113000265, 'dDate': '2024-01-02', 'bigShowOrder': ['12', '14', '16', '21', '22', '23', '27', '30', '37', '39', '42', '46', '50', '51', '54', '57', '72', '74', '75', '76']}, {'drawTerm': 113000264, 'dDate': '2024-01-02', 'bigShowOrder': ['02', '03', '04', '05', '07', '09', '13', '14', '16', '31', '34', '49', '52', '59', '60', '61', '70', '72', '75', '79']}, {'drawTerm': 113000263, 'dDate': '2024-01-02', 'bigShowOrder': ['03', '05', '10', '13', '15', '16', '17', '22', '28', '33', '35', '49', '51', '59', '61', '64', '65', '66', '71', '74']}, {'drawTerm': 113000262, 'dDate': '2024-01-02', 'bigShowOrder': ['02', '03', '05', '09', '10', '14', '16', '21', '36', '43', '45', '51', '52', '54', '61', '71', '73', '74', '79', '80']}, {'drawTerm': 113000261, 'dDate': '2024-01-02', 'bigShowOrder': ['06', '08', '10', '11', '17', '21', '25', '28', '30', '33', '50', '55', '60', '61', '62', '66', '76', '77', '78', '79']}, {'drawTerm': 113000260, 'dDate': '2024-01-02', 'bigShowOrder': ['03', '04', '06', '10', '17', '21', '22', '33', '35', '39', '41', '44', '49', '50', '55', '56', '57', '70', '76', '78']}, {'drawTerm': 113000259, 'dDate': '2024-01-02', 'bigShowOrder': ['08', '12', '14', '17', '21', '24', '27', '28', '30', '31', '40', '41', '53', '64', '67', '68', '71', '76', '79', '80']}, {'drawTerm': 113000258, 'dDate': '2024-01-02', 'bigShowOrder': ['03', '05', '07', '08', '09', '14', '16', '17', '20', '25', '36', '40', '42', '48', '51', '53', '63', '67', '74', '79']}, {'drawTerm': 113000257, 'dDate': '2024-01-02', 'bigShowOrder': ['06', '14', '21', '22', '23', '25', '28', '29', '30', '36', '37', '40', '42', '45', '51', '54', '73', '75', '76', '80']}, {'drawTerm': 113000256, 'dDate': '2024-01-02', 'bigShowOrder': ['03', '05', '07', '14', '15', '17', '18', '19', '23', '27', '30', '42', '44', '46', '47', '53', '63', '71', '76', '80']}, {'drawTerm': 113000255, 'dDate': '2024-01-02', 'bigShowOrder': ['01', '03', '07', '09', '16', '20', '22', '27', '29', '31', '32', '34', '41', '45', '48', '50', '55', '70', '71', '74']}, {'drawTerm': 113000254, 'dDate': '2024-01-02', 'bigShowOrder': ['02', '03', '08', '09', '12', '13', '14', '17', '19', '38', '43', '48', '56', '58', '65', '66', '68', '74', '76', '79']}, {'drawTerm': 113000253, 'dDate': '2024-01-02', 'bigShowOrder': ['03', '11', '15', '19', '21', '23', '31', '32', '33', '41', '43', '45', '48', '51', '54', '55', '57', '70', '73', '79']}, {'drawTerm': 113000252, 'dDate': '2024-01-02', 'bigShowOrder': ['01', '16', '17', '24', '28', '32', '36', '44', '51', '53', '58', '61', '62', '63', '66', '67', '68', '72', '77', '80']}, {'drawTerm': 113000251, 'dDate': '2024-01-02', 'bigShowOrder': ['01', '04', '21', '22', '31', '34', '37', '38', '48', '49', '50', '51', '55', '57', '59', '65', '67', '68', '74', '78']}, {'drawTerm': 113000250, 'dDate': '2024-01-02', 'bigShowOrder': ['03', '05', '08', '15', '16', '29', '31', '33', '38', '39', '45', '47', '51', '56', '57', '61', '62', '71', '72', '75']}, {'drawTerm': 113000249, 'dDate': '2024-01-02', 'bigShowOrder': ['06', '07', '08', '11', '14', '17', '25', '33', '34', '38', '39', '41', '43', '44', '47', '57', '60', '66', '67', '75']}, {'drawTerm': 113000248, 'dDate': '2024-01-02', 'bigShowOrder': ['03', '09', '10', '14', '17', '18', '24', '25', '41', '48', '58', '64', '65', '68', '69', '70', '71', '75', '76', '77']}, {'drawTerm': 113000247, 'dDate': '2024-01-02', 'bigShowOrder': ['01', '13', '15', '28', '29', '34', '35', '36', '39', '45', '48', '59', '63', '64', '65', '67', '68', '72', '75', '76']}, {'drawTerm': 113000246, 'dDate': '2024-01-02', 'bigShowOrder': ['06', '13', '16', '23', '26', '27', '30', '43', '44', '46', '49', '50', '58', '61', '63', '65', '66', '73', '76', '80']}, {'drawTerm': 113000245, 'dDate': '2024-01-02', 'bigShowOrder': ['02', '10', '13', '18', '26', '27', '31', '35', '36', '40', '41', '49', '52', '55', '61', '62', '64', '71', '75', '79']}, {'drawTerm': 113000244, 'dDate': '2024-01-02', 'bigShowOrder': ['08', '09', '10', '22', '24', '31', '34', '35', '36', '49', '53', '54', '55', '58', '61', '70', '71', '72', '74', '80']}, {'drawTerm': 113000243, 'dDate': '2024-01-02', 'bigShowOrder': ['04', '06', '12', '14', '25', '31', '35', '37', '41', '43', '48', '49', '50', '51', '53', '57', '65', '69', '74', '76']}, {'drawTerm': 113000242, 'dDate': '2024-01-02', 'bigShowOrder': ['05', '06', '18', '27', '28', '29', '38', '40', '42', '43', '45', '46', '47', '62', '66', '67', '68', '71', '73', '76']}, {'drawTerm': 113000241, 'dDate': '2024-01-02', 'bigShowOrder': ['04', '07', '10', '20', '26', '27', '28', '29', '30', '31', '40', '41', '42', '49', '50', '51', '53', '59', '67', '69']}, {'drawTerm': 113000240, 'dDate': '2024-01-02', 'bigShowOrder': ['12', '15', '21', '23', '25', '30', '31', '33', '36', '38', '39', '42', '47', '50', '55', '56', '66', '68', '69', '73']}, {'drawTerm': 113000239, 'dDate': '2024-01-02', 'bigShowOrder': ['02', '04', '05', '08', '11', '16', '22', '23', '27', '28', '39', '42', '45', '52', '55', '57', '63', '64', '71', '73']}, {'drawTerm': 113000238, 'dDate': '2024-01-02', 'bigShowOrder': ['06', '07', '13', '14', '24', '33', '34', '35', '38', '43', '44', '45', '56', '57', '60', '66', '69', '73', '74', '76']}, {'drawTerm': 113000237, 'dDate': '2024-01-02', 'bigShowOrder': ['09', '10', '11', '13', '19', '23', '25', '31', '33', '37', '38', '45', '48', '49', '54', '62', '70', '71', '73', '75']}, {'drawTerm': 113000236, 'dDate': '2024-01-02', 'bigShowOrder': ['01', '02', '03', '07', '11', '16', '27', '30', '34', '41', '46', '55', '56', '62', '63', '66', '72', '73', '75', '79']}, {'drawTerm': 113000235, 'dDate': '2024-01-02', 'bigShowOrder': ['06', '07', '09', '16', '17', '18', '21', '22', '26', '34', '43', '47', '50', '59', '66', '69', '71', '72', '73', '80']}, {'drawTerm': 113000234, 'dDate': '2024-01-02', 'bigShowOrder': ['04', '07', '08', '09', '10', '11', '13', '18', '19', '23', '28', '32', '44', '45', '55', '59', '65', '66', '67', '77']}, {'drawTerm': 113000233, 'dDate': '2024-01-02', 'bigShowOrder': ['04', '06', '09', '11', '17', '19', '22', '24', '30', '37', '43', '48', '49', '52', '61', '66', '69', '74', '75', '79']}, {'drawTerm': 113000232, 'dDate': '2024-01-02', 'bigShowOrder': ['05', '08', '12', '20', '21', '22', '26', '31', '41', '44', '47', '48', '62', '65', '68', '69', '70', '75', '77', '79']}, {'drawTerm': 113000231, 'dDate': '2024-01-02', 'bigShowOrder': ['02', '03', '05', '13', '15', '23', '24', '33', '38', '42', '45', '46', '47', '54', '55', '63', '65', '68', '69', '70']}, {'drawTerm': 113000230, 'dDate': '2024-01-02', 'bigShowOrder': ['01', '05', '14', '18', '19', '24', '25', '28', '31', '32', '37', '47', '50', '59', '63', '66', '69', '70', '71', '73']}, {'drawTerm': 113000229, 'dDate': '2024-01-02', 'bigShowOrder': ['02', '03', '06', '07', '13', '16', '20', '22', '24', '26', '32', '35', '37', '38', '55', '59', '60', '67', '69', '77']}, {'drawTerm': 113000228, 'dDate': '2024-01-02', 'bigShowOrder': ['01', '02', '17', '18', '19', '20', '24', '26', '37', '40', '41', '53', '54', '58', '59', '61', '63', '71', '77', '80']}, {'drawTerm': 113000227, 'dDate': '2024-01-02', 'bigShowOrder': ['10', '11', '12', '29', '30', '40', '41', '42', '45', '46', '47', '56', '58', '60', '61', '62', '65', '69', '76', '77']}, {'drawTerm': 113000226, 'dDate': '2024-01-02', 'bigShowOrder': ['01', '02', '04', '08', '13', '17', '19', '30', '34', '47', '48', '49', '55', '60', '61', '63', '64', '67', '68', '76']}, {'drawTerm': 113000225, 'dDate': '2024-01-02', 'bigShowOrder': ['07', '08', '10', '11', '16', '36', '37', '38', '43', '46', '48', '53', '57', '58', '59', '69', '72', '73', '77', '79']}, {'drawTerm': 113000224, 'dDate': '2024-01-02', 'bigShowOrder': ['01', '02', '12', '14', '19', '24', '32', '34', '41', '59', '61', '63', '65', '66', '67', '69', '71', '72', '74', '79']}, {'drawTerm': 113000223, 'dDate': '2024-01-02', 'bigShowOrder': ['07', '22', '28', '29', '30', '38', '43', '46', '53', '55', '56', '57', '59', '60', '63', '64', '69', '70', '73', '74']}, {'drawTerm': 113000222, 'dDate': '2024-01-02', 'bigShowOrder': ['01', '03', '06', '08', '21', '28', '40', '47', '55', '56', '58', '60', '62', '66', '68', '72', '73', '74', '75', '79']}, {'drawTerm': 113000221, 'dDate': '2024-01-02', 'bigShowOrder': ['01', '05', '16', '17', '26', '30', '32', '37', '47', '49', '50', '53', '62', '63', '64', '70', '75', '76', '77', '79']}, {'drawTerm': 113000220, 'dDate': '2024-01-02', 'bigShowOrder': ['01', '03', '16', '19', '20', '26', '28', '29', '30', '32', '34', '37', '41', '46', '54', '60', '63', '66', '69', '75']}, {'drawTerm': 113000219, 'dDate': '2024-01-02', 'bigShowOrder': ['05', '08', '12', '14', '15', '17', '20', '34', '38', '40', '41', '42', '46', '54', '56', '61', '67', '70', '75', '79']}, {'drawTerm': 113000218, 'dDate': '2024-01-02', 'bigShowOrder': ['02', '04', '06', '07', '14', '23', '28', '31', '33', '41', '47', '55', '62', '65', '66', '67', '69', '75', '77', '78']}, {'drawTerm': 113000217, 'dDate': '2024-01-02', 'bigShowOrder': ['05', '11', '17', '18', '20', '33', '34', '37', '38', '45', '46', '52', '57', '58', '59', '60', '65', '69', '72', '73']}, {'drawTerm': 113000216, 'dDate': '2024-01-02', 'bigShowOrder': ['09', '13', '22', '25', '27', '31', '34', '35', '36', '40', '42', '44', '45', '48', '51', '60', '64', '77', '78', '79']}, {'drawTerm': 113000215, 'dDate': '2024-01-02', 'bigShowOrder': ['08', '09', '11', '16', '18', '21', '27', '46', '52', '55', '57', '61', '65', '68', '69', '71', '74', '76', '77', '80']}, {'drawTerm': 113000214, 'dDate': '2024-01-02', 'bigShowOrder': ['03', '06', '08', '12', '17', '18', '19', '32', '34', '35', '41', '43', '46', '49', '50', '53', '62', '69', '75', '80']}, {'drawTerm': 113000213, 'dDate': '2024-01-02', 'bigShowOrder': ['09', '10', '13', '14', '16', '17', '21', '22', '29', '32', '35', '41', '43', '46', '61', '62', '72', '74', '76', '78']}, {'drawTerm': 113000212, 'dDate': '2024-01-02', 'bigShowOrder': ['02', '13', '19', '22', '23', '28', '29', '31', '32', '41', '48', '51', '54', '59', '61', '64', '68', '71', '74', '78']}, {'drawTerm': 113000211, 'dDate': '2024-01-02', 'bigShowOrder': ['01', '09', '25', '27', '28', '30', '33', '34', '36', '41', '44', '47', '51', '56', '58', '61', '63', '65', '67', '71']}, {'drawTerm': 113000210, 'dDate': '2024-01-02', 'bigShowOrder': ['02', '08', '12', '14', '17', '23', '28', '30', '37', '40', '42', '48', '51', '60', '62', '63', '67', '69', '72', '73']}, {'drawTerm': 113000209, 'dDate': '2024-01-02', 'bigShowOrder': ['01', '19', '21', '22', '23', '24', '27', '29', '37', '40', '43', '47', '49', '51', '53', '60', '66', '67', '69', '73']}, {'drawTerm': 113000208, 'dDate': '2024-01-02', 'bigShowOrder': ['01', '02', '10', '13', '15', '16', '23', '25', '26', '32', '33', '38', '40', '44', '49', '60', '62', '64', '66', '75']}, {'drawTerm': 113000207, 'dDate': '2024-01-02', 'bigShowOrder': ['01', '11', '12', '18', '20', '24', '26', '28', '32', '35', '38', '41', '44', '55', '57', '64', '66', '67', '74', '76']}, {'drawTerm': 113000206, 'dDate': '2024-01-02', 'bigShowOrder': ['01', '07', '09', '14', '21', '24', '34', '41', '45', '46', '49', '51', '53', '56', '57', '59', '62', '64', '74', '75']}, {'drawTerm': 113000205, 'dDate': '2024-01-02', 'bigShowOrder': ['03', '04', '11', '17', '19', '21', '24', '27', '30', '37', '38', '40', '41', '46', '47', '48', '53', '59', '60', '62']}, {'drawTerm': 113000204, 'dDate': '2024-01-02', 'bigShowOrder': ['04', '12', '13', '26', '28', '30', '32', '33', '36', '41', '45', '49', '54', '62', '64', '70', '72', '73', '76', '80']}]}
Traceback (most recent call last):
  File "D:\codeForLang\tmp\venv\Lib\site-packages\twisted\internet\defer.py", line 1088, in _runCallbacks
    current.result = callback(  # type: ignore[misc]
                     ^^^^^^^^^^^^^^^^^^^^^^^^^^^^^^^
  File "D:\codeForLang\tmp\venv\Lib\site-packages\scrapy\utils\defer.py", line 390, in f
    return deferred_from_coro(coro_f(*coro_args, **coro_kwargs))
                              ^^^^^^^^^^^^^^^^^^^^^^^^^^^^^^^^^
  File "D:\codeForLang\tmp\TWBingo_v2\bingo_scrapy\bingo_scrapy\pipelines.py", line 113, in process_item
    self.test_error(sub_item,spider)
  File "D:\codeForLang\tmp\TWBingo_v2\bingo_scrapy\bingo_scrapy\pipelines.py", line 100, in test_error
    raise Exception("Error in processing item.")
Exception: Error in processing item.
2025-03-24 04:14:39 [scrapy.core.engine] INFO: Closing spider (finished)
2025-03-24 04:14:39 [root] INFO: Database connection closed.
2025-03-24 04:14:39 [scrapy.statscollectors] INFO: Dumping Scrapy stats:
{'downloader/request_bytes': 292,
 'downloader/request_count': 1,
 'downloader/request_method_count/GET': 1,
 'downloader/response_bytes': 1137,
 'downloader/response_count': 1,
 'downloader/response_status_count/200': 1,
 'elapsed_time_seconds': 1.239599,
 'finish_reason': 'finished',
 'finish_time': datetime.datetime(2025, 3, 23, 20, 14, 39, 476696, tzinfo=datetime.timezone.utc),
 'httpcompression/response_bytes': 1883,
 'httpcompression/response_count': 1,
 'items_per_minute': None,
 'log_count/ERROR': 2,
 'log_count/INFO': 137,
 'response_received_count': 1,
 'responses_per_minute': None,
 'scheduler/dequeued': 1,
 'scheduler/dequeued/memory': 1,
 'scheduler/enqueued': 1,
 'scheduler/enqueued/memory': 1,
 'start_time': datetime.datetime(2025, 3, 23, 20, 14, 38, 237097, tzinfo=datetime.timezone.utc)}
2025-03-24 04:14:39 [scrapy.core.engine] INFO: Spider closed (finished)
2025-03-24 05:22:37 [scrapy.utils.log] INFO: Scrapy 2.12.0 started (bot: bingo_scrapy)
2025-03-24 05:22:37 [scrapy.utils.log] INFO: Versions: lxml 5.3.1.0, libxml2 2.11.7, cssselect 1.3.0, parsel 1.10.0, w3lib 2.3.1, Twisted 24.11.0, Python 3.11.0 (main, Oct 24 2022, 18:26:48) [MSC v.1933 64 bit (AMD64)], pyOpenSSL 25.0.0 (OpenSSL 3.4.1 11 Feb 2025), cryptography 44.0.2, Platform Windows-10-10.0.19045-SP0
2025-03-24 05:22:37 [scrapy.addons] INFO: Enabled addons:
[]
2025-03-24 05:22:37 [scrapy.extensions.telnet] INFO: Telnet Password: 1ee7c046e8bb8f52
2025-03-24 05:22:37 [scrapy.middleware] INFO: Enabled extensions:
['scrapy.extensions.corestats.CoreStats',
 'scrapy.extensions.telnet.TelnetConsole',
 'scrapy.extensions.logstats.LogStats']
2025-03-24 05:22:37 [scrapy.crawler] INFO: Overridden settings:
{'BOT_NAME': 'bingo_scrapy',
 'LOG_FILE': 'bingo_spider.log',
 'LOG_LEVEL': 'INFO',
 'NEWSPIDER_MODULE': 'bingo_scrapy.spiders',
 'SPIDER_MODULES': ['bingo_scrapy.spiders']}
2025-03-24 05:22:38 [scrapy.middleware] INFO: Enabled downloader middlewares:
['scrapy.downloadermiddlewares.offsite.OffsiteMiddleware',
 'scrapy.downloadermiddlewares.httpauth.HttpAuthMiddleware',
 'scrapy.downloadermiddlewares.downloadtimeout.DownloadTimeoutMiddleware',
 'scrapy.downloadermiddlewares.defaultheaders.DefaultHeadersMiddleware',
 'scrapy.downloadermiddlewares.useragent.UserAgentMiddleware',
 'scrapy.downloadermiddlewares.retry.RetryMiddleware',
 'scrapy.downloadermiddlewares.redirect.MetaRefreshMiddleware',
 'scrapy.downloadermiddlewares.httpcompression.HttpCompressionMiddleware',
 'scrapy.downloadermiddlewares.redirect.RedirectMiddleware',
 'scrapy.downloadermiddlewares.cookies.CookiesMiddleware',
 'scrapy.downloadermiddlewares.httpproxy.HttpProxyMiddleware',
 'scrapy.downloadermiddlewares.stats.DownloaderStats']
2025-03-24 05:22:38 [scrapy.middleware] INFO: Enabled spider middlewares:
['scrapy.spidermiddlewares.httperror.HttpErrorMiddleware',
 'scrapy.spidermiddlewares.referer.RefererMiddleware',
 'scrapy.spidermiddlewares.urllength.UrlLengthMiddleware',
 'scrapy.spidermiddlewares.depth.DepthMiddleware']
2025-03-24 05:22:38 [scrapy.middleware] INFO: Enabled item pipelines:
['bingo_scrapy.pipelines.CsvPipeline', 'bingo_scrapy.pipelines.DbPipeline']
2025-03-24 05:22:38 [scrapy.core.engine] INFO: Spider opened
2025-03-24 05:22:38 [root] INFO: Opening spider and establishing database connection.
2025-03-24 05:22:38 [root] INFO: DELETE_OLD_DATA: True
2025-03-24 05:22:38 [root] INFO: Table dropped.
2025-03-24 05:22:38 [root] INFO: Checking if table dbo.bingo exists.
2025-03-24 05:22:38 [root] INFO: Table dbo.bingo does not exist. Creating table.
2025-03-24 05:22:38 [root] INFO: Table dbo.bingo created successfully.
2025-03-24 05:22:38 [root] INFO: Database connection established and table checked/created.
2025-03-24 05:22:38 [scrapy.extensions.logstats] INFO: Crawled 0 pages (at 0 pages/min), scraped 0 items (at 0 items/min)
2025-03-24 05:22:38 [scrapy.extensions.telnet] INFO: Telnet console listening on 127.0.0.1:6023
2025-03-24 05:22:38 [root] INFO: 2024-01-01
2025-03-24 05:22:38 [root] INFO: 2024-01-02 00:00:00
2025-03-24 05:22:38 [root] INFO: Start date: 2024-01-02 00:00:00, End date: 2024-01-02 00:00:00
2025-03-24 05:22:38 [root] INFO: Using START_DATE and END_DATE: ['2024-01-02']
2025-03-24 05:22:38 [root] INFO: 爬取日期: 2024-01-02
2025-03-24 05:22:38 [root] INFO: Processing page: https://api.taiwanlottery.com/TLCAPIWeB/Lottery/BingoResult?openDate=2024-01-02&pageNum=1&pageSize=1
2025-03-24 05:22:39 [root] INFO: Finished processing page: https://api.taiwanlottery.com/TLCAPIWeB/Lottery/BingoResult?openDate=2024-01-02&pageNum=21&pageSize=10
2025-03-24 05:22:39 [root] INFO: DEBUG: True
2025-03-24 05:22:39 [root] INFO: DEBUG: True
2025-03-24 05:22:39 [root] INFO: DEBUG: True
2025-03-24 05:22:39 [root] INFO: DEBUG: True
2025-03-24 05:22:39 [root] INFO: DEBUG: True
2025-03-24 05:22:39 [root] INFO: DEBUG: True
2025-03-24 05:22:39 [root] INFO: DEBUG: True
2025-03-24 05:22:39 [root] INFO: DEBUG: True
2025-03-24 05:22:39 [root] INFO: DEBUG: True
2025-03-24 05:22:39 [root] INFO: DEBUG: True
2025-03-24 05:22:39 [root] INFO: DEBUG: True
2025-03-24 05:22:39 [root] INFO: DEBUG: True
2025-03-24 05:22:39 [root] INFO: DEBUG: True
2025-03-24 05:22:39 [root] INFO: DEBUG: True
2025-03-24 05:22:39 [root] INFO: DEBUG: True
2025-03-24 05:22:39 [root] INFO: DEBUG: True
2025-03-24 05:22:39 [root] INFO: DEBUG: True
2025-03-24 05:22:39 [root] INFO: DEBUG: True
2025-03-24 05:22:39 [root] INFO: DEBUG: True
2025-03-24 05:22:39 [root] INFO: DEBUG: True
2025-03-24 05:22:39 [root] INFO: DEBUG: True
2025-03-24 05:22:39 [root] INFO: DEBUG: True
2025-03-24 05:22:39 [root] INFO: DEBUG: True
2025-03-24 05:22:39 [root] INFO: DEBUG: True
2025-03-24 05:22:39 [root] INFO: DEBUG: True
2025-03-24 05:22:39 [root] INFO: DEBUG: True
2025-03-24 05:22:39 [root] INFO: DEBUG: True
2025-03-24 05:22:39 [root] INFO: DEBUG: True
2025-03-24 05:22:39 [root] INFO: DEBUG: True
2025-03-24 05:22:39 [root] INFO: DEBUG: True
2025-03-24 05:22:39 [root] INFO: DEBUG: True
2025-03-24 05:22:39 [root] INFO: DEBUG: True
2025-03-24 05:22:39 [root] INFO: DEBUG: True
2025-03-24 05:22:39 [root] INFO: DEBUG: True
2025-03-24 05:22:39 [root] INFO: DEBUG: True
2025-03-24 05:22:39 [root] INFO: DEBUG: True
2025-03-24 05:22:39 [root] INFO: DEBUG: True
2025-03-24 05:22:39 [root] INFO: DEBUG: True
2025-03-24 05:22:39 [root] INFO: DEBUG: True
2025-03-24 05:22:39 [root] INFO: DEBUG: True
2025-03-24 05:22:39 [root] INFO: DEBUG: True
2025-03-24 05:22:39 [root] INFO: DEBUG: True
2025-03-24 05:22:39 [root] INFO: DEBUG: True
2025-03-24 05:22:39 [root] INFO: DEBUG: True
2025-03-24 05:22:39 [root] INFO: DEBUG: True
2025-03-24 05:22:39 [root] INFO: DEBUG: True
2025-03-24 05:22:39 [root] INFO: DEBUG: True
2025-03-24 05:22:39 [root] INFO: DEBUG: True
2025-03-24 05:22:39 [root] INFO: DEBUG: True
2025-03-24 05:22:39 [root] INFO: DEBUG: True
2025-03-24 05:22:39 [root] INFO: DEBUG: True
2025-03-24 05:22:39 [root] INFO: DEBUG: True
2025-03-24 05:22:39 [root] INFO: DEBUG: True
2025-03-24 05:22:39 [root] INFO: DEBUG: True
2025-03-24 05:22:39 [root] INFO: DEBUG: True
2025-03-24 05:22:39 [root] INFO: DEBUG: True
2025-03-24 05:22:39 [root] INFO: DEBUG: True
2025-03-24 05:22:39 [root] INFO: DEBUG: True
2025-03-24 05:22:39 [root] INFO: DEBUG: True
2025-03-24 05:22:39 [root] INFO: DEBUG: True
2025-03-24 05:22:39 [root] INFO: DEBUG: True
2025-03-24 05:22:39 [root] INFO: DEBUG: True
2025-03-24 05:22:39 [root] INFO: DEBUG: True
2025-03-24 05:22:39 [root] INFO: DEBUG: True
2025-03-24 05:22:39 [root] INFO: DEBUG: True
2025-03-24 05:22:39 [root] INFO: DEBUG: True
2025-03-24 05:22:39 [root] INFO: DEBUG: True
2025-03-24 05:22:39 [root] INFO: DEBUG: True
2025-03-24 05:22:39 [root] INFO: DEBUG: True
2025-03-24 05:22:39 [root] INFO: DEBUG: True
2025-03-24 05:22:39 [root] INFO: DEBUG: True
2025-03-24 05:22:39 [root] INFO: DEBUG: True
2025-03-24 05:22:39 [root] INFO: DEBUG: True
2025-03-24 05:22:39 [root] INFO: DEBUG: True
2025-03-24 05:22:39 [root] INFO: DEBUG: True
2025-03-24 05:22:39 [root] INFO: DEBUG: True
2025-03-24 05:22:39 [root] INFO: DEBUG: True
2025-03-24 05:22:39 [root] INFO: DEBUG: True
2025-03-24 05:22:39 [root] INFO: DEBUG: True
2025-03-24 05:22:39 [root] INFO: DEBUG: True
2025-03-24 05:22:39 [root] INFO: DEBUG: True
2025-03-24 05:22:39 [root] INFO: DEBUG: True
2025-03-24 05:22:39 [root] INFO: DEBUG: True
2025-03-24 05:22:39 [root] INFO: DEBUG: True
2025-03-24 05:22:39 [root] INFO: DEBUG: True
2025-03-24 05:22:39 [root] INFO: DEBUG: True
2025-03-24 05:22:39 [root] INFO: DEBUG: True
2025-03-24 05:22:39 [root] INFO: DEBUG: True
2025-03-24 05:22:39 [root] INFO: DEBUG: True
2025-03-24 05:22:39 [root] INFO: DEBUG: True
2025-03-24 05:22:39 [root] INFO: DEBUG: True
2025-03-24 05:22:39 [root] INFO: DEBUG: True
2025-03-24 05:22:39 [root] INFO: DEBUG: True
2025-03-24 05:22:39 [root] INFO: DEBUG: True
2025-03-24 05:22:39 [root] INFO: DEBUG: True
2025-03-24 05:22:39 [root] INFO: DEBUG: True
2025-03-24 05:22:39 [root] INFO: DEBUG: True
2025-03-24 05:22:39 [root] INFO: DEBUG: True
2025-03-24 05:22:39 [root] INFO: DEBUG: True
2025-03-24 05:22:39 [root] INFO: DEBUG: True
2025-03-24 05:22:39 [root] INFO: DEBUG: True
2025-03-24 05:22:39 [root] INFO: DEBUG: True
2025-03-24 05:22:39 [root] INFO: DEBUG: True
2025-03-24 05:22:39 [root] INFO: DEBUG: True
2025-03-24 05:22:39 [root] INFO: DEBUG: True
2025-03-24 05:22:39 [root] INFO: DEBUG: True
2025-03-24 05:22:39 [root] INFO: DEBUG: True
2025-03-24 05:22:39 [root] INFO: DEBUG: True
2025-03-24 05:22:39 [root] INFO: DEBUG: True
2025-03-24 05:22:39 [root] INFO: DEBUG: True
2025-03-24 05:22:39 [root] ERROR: Error in processing item: 2024-01-02,110
2025-03-24 05:22:39 [root] INFO: Database connection closed after processing item.
2025-03-24 05:22:39 [scrapy.core.scraper] ERROR: Error processing {'date': '2024-01-02', 'items': [{'drawTerm': 113000406, 'dDate': '2024-01-02', 'bigShowOrder': ['03', '05', '10', '18', '24', '27', '28', '30', '34', '35', '36', '41', '44', '47', '57', '61', '64', '65', '66', '78']}, {'drawTerm': 113000405, 'dDate': '2024-01-02', 'bigShowOrder': ['04', '09', '14', '16', '19', '23', '26', '32', '34', '38', '41', '43', '44', '49', '50', '58', '60', '63', '74', '77']}, {'drawTerm': 113000404, 'dDate': '2024-01-02', 'bigShowOrder': ['01', '19', '21', '22', '25', '28', '30', '34', '35', '38', '42', '46', '47', '48', '49', '59', '70', '77', '78', '80']}, {'drawTerm': 113000403, 'dDate': '2024-01-02', 'bigShowOrder': ['01', '09', '12', '24', '28', '29', '37', '38', '41', '50', '53', '56', '57', '60', '61', '63', '66', '72', '77', '80']}, {'drawTerm': 113000402, 'dDate': '2024-01-02', 'bigShowOrder': ['05', '07', '09', '12', '19', '20', '28', '30', '32', '34', '40', '42', '44', '46', '52', '54', '59', '66', '67', '70']}, {'drawTerm': 113000401, 'dDate': '2024-01-02', 'bigShowOrder': ['03', '06', '11', '13', '14', '18', '23', '32', '38', '41', '42', '49', '54', '57', '58', '62', '66', '69', '70', '77']}, {'drawTerm': 113000400, 'dDate': '2024-01-02', 'bigShowOrder': ['02', '06', '09', '14', '22', '29', '31', '36', '40', '44', '45', '46', '50', '53', '54', '65', '67', '74', '78', '79']}, {'drawTerm': 113000399, 'dDate': '2024-01-02', 'bigShowOrder': ['03', '06', '10', '11', '13', '14', '17', '22', '23', '28', '41', '42', '46', '50', '52', '54', '58', '68', '71', '78']}, {'drawTerm': 113000398, 'dDate': '2024-01-02', 'bigShowOrder': ['07', '09', '18', '21', '25', '28', '34', '35', '36', '43', '46', '53', '57', '61', '62', '64', '67', '72', '74', '78']}, {'drawTerm': 113000397, 'dDate': '2024-01-02', 'bigShowOrder': ['03', '08', '17', '24', '30', '36', '38', '43', '49', '52', '53', '59', '63', '64', '65', '68', '69', '71', '76', '77']}, {'drawTerm': 113000396, 'dDate': '2024-01-02', 'bigShowOrder': ['06', '08', '14', '19', '20', '25', '26', '27', '30', '31', '33', '38', '45', '66', '68', '72', '74', '76', '78', '79']}, {'drawTerm': 113000395, 'dDate': '2024-01-02', 'bigShowOrder': ['01', '03', '05', '07', '12', '14', '21', '23', '31', '33', '35', '40', '42', '47', '53', '60', '62', '69', '70', '73']}, {'drawTerm': 113000394, 'dDate': '2024-01-02', 'bigShowOrder': ['02', '09', '16', '17', '18', '29', '30', '33', '35', '37', '40', '42', '49', '51', '60', '63', '65', '73', '77', '80']}, {'drawTerm': 113000393, 'dDate': '2024-01-02', 'bigShowOrder': ['06', '07', '11', '12', '13', '17', '18', '19', '22', '23', '26', '33', '38', '39', '51', '55', '59', '63', '77', '80']}, {'drawTerm': 113000392, 'dDate': '2024-01-02', 'bigShowOrder': ['05', '07', '09', '11', '17', '18', '22', '23', '26', '35', '37', '49', '51', '58', '60', '61', '72', '73', '79', '80']}, {'drawTerm': 113000391, 'dDate': '2024-01-02', 'bigShowOrder': ['03', '04', '05', '07', '15', '16', '17', '23', '25', '30', '48', '52', '55', '60', '63', '73', '74', '76', '78', '80']}, {'drawTerm': 113000390, 'dDate': '2024-01-02', 'bigShowOrder': ['01', '06', '07', '11', '13', '19', '20', '22', '27', '28', '35', '43', '46', '53', '58', '60', '67', '71', '75', '76']}, {'drawTerm': 113000389, 'dDate': '2024-01-02', 'bigShowOrder': ['01', '03', '14', '18', '19', '24', '34', '38', '42', '47', '57', '58', '60', '63', '69', '72', '73', '74', '79', '80']}, {'drawTerm': 113000388, 'dDate': '2024-01-02', 'bigShowOrder': ['04', '05', '11', '16', '18', '20', '21', '30', '32', '35', '44', '46', '52', '57', '58', '60', '63', '64', '70', '80']}, {'drawTerm': 113000387, 'dDate': '2024-01-02', 'bigShowOrder': ['04', '06', '15', '20', '22', '30', '36', '37', '40', '41', '45', '46', '52', '53', '54', '56', '64', '68', '73', '76']}, {'drawTerm': 113000386, 'dDate': '2024-01-02', 'bigShowOrder': ['05', '06', '14', '16', '20', '21', '23', '25', '27', '38', '43', '45', '58', '60', '64', '67', '72', '75', '76', '80']}, {'drawTerm': 113000385, 'dDate': '2024-01-02', 'bigShowOrder': ['02', '16', '19', '23', '33', '34', '38', '39', '48', '51', '53', '61', '66', '68', '72', '73', '74', '75', '77', '80']}, {'drawTerm': 113000384, 'dDate': '2024-01-02', 'bigShowOrder': ['01', '04', '06', '07', '21', '26', '27', '35', '36', '39', '40', '42', '45', '47', '56', '57', '58', '62', '74', '79']}, {'drawTerm': 113000383, 'dDate': '2024-01-02', 'bigShowOrder': ['03', '05', '07', '14', '18', '21', '24', '26', '33', '36', '38', '43', '45', '46', '47', '48', '62', '63', '66', '75']}, {'drawTerm': 113000382, 'dDate': '2024-01-02', 'bigShowOrder': ['02', '04', '08', '12', '13', '14', '15', '32', '36', '44', '53', '57', '58', '59', '64', '65', '67', '71', '76', '77']}, {'drawTerm': 113000381, 'dDate': '2024-01-02', 'bigShowOrder': ['02', '04', '06', '18', '19', '20', '25', '26', '34', '41', '48', '57', '61', '63', '64', '68', '70', '76', '78', '80']}, {'drawTerm': 113000380, 'dDate': '2024-01-02', 'bigShowOrder': ['09', '11', '16', '23', '24', '25', '37', '38', '40', '44', '51', '54', '55', '58', '64', '67', '69', '71', '77', '80']}, {'drawTerm': 113000379, 'dDate': '2024-01-02', 'bigShowOrder': ['02', '09', '15', '20', '23', '30', '36', '37', '39', '43', '45', '48', '49', '50', '62', '64', '68', '72', '78', '79']}, {'drawTerm': 113000378, 'dDate': '2024-01-02', 'bigShowOrder': ['03', '06', '17', '19', '21', '22', '25', '32', '35', '46', '48', '49', '50', '54', '55', '67', '69', '71', '78', '79']}, {'drawTerm': 113000377, 'dDate': '2024-01-02', 'bigShowOrder': ['01', '10', '12', '14', '17', '27', '32', '34', '35', '41', '46', '48', '52', '59', '61', '63', '67', '70', '71', '74']}, {'drawTerm': 113000376, 'dDate': '2024-01-02', 'bigShowOrder': ['03', '14', '16', '17', '22', '27', '32', '36', '37', '39', '42', '44', '47', '50', '51', '52', '54', '56', '72', '73']}, {'drawTerm': 113000375, 'dDate': '2024-01-02', 'bigShowOrder': ['04', '09', '16', '17', '22', '23', '26', '28', '34', '40', '42', '44', '48', '52', '53', '59', '61', '68', '70', '79']}, {'drawTerm': 113000374, 'dDate': '2024-01-02', 'bigShowOrder': ['15', '19', '25', '27', '32', '35', '37', '41', '43', '47', '49', '50', '52', '56', '57', '63', '71', '74', '75', '77']}, {'drawTerm': 113000373, 'dDate': '2024-01-02', 'bigShowOrder': ['06', '09', '13', '16', '17', '18', '20', '21', '22', '35', '39', '42', '45', '46', '47', '51', '61', '65', '67', '75']}, {'drawTerm': 113000372, 'dDate': '2024-01-02', 'bigShowOrder': ['01', '04', '06', '08', '09', '10', '12', '15', '21', '26', '29', '32', '35', '48', '53', '58', '59', '67', '68', '73']}, {'drawTerm': 113000371, 'dDate': '2024-01-02', 'bigShowOrder': ['01', '04', '06', '08', '10', '19', '23', '24', '27', '36', '43', '47', '55', '65', '71', '72', '74', '75', '76', '80']}, {'drawTerm': 113000370, 'dDate': '2024-01-02', 'bigShowOrder': ['09', '11', '12', '22', '23', '28', '30', '32', '33', '34', '38', '39', '44', '46', '53', '57', '59', '69', '71', '79']}, {'drawTerm': 113000369, 'dDate': '2024-01-02', 'bigShowOrder': ['02', '04', '10', '11', '12', '16', '17', '18', '20', '22', '24', '29', '38', '40', '43', '45', '54', '57', '58', '69']}, {'drawTerm': 113000368, 'dDate': '2024-01-02', 'bigShowOrder': ['03', '04', '05', '08', '11', '23', '24', '27', '31', '36', '39', '40', '50', '58', '60', '63', '66', '68', '70', '76']}, {'drawTerm': 113000367, 'dDate': '2024-01-02', 'bigShowOrder': ['01', '08', '09', '10', '11', '14', '17', '28', '33', '37', '43', '51', '52', '54', '62', '68', '69', '70', '74', '78']}, {'drawTerm': 113000366, 'dDate': '2024-01-02', 'bigShowOrder': ['02', '05', '14', '15', '19', '25', '29', '32', '34', '35', '44', '45', '46', '47', '58', '64', '69', '75', '76', '77']}, {'drawTerm': 113000365, 'dDate': '2024-01-02', 'bigShowOrder': ['02', '04', '05', '15', '17', '24', '34', '36', '41', '42', '49', '51', '55', '58', '61', '65', '68', '72', '76', '78']}, {'drawTerm': 113000364, 'dDate': '2024-01-02', 'bigShowOrder': ['01', '02', '04', '05', '08', '10', '12', '19', '21', '26', '32', '33', '36', '37', '39', '47', '48', '51', '63', '67']}, {'drawTerm': 113000363, 'dDate': '2024-01-02', 'bigShowOrder': ['03', '04', '08', '14', '16', '17', '29', '36', '40', '44', '47', '48', '50', '56', '62', '67', '70', '73', '75', '78']}, {'drawTerm': 113000362, 'dDate': '2024-01-02', 'bigShowOrder': ['02', '05', '09', '10', '13', '14', '15', '30', '35', '38', '44', '47', '48', '58', '60', '64', '69', '71', '72', '75']}, {'drawTerm': 113000361, 'dDate': '2024-01-02', 'bigShowOrder': ['01', '03', '05', '11', '24', '26', '31', '39', '42', '50', '51', '53', '54', '56', '59', '64', '65', '69', '72', '73']}, {'drawTerm': 113000360, 'dDate': '2024-01-02', 'bigShowOrder': ['01', '12', '13', '15', '20', '26', '34', '35', '39', '41', '42', '47', '49', '52', '56', '61', '64', '65', '72', '75']}, {'drawTerm': 113000359, 'dDate': '2024-01-02', 'bigShowOrder': ['02', '14', '20', '24', '29', '30', '33', '35', '41', '45', '50', '58', '59', '61', '66', '68', '75', '77', '78', '80']}, {'drawTerm': 113000358, 'dDate': '2024-01-02', 'bigShowOrder': ['05', '07', '08', '21', '24', '25', '35', '41', '42', '43', '47', '50', '60', '61', '64', '69', '75', '76', '77', '80']}, {'drawTerm': 113000357, 'dDate': '2024-01-02', 'bigShowOrder': ['07', '08', '09', '13', '14', '27', '29', '38', '40', '42', '50', '51', '56', '57', '61', '68', '73', '75', '78', '79']}, {'drawTerm': 113000356, 'dDate': '2024-01-02', 'bigShowOrder': ['02', '05', '08', '10', '14', '20', '33', '34', '37', '40', '49', '55', '59', '61', '63', '65', '66', '68', '71', '76']}, {'drawTerm': 113000355, 'dDate': '2024-01-02', 'bigShowOrder': ['13', '23', '25', '32', '36', '37', '44', '47', '51', '52', '55', '58', '62', '65', '66', '70', '72', '75', '76', '80']}, {'drawTerm': 113000354, 'dDate': '2024-01-02', 'bigShowOrder': ['04', '05', '06', '07', '09', '10', '11', '15', '17', '27', '30', '31', '47', '51', '52', '53', '55', '56', '65', '77']}, {'drawTerm': 113000353, 'dDate': '2024-01-02', 'bigShowOrder': ['02', '04', '05', '09', '10', '13', '25', '32', '33', '34', '38', '42', '45', '49', '50', '61', '65', '66', '67', '77']}, {'drawTerm': 113000352, 'dDate': '2024-01-02', 'bigShowOrder': ['03', '06', '08', '09', '13', '20', '25', '28', '29', '33', '37', '40', '46', '47', '48', '56', '67', '72', '75', '80']}, {'drawTerm': 113000351, 'dDate': '2024-01-02', 'bigShowOrder': ['06', '12', '14', '20', '25', '27', '29', '33', '34', '35', '36', '41', '52', '54', '57', '66', '67', '72', '74', '76']}, {'drawTerm': 113000350, 'dDate': '2024-01-02', 'bigShowOrder': ['02', '05', '07', '11', '13', '18', '20', '30', '31', '35', '36', '41', '53', '60', '62', '71', '73', '76', '79', '80']}, {'drawTerm': 113000349, 'dDate': '2024-01-02', 'bigShowOrder': ['09', '14', '23', '24', '25', '33', '37', '38', '42', '45', '46', '50', '52', '56', '57', '58', '62', '71', '74', '80']}, {'drawTerm': 113000348, 'dDate': '2024-01-02', 'bigShowOrder': ['09', '10', '14', '15', '22', '24', '28', '31', '32', '33', '34', '42', '45', '53', '55', '61', '66', '70', '76', '78']}, {'drawTerm': 113000347, 'dDate': '2024-01-02', 'bigShowOrder': ['04', '08', '20', '24', '25', '27', '31', '34', '36', '39', '47', '51', '52', '56', '57', '60', '63', '64', '67', '69']}, {'drawTerm': 113000346, 'dDate': '2024-01-02', 'bigShowOrder': ['05', '08', '09', '10', '14', '17', '18', '25', '27', '30', '31', '33', '36', '54', '57', '67', '70', '72', '74', '77']}, {'drawTerm': 113000345, 'dDate': '2024-01-02', 'bigShowOrder': ['02', '08', '09', '12', '13', '15', '27', '28', '29', '31', '44', '45', '49', '51', '54', '56', '58', '73', '74', '75']}, {'drawTerm': 113000344, 'dDate': '2024-01-02', 'bigShowOrder': ['04', '09', '10', '15', '17', '18', '21', '24', '30', '42', '43', '53', '56', '59', '60', '67', '68', '70', '73', '77']}, {'drawTerm': 113000343, 'dDate': '2024-01-02', 'bigShowOrder': ['03', '07', '10', '15', '18', '21', '27', '29', '32', '37', '47', '48', '56', '57', '59', '67', '70', '73', '74', '77']}, {'drawTerm': 113000342, 'dDate': '2024-01-02', 'bigShowOrder': ['10', '13', '18', '21', '25', '31', '32', '36', '39', '40', '41', '42', '51', '52', '57', '58', '59', '72', '73', '75']}, {'drawTerm': 113000341, 'dDate': '2024-01-02', 'bigShowOrder': ['02', '03', '05', '08', '10', '13', '14', '16', '24', '27', '30', '35', '45', '58', '63', '65', '68', '72', '76', '77']}, {'drawTerm': 113000340, 'dDate': '2024-01-02', 'bigShowOrder': ['07', '11', '13', '17', '23', '28', '33', '34', '36', '45', '46', '48', '49', '52', '58', '67', '69', '72', '74', '75']}, {'drawTerm': 113000339, 'dDate': '2024-01-02', 'bigShowOrder': ['02', '06', '11', '13', '16', '18', '24', '27', '30', '32', '35', '38', '46', '49', '50', '58', '61', '63', '64', '80']}, {'drawTerm': 113000338, 'dDate': '2024-01-02', 'bigShowOrder': ['05', '07', '10', '15', '17', '23', '26', '27', '28', '31', '35', '46', '51', '54', '57', '58', '63', '69', '75', '77']}, {'drawTerm': 113000337, 'dDate': '2024-01-02', 'bigShowOrder': ['03', '07', '12', '13', '19', '23', '24', '31', '32', '33', '34', '39', '41', '46', '47', '50', '54', '58', '72', '74']}, {'drawTerm': 113000336, 'dDate': '2024-01-02', 'bigShowOrder': ['06', '12', '17', '23', '34', '37', '40', '43', '46', '53', '54', '58', '65', '66', '68', '69', '70', '71', '74', '75']}, {'drawTerm': 113000335, 'dDate': '2024-01-02', 'bigShowOrder': ['05', '06', '12', '17', '26', '28', '30', '34', '37', '49', '50', '57', '59', '61', '62', '70', '72', '73', '74', '78']}, {'drawTerm': 113000334, 'dDate': '2024-01-02', 'bigShowOrder': ['04', '12', '13', '16', '17', '24', '25', '27', '32', '37', '41', '46', '50', '60', '64', '67', '72', '74', '76', '80']}, {'drawTerm': 113000333, 'dDate': '2024-01-02', 'bigShowOrder': ['04', '05', '11', '12', '17', '22', '25', '26', '27', '29', '33', '39', '46', '54', '56', '59', '62', '65', '68', '73']}, {'drawTerm': 113000332, 'dDate': '2024-01-02', 'bigShowOrder': ['01', '05', '09', '13', '14', '20', '22', '26', '31', '37', '45', '48', '51', '64', '65', '67', '68', '71', '74', '79']}, {'drawTerm': 113000331, 'dDate': '2024-01-02', 'bigShowOrder': ['11', '17', '19', '21', '22', '26', '34', '37', '38', '42', '45', '48', '52', '58', '59', '66', '73', '74', '75', '76']}, {'drawTerm': 113000330, 'dDate': '2024-01-02', 'bigShowOrder': ['06', '16', '17', '18', '24', '31', '38', '40', '44', '46', '48', '50', '56', '57', '60', '64', '66', '72', '77', '80']}, {'drawTerm': 113000329, 'dDate': '2024-01-02', 'bigShowOrder': ['06', '08', '10', '17', '22', '27', '30', '32', '33', '34', '38', '39', '41', '45', '48', '54', '64', '68', '70', '71']}, {'drawTerm': 113000328, 'dDate': '2024-01-02', 'bigShowOrder': ['09', '11', '12', '14', '16', '18', '21', '25', '28', '30', '34', '41', '47', '48', '49', '52', '64', '69', '75', '76']}, {'drawTerm': 113000327, 'dDate': '2024-01-02', 'bigShowOrder': ['01', '04', '14', '15', '21', '22', '28', '44', '54', '55', '57', '63', '66', '67', '69', '74', '76', '78', '79', '80']}, {'drawTerm': 113000326, 'dDate': '2024-01-02', 'bigShowOrder': ['05', '07', '09', '11', '12', '17', '30', '31', '33', '40', '43', '52', '54', '56', '57', '58', '59', '66', '69', '71']}, {'drawTerm': 113000325, 'dDate': '2024-01-02', 'bigShowOrder': ['04', '10', '11', '23', '25', '27', '29', '32', '41', '42', '43', '50', '56', '62', '64', '71', '75', '77', '79', '80']}, {'drawTerm': 113000324, 'dDate': '2024-01-02', 'bigShowOrder': ['05', '10', '13', '18', '20', '26', '32', '37', '38', '42', '47', '53', '58', '60', '65', '66', '67', '72', '73', '79']}, {'drawTerm': 113000323, 'dDate': '2024-01-02', 'bigShowOrder': ['01', '02', '04', '07', '10', '13', '14', '15', '16', '23', '29', '46', '49', '52', '54', '55', '56', '67', '73', '78']}, {'drawTerm': 113000322, 'dDate': '2024-01-02', 'bigShowOrder': ['03', '06', '09', '11', '12', '22', '23', '26', '32', '33', '35', '41', '48', '54', '56', '59', '61', '72', '73', '75']}, {'drawTerm': 113000321, 'dDate': '2024-01-02', 'bigShowOrder': ['01', '07', '10', '15', '18', '23', '24', '33', '37', '38', '45', '47', '48', '52', '55', '57', '68', '71', '76', '77']}, {'drawTerm': 113000320, 'dDate': '2024-01-02', 'bigShowOrder': ['01', '07', '08', '09', '16', '18', '19', '24', '26', '27', '29', '34', '38', '49', '52', '54', '56', '67', '71', '74']}, {'drawTerm': 113000319, 'dDate': '2024-01-02', 'bigShowOrder': ['02', '04', '06', '16', '23', '26', '31', '32', '38', '39', '48', '57', '58', '62', '64', '65', '67', '69', '73', '77']}, {'drawTerm': 113000318, 'dDate': '2024-01-02', 'bigShowOrder': ['01', '03', '10', '15', '17', '18', '25', '29', '30', '31', '39', '41', '47', '56', '58', '73', '76', '77', '79', '80']}, {'drawTerm': 113000317, 'dDate': '2024-01-02', 'bigShowOrder': ['02', '04', '07', '13', '16', '17', '19', '23', '26', '28', '31', '34', '37', '39', '41', '42', '45', '61', '63', '77']}, {'drawTerm': 113000316, 'dDate': '2024-01-02', 'bigShowOrder': ['01', '03', '05', '09', '10', '15', '19', '24', '25', '27', '28', '30', '39', '41', '45', '52', '63', '67', '74', '79']}, {'drawTerm': 113000315, 'dDate': '2024-01-02', 'bigShowOrder': ['01', '07', '10', '11', '12', '14', '15', '20', '31', '33', '37', '43', '46', '52', '57', '58', '63', '69', '71', '77']}, {'drawTerm': 113000314, 'dDate': '2024-01-02', 'bigShowOrder': ['03', '06', '08', '09', '10', '14', '24', '25', '27', '28', '32', '37', '46', '51', '53', '55', '59', '60', '77', '79']}, {'drawTerm': 113000313, 'dDate': '2024-01-02', 'bigShowOrder': ['01', '13', '16', '17', '18', '23', '30', '32', '33', '36', '37', '38', '39', '40', '59', '61', '63', '67', '69', '80']}, {'drawTerm': 113000312, 'dDate': '2024-01-02', 'bigShowOrder': ['04', '07', '12', '14', '15', '16', '18', '23', '29', '32', '43', '45', '48', '55', '59', '65', '69', '74', '76', '77']}, {'drawTerm': 113000311, 'dDate': '2024-01-02', 'bigShowOrder': ['01', '02', '23', '26', '33', '35', '36', '38', '40', '42', '45', '47', '52', '54', '57', '58', '60', '61', '71', '73']}, {'drawTerm': 113000310, 'dDate': '2024-01-02', 'bigShowOrder': ['06', '08', '13', '18', '21', '26', '38', '44', '45', '48', '51', '52', '53', '55', '59', '63', '65', '69', '74', '79']}, {'drawTerm': 113000309, 'dDate': '2024-01-02', 'bigShowOrder': ['06', '09', '11', '25', '26', '30', '31', '32', '35', '46', '47', '48', '51', '52', '60', '63', '67', '74', '77', '80']}, {'drawTerm': 113000308, 'dDate': '2024-01-02', 'bigShowOrder': ['01', '06', '07', '09', '26', '27', '28', '35', '37', '40', '42', '49', '52', '53', '54', '55', '62', '69', '73', '76']}, {'drawTerm': 113000307, 'dDate': '2024-01-02', 'bigShowOrder': ['01', '02', '04', '06', '12', '13', '17', '24', '27', '28', '29', '31', '34', '45', '46', '67', '70', '76', '77', '78']}, {'drawTerm': 113000306, 'dDate': '2024-01-02', 'bigShowOrder': ['01', '07', '11', '13', '17', '30', '32', '37', '44', '46', '49', '50', '51', '52', '55', '56', '59', '60', '68', '71']}, {'drawTerm': 113000305, 'dDate': '2024-01-02', 'bigShowOrder': ['02', '05', '17', '18', '19', '26', '27', '34', '36', '39', '43', '45', '50', '59', '60', '63', '68', '72', '77', '79']}, {'drawTerm': 113000304, 'dDate': '2024-01-02', 'bigShowOrder': ['02', '03', '05', '17', '19', '26', '27', '31', '35', '38', '43', '47', '48', '56', '57', '61', '63', '69', '76', '80']}, {'drawTerm': 113000303, 'dDate': '2024-01-02', 'bigShowOrder': ['04', '15', '17', '24', '33', '44', '45', '47', '49', '51', '55', '58', '63', '64', '66', '68', '69', '70', '73', '78']}, {'drawTerm': 113000302, 'dDate': '2024-01-02', 'bigShowOrder': ['08', '13', '14', '20', '29', '30', '31', '34', '48', '54', '58', '62', '65', '66', '67', '68', '70', '71', '75', '78']}, {'drawTerm': 113000301, 'dDate': '2024-01-02', 'bigShowOrder': ['02', '04', '09', '16', '20', '21', '23', '26', '40', '42', '51', '53', '55', '57', '60', '62', '63', '67', '71', '79']}, {'drawTerm': 113000300, 'dDate': '2024-01-02', 'bigShowOrder': ['03', '07', '08', '12', '23', '24', '27', '34', '36', '46', '48', '53', '56', '57', '58', '63', '65', '70', '75', '77']}, {'drawTerm': 113000299, 'dDate': '2024-01-02', 'bigShowOrder': ['04', '05', '16', '17', '18', '21', '33', '40', '41', '47', '49', '51', '52', '53', '67', '68', '69', '74', '79', '80']}, {'drawTerm': 113000298, 'dDate': '2024-01-02', 'bigShowOrder': ['09', '10', '14', '15', '18', '23', '28', '31', '44', '47', '48', '53', '54', '55', '60', '63', '64', '70', '72', '73']}, {'drawTerm': 113000297, 'dDate': '2024-01-02', 'bigShowOrder': ['01', '05', '10', '12', '21', '26', '28', '30', '37', '45', '49', '50', '51', '53', '60', '61', '63', '67', '68', '78']}, {'drawTerm': 113000296, 'dDate': '2024-01-02', 'bigShowOrder': ['01', '04', '07', '09', '10', '16', '23', '24', '25', '27', '30', '31', '32', '35', '36', '41', '44', '46', '60', '75']}, {'drawTerm': 113000295, 'dDate': '2024-01-02', 'bigShowOrder': ['08', '24', '28', '32', '35', '38', '40', '42', '43', '45', '46', '48', '50', '55', '59', '60', '66', '68', '69', '78']}, {'drawTerm': 113000294, 'dDate': '2024-01-02', 'bigShowOrder': ['06', '07', '11', '15', '19', '21', '24', '25', '27', '30', '40', '45', '46', '48', '52', '55', '58', '59', '63', '76']}, {'drawTerm': 113000293, 'dDate': '2024-01-02', 'bigShowOrder': ['01', '02', '04', '05', '07', '11', '14', '17', '23', '28', '31', '40', '43', '59', '62', '68', '72', '75', '79', '80']}, {'drawTerm': 113000292, 'dDate': '2024-01-02', 'bigShowOrder': ['03', '05', '15', '16', '18', '25', '30', '33', '36', '37', '39', '41', '45', '46', '48', '57', '60', '63', '68', '80']}, {'drawTerm': 113000291, 'dDate': '2024-01-02', 'bigShowOrder': ['02', '03', '07', '13', '23', '26', '28', '38', '49', '50', '53', '58', '61', '64', '73', '74', '75', '76', '78', '80']}, {'drawTerm': 113000290, 'dDate': '2024-01-02', 'bigShowOrder': ['01', '02', '05', '10', '11', '15', '18', '21', '23', '24', '31', '45', '46', '58', '59', '60', '68', '73', '78', '79']}, {'drawTerm': 113000289, 'dDate': '2024-01-02', 'bigShowOrder': ['06', '18', '21', '22', '23', '27', '32', '33', '36', '40', '45', '51', '56', '57', '58', '59', '62', '68', '73', '80']}, {'drawTerm': 113000288, 'dDate': '2024-01-02', 'bigShowOrder': ['04', '09', '20', '26', '34', '35', '38', '44', '47', '49', '57', '58', '59', '60', '62', '66', '67', '69', '71', '73']}, {'drawTerm': 113000287, 'dDate': '2024-01-02', 'bigShowOrder': ['03', '06', '09', '18', '23', '27', '28', '29', '32', '35', '36', '43', '46', '57', '63', '68', '69', '71', '72', '77']}, {'drawTerm': 113000286, 'dDate': '2024-01-02', 'bigShowOrder': ['01', '04', '07', '20', '24', '28', '34', '40', '42', '51', '54', '57', '58', '59', '62', '67', '71', '72', '74', '76']}, {'drawTerm': 113000285, 'dDate': '2024-01-02', 'bigShowOrder': ['03', '12', '14', '15', '20', '26', '28', '37', '39', '45', '46', '48', '50', '59', '61', '62', '70', '73', '74', '80']}, {'drawTerm': 113000284, 'dDate': '2024-01-02', 'bigShowOrder': ['03', '04', '06', '11', '12', '14', '15', '22', '31', '37', '49', '52', '59', '60', '63', '64', '66', '68', '70', '76']}, {'drawTerm': 113000283, 'dDate': '2024-01-02', 'bigShowOrder': ['03', '04', '05', '09', '10', '12', '19', '23', '29', '31', '38', '44', '58', '59', '65', '68', '69', '77', '78', '79']}, {'drawTerm': 113000282, 'dDate': '2024-01-02', 'bigShowOrder': ['01', '04', '10', '11', '13', '16', '21', '22', '24', '27', '28', '29', '35', '40', '50', '57', '65', '70', '72', '80']}, {'drawTerm': 113000281, 'dDate': '2024-01-02', 'bigShowOrder': ['07', '11', '16', '21', '25', '36', '38', '39', '44', '45', '47', '51', '55', '61', '64', '66', '69', '70', '72', '80']}, {'drawTerm': 113000280, 'dDate': '2024-01-02', 'bigShowOrder': ['03', '08', '09', '11', '12', '16', '24', '27', '35', '36', '37', '44', '46', '56', '61', '64', '73', '77', '79', '80']}, {'drawTerm': 113000279, 'dDate': '2024-01-02', 'bigShowOrder': ['01', '03', '14', '15', '16', '20', '21', '22', '24', '26', '32', '44', '45', '52', '55', '61', '64', '66', '68', '75']}, {'drawTerm': 113000278, 'dDate': '2024-01-02', 'bigShowOrder': ['01', '05', '09', '12', '13', '14', '19', '21', '22', '24', '30', '37', '45', '52', '65', '69', '75', '76', '78', '80']}, {'drawTerm': 113000277, 'dDate': '2024-01-02', 'bigShowOrder': ['09', '11', '14', '18', '23', '48', '50', '52', '53', '54', '58', '59', '60', '61', '62', '68', '72', '74', '78', '80']}, {'drawTerm': 113000276, 'dDate': '2024-01-02', 'bigShowOrder': ['02', '06', '07', '12', '15', '16', '35', '41', '43', '54', '57', '64', '68', '71', '72', '73', '77', '78', '79', '80']}, {'drawTerm': 113000275, 'dDate': '2024-01-02', 'bigShowOrder': ['07', '09', '15', '17', '18', '19', '23', '24', '30', '39', '42', '43', '49', '55', '56', '59', '62', '64', '66', '73']}, {'drawTerm': 113000274, 'dDate': '2024-01-02', 'bigShowOrder': ['05', '10', '12', '13', '18', '20', '21', '28', '35', '37', '49', '53', '65', '69', '70', '71', '72', '73', '74', '80']}, {'drawTerm': 113000273, 'dDate': '2024-01-02', 'bigShowOrder': ['01', '03', '11', '13', '22', '26', '28', '36', '41', '42', '48', '52', '55', '57', '66', '68', '69', '72', '79', '80']}, {'drawTerm': 113000272, 'dDate': '2024-01-02', 'bigShowOrder': ['04', '08', '15', '26', '27', '29', '31', '34', '37', '38', '43', '45', '48', '52', '57', '60', '61', '66', '71', '79']}, {'drawTerm': 113000271, 'dDate': '2024-01-02', 'bigShowOrder': ['03', '06', '09', '11', '13', '14', '22', '24', '26', '32', '36', '46', '49', '57', '61', '64', '66', '67', '73', '78']}, {'drawTerm': 113000270, 'dDate': '2024-01-02', 'bigShowOrder': ['01', '02', '07', '19', '23', '31', '32', '40', '41', '45', '52', '53', '54', '58', '68', '71', '72', '76', '77', '79']}, {'drawTerm': 113000269, 'dDate': '2024-01-02', 'bigShowOrder': ['01', '02', '03', '06', '07', '17', '21', '23', '25', '31', '40', '41', '45', '49', '55', '57', '62', '65', '66', '67']}, {'drawTerm': 113000268, 'dDate': '2024-01-02', 'bigShowOrder': ['05', '06', '10', '18', '19', '26', '27', '32', '34', '37', '39', '40', '43', '50', '57', '61', '62', '66', '76', '80']}, {'drawTerm': 113000267, 'dDate': '2024-01-02', 'bigShowOrder': ['03', '07', '10', '12', '23', '25', '29', '33', '37', '43', '47', '50', '54', '58', '59', '63', '70', '72', '77', '80']}, {'drawTerm': 113000266, 'dDate': '2024-01-02', 'bigShowOrder': ['02', '05', '08', '16', '18', '22', '23', '28', '29', '31', '34', '47', '52', '53', '55', '60', '64', '71', '72', '79']}, {'drawTerm': 113000265, 'dDate': '2024-01-02', 'bigShowOrder': ['12', '14', '16', '21', '22', '23', '27', '30', '37', '39', '42', '46', '50', '51', '54', '57', '72', '74', '75', '76']}, {'drawTerm': 113000264, 'dDate': '2024-01-02', 'bigShowOrder': ['02', '03', '04', '05', '07', '09', '13', '14', '16', '31', '34', '49', '52', '59', '60', '61', '70', '72', '75', '79']}, {'drawTerm': 113000263, 'dDate': '2024-01-02', 'bigShowOrder': ['03', '05', '10', '13', '15', '16', '17', '22', '28', '33', '35', '49', '51', '59', '61', '64', '65', '66', '71', '74']}, {'drawTerm': 113000262, 'dDate': '2024-01-02', 'bigShowOrder': ['02', '03', '05', '09', '10', '14', '16', '21', '36', '43', '45', '51', '52', '54', '61', '71', '73', '74', '79', '80']}, {'drawTerm': 113000261, 'dDate': '2024-01-02', 'bigShowOrder': ['06', '08', '10', '11', '17', '21', '25', '28', '30', '33', '50', '55', '60', '61', '62', '66', '76', '77', '78', '79']}, {'drawTerm': 113000260, 'dDate': '2024-01-02', 'bigShowOrder': ['03', '04', '06', '10', '17', '21', '22', '33', '35', '39', '41', '44', '49', '50', '55', '56', '57', '70', '76', '78']}, {'drawTerm': 113000259, 'dDate': '2024-01-02', 'bigShowOrder': ['08', '12', '14', '17', '21', '24', '27', '28', '30', '31', '40', '41', '53', '64', '67', '68', '71', '76', '79', '80']}, {'drawTerm': 113000258, 'dDate': '2024-01-02', 'bigShowOrder': ['03', '05', '07', '08', '09', '14', '16', '17', '20', '25', '36', '40', '42', '48', '51', '53', '63', '67', '74', '79']}, {'drawTerm': 113000257, 'dDate': '2024-01-02', 'bigShowOrder': ['06', '14', '21', '22', '23', '25', '28', '29', '30', '36', '37', '40', '42', '45', '51', '54', '73', '75', '76', '80']}, {'drawTerm': 113000256, 'dDate': '2024-01-02', 'bigShowOrder': ['03', '05', '07', '14', '15', '17', '18', '19', '23', '27', '30', '42', '44', '46', '47', '53', '63', '71', '76', '80']}, {'drawTerm': 113000255, 'dDate': '2024-01-02', 'bigShowOrder': ['01', '03', '07', '09', '16', '20', '22', '27', '29', '31', '32', '34', '41', '45', '48', '50', '55', '70', '71', '74']}, {'drawTerm': 113000254, 'dDate': '2024-01-02', 'bigShowOrder': ['02', '03', '08', '09', '12', '13', '14', '17', '19', '38', '43', '48', '56', '58', '65', '66', '68', '74', '76', '79']}, {'drawTerm': 113000253, 'dDate': '2024-01-02', 'bigShowOrder': ['03', '11', '15', '19', '21', '23', '31', '32', '33', '41', '43', '45', '48', '51', '54', '55', '57', '70', '73', '79']}, {'drawTerm': 113000252, 'dDate': '2024-01-02', 'bigShowOrder': ['01', '16', '17', '24', '28', '32', '36', '44', '51', '53', '58', '61', '62', '63', '66', '67', '68', '72', '77', '80']}, {'drawTerm': 113000251, 'dDate': '2024-01-02', 'bigShowOrder': ['01', '04', '21', '22', '31', '34', '37', '38', '48', '49', '50', '51', '55', '57', '59', '65', '67', '68', '74', '78']}, {'drawTerm': 113000250, 'dDate': '2024-01-02', 'bigShowOrder': ['03', '05', '08', '15', '16', '29', '31', '33', '38', '39', '45', '47', '51', '56', '57', '61', '62', '71', '72', '75']}, {'drawTerm': 113000249, 'dDate': '2024-01-02', 'bigShowOrder': ['06', '07', '08', '11', '14', '17', '25', '33', '34', '38', '39', '41', '43', '44', '47', '57', '60', '66', '67', '75']}, {'drawTerm': 113000248, 'dDate': '2024-01-02', 'bigShowOrder': ['03', '09', '10', '14', '17', '18', '24', '25', '41', '48', '58', '64', '65', '68', '69', '70', '71', '75', '76', '77']}, {'drawTerm': 113000247, 'dDate': '2024-01-02', 'bigShowOrder': ['01', '13', '15', '28', '29', '34', '35', '36', '39', '45', '48', '59', '63', '64', '65', '67', '68', '72', '75', '76']}, {'drawTerm': 113000246, 'dDate': '2024-01-02', 'bigShowOrder': ['06', '13', '16', '23', '26', '27', '30', '43', '44', '46', '49', '50', '58', '61', '63', '65', '66', '73', '76', '80']}, {'drawTerm': 113000245, 'dDate': '2024-01-02', 'bigShowOrder': ['02', '10', '13', '18', '26', '27', '31', '35', '36', '40', '41', '49', '52', '55', '61', '62', '64', '71', '75', '79']}, {'drawTerm': 113000244, 'dDate': '2024-01-02', 'bigShowOrder': ['08', '09', '10', '22', '24', '31', '34', '35', '36', '49', '53', '54', '55', '58', '61', '70', '71', '72', '74', '80']}, {'drawTerm': 113000243, 'dDate': '2024-01-02', 'bigShowOrder': ['04', '06', '12', '14', '25', '31', '35', '37', '41', '43', '48', '49', '50', '51', '53', '57', '65', '69', '74', '76']}, {'drawTerm': 113000242, 'dDate': '2024-01-02', 'bigShowOrder': ['05', '06', '18', '27', '28', '29', '38', '40', '42', '43', '45', '46', '47', '62', '66', '67', '68', '71', '73', '76']}, {'drawTerm': 113000241, 'dDate': '2024-01-02', 'bigShowOrder': ['04', '07', '10', '20', '26', '27', '28', '29', '30', '31', '40', '41', '42', '49', '50', '51', '53', '59', '67', '69']}, {'drawTerm': 113000240, 'dDate': '2024-01-02', 'bigShowOrder': ['12', '15', '21', '23', '25', '30', '31', '33', '36', '38', '39', '42', '47', '50', '55', '56', '66', '68', '69', '73']}, {'drawTerm': 113000239, 'dDate': '2024-01-02', 'bigShowOrder': ['02', '04', '05', '08', '11', '16', '22', '23', '27', '28', '39', '42', '45', '52', '55', '57', '63', '64', '71', '73']}, {'drawTerm': 113000238, 'dDate': '2024-01-02', 'bigShowOrder': ['06', '07', '13', '14', '24', '33', '34', '35', '38', '43', '44', '45', '56', '57', '60', '66', '69', '73', '74', '76']}, {'drawTerm': 113000237, 'dDate': '2024-01-02', 'bigShowOrder': ['09', '10', '11', '13', '19', '23', '25', '31', '33', '37', '38', '45', '48', '49', '54', '62', '70', '71', '73', '75']}, {'drawTerm': 113000236, 'dDate': '2024-01-02', 'bigShowOrder': ['01', '02', '03', '07', '11', '16', '27', '30', '34', '41', '46', '55', '56', '62', '63', '66', '72', '73', '75', '79']}, {'drawTerm': 113000235, 'dDate': '2024-01-02', 'bigShowOrder': ['06', '07', '09', '16', '17', '18', '21', '22', '26', '34', '43', '47', '50', '59', '66', '69', '71', '72', '73', '80']}, {'drawTerm': 113000234, 'dDate': '2024-01-02', 'bigShowOrder': ['04', '07', '08', '09', '10', '11', '13', '18', '19', '23', '28', '32', '44', '45', '55', '59', '65', '66', '67', '77']}, {'drawTerm': 113000233, 'dDate': '2024-01-02', 'bigShowOrder': ['04', '06', '09', '11', '17', '19', '22', '24', '30', '37', '43', '48', '49', '52', '61', '66', '69', '74', '75', '79']}, {'drawTerm': 113000232, 'dDate': '2024-01-02', 'bigShowOrder': ['05', '08', '12', '20', '21', '22', '26', '31', '41', '44', '47', '48', '62', '65', '68', '69', '70', '75', '77', '79']}, {'drawTerm': 113000231, 'dDate': '2024-01-02', 'bigShowOrder': ['02', '03', '05', '13', '15', '23', '24', '33', '38', '42', '45', '46', '47', '54', '55', '63', '65', '68', '69', '70']}, {'drawTerm': 113000230, 'dDate': '2024-01-02', 'bigShowOrder': ['01', '05', '14', '18', '19', '24', '25', '28', '31', '32', '37', '47', '50', '59', '63', '66', '69', '70', '71', '73']}, {'drawTerm': 113000229, 'dDate': '2024-01-02', 'bigShowOrder': ['02', '03', '06', '07', '13', '16', '20', '22', '24', '26', '32', '35', '37', '38', '55', '59', '60', '67', '69', '77']}, {'drawTerm': 113000228, 'dDate': '2024-01-02', 'bigShowOrder': ['01', '02', '17', '18', '19', '20', '24', '26', '37', '40', '41', '53', '54', '58', '59', '61', '63', '71', '77', '80']}, {'drawTerm': 113000227, 'dDate': '2024-01-02', 'bigShowOrder': ['10', '11', '12', '29', '30', '40', '41', '42', '45', '46', '47', '56', '58', '60', '61', '62', '65', '69', '76', '77']}, {'drawTerm': 113000226, 'dDate': '2024-01-02', 'bigShowOrder': ['01', '02', '04', '08', '13', '17', '19', '30', '34', '47', '48', '49', '55', '60', '61', '63', '64', '67', '68', '76']}, {'drawTerm': 113000225, 'dDate': '2024-01-02', 'bigShowOrder': ['07', '08', '10', '11', '16', '36', '37', '38', '43', '46', '48', '53', '57', '58', '59', '69', '72', '73', '77', '79']}, {'drawTerm': 113000224, 'dDate': '2024-01-02', 'bigShowOrder': ['01', '02', '12', '14', '19', '24', '32', '34', '41', '59', '61', '63', '65', '66', '67', '69', '71', '72', '74', '79']}, {'drawTerm': 113000223, 'dDate': '2024-01-02', 'bigShowOrder': ['07', '22', '28', '29', '30', '38', '43', '46', '53', '55', '56', '57', '59', '60', '63', '64', '69', '70', '73', '74']}, {'drawTerm': 113000222, 'dDate': '2024-01-02', 'bigShowOrder': ['01', '03', '06', '08', '21', '28', '40', '47', '55', '56', '58', '60', '62', '66', '68', '72', '73', '74', '75', '79']}, {'drawTerm': 113000221, 'dDate': '2024-01-02', 'bigShowOrder': ['01', '05', '16', '17', '26', '30', '32', '37', '47', '49', '50', '53', '62', '63', '64', '70', '75', '76', '77', '79']}, {'drawTerm': 113000220, 'dDate': '2024-01-02', 'bigShowOrder': ['01', '03', '16', '19', '20', '26', '28', '29', '30', '32', '34', '37', '41', '46', '54', '60', '63', '66', '69', '75']}, {'drawTerm': 113000219, 'dDate': '2024-01-02', 'bigShowOrder': ['05', '08', '12', '14', '15', '17', '20', '34', '38', '40', '41', '42', '46', '54', '56', '61', '67', '70', '75', '79']}, {'drawTerm': 113000218, 'dDate': '2024-01-02', 'bigShowOrder': ['02', '04', '06', '07', '14', '23', '28', '31', '33', '41', '47', '55', '62', '65', '66', '67', '69', '75', '77', '78']}, {'drawTerm': 113000217, 'dDate': '2024-01-02', 'bigShowOrder': ['05', '11', '17', '18', '20', '33', '34', '37', '38', '45', '46', '52', '57', '58', '59', '60', '65', '69', '72', '73']}, {'drawTerm': 113000216, 'dDate': '2024-01-02', 'bigShowOrder': ['09', '13', '22', '25', '27', '31', '34', '35', '36', '40', '42', '44', '45', '48', '51', '60', '64', '77', '78', '79']}, {'drawTerm': 113000215, 'dDate': '2024-01-02', 'bigShowOrder': ['08', '09', '11', '16', '18', '21', '27', '46', '52', '55', '57', '61', '65', '68', '69', '71', '74', '76', '77', '80']}, {'drawTerm': 113000214, 'dDate': '2024-01-02', 'bigShowOrder': ['03', '06', '08', '12', '17', '18', '19', '32', '34', '35', '41', '43', '46', '49', '50', '53', '62', '69', '75', '80']}, {'drawTerm': 113000213, 'dDate': '2024-01-02', 'bigShowOrder': ['09', '10', '13', '14', '16', '17', '21', '22', '29', '32', '35', '41', '43', '46', '61', '62', '72', '74', '76', '78']}, {'drawTerm': 113000212, 'dDate': '2024-01-02', 'bigShowOrder': ['02', '13', '19', '22', '23', '28', '29', '31', '32', '41', '48', '51', '54', '59', '61', '64', '68', '71', '74', '78']}, {'drawTerm': 113000211, 'dDate': '2024-01-02', 'bigShowOrder': ['01', '09', '25', '27', '28', '30', '33', '34', '36', '41', '44', '47', '51', '56', '58', '61', '63', '65', '67', '71']}, {'drawTerm': 113000210, 'dDate': '2024-01-02', 'bigShowOrder': ['02', '08', '12', '14', '17', '23', '28', '30', '37', '40', '42', '48', '51', '60', '62', '63', '67', '69', '72', '73']}, {'drawTerm': 113000209, 'dDate': '2024-01-02', 'bigShowOrder': ['01', '19', '21', '22', '23', '24', '27', '29', '37', '40', '43', '47', '49', '51', '53', '60', '66', '67', '69', '73']}, {'drawTerm': 113000208, 'dDate': '2024-01-02', 'bigShowOrder': ['01', '02', '10', '13', '15', '16', '23', '25', '26', '32', '33', '38', '40', '44', '49', '60', '62', '64', '66', '75']}, {'drawTerm': 113000207, 'dDate': '2024-01-02', 'bigShowOrder': ['01', '11', '12', '18', '20', '24', '26', '28', '32', '35', '38', '41', '44', '55', '57', '64', '66', '67', '74', '76']}, {'drawTerm': 113000206, 'dDate': '2024-01-02', 'bigShowOrder': ['01', '07', '09', '14', '21', '24', '34', '41', '45', '46', '49', '51', '53', '56', '57', '59', '62', '64', '74', '75']}, {'drawTerm': 113000205, 'dDate': '2024-01-02', 'bigShowOrder': ['03', '04', '11', '17', '19', '21', '24', '27', '30', '37', '38', '40', '41', '46', '47', '48', '53', '59', '60', '62']}, {'drawTerm': 113000204, 'dDate': '2024-01-02', 'bigShowOrder': ['04', '12', '13', '26', '28', '30', '32', '33', '36', '41', '45', '49', '54', '62', '64', '70', '72', '73', '76', '80']}]}
Traceback (most recent call last):
  File "D:\codeForLang\tmp\venv\Lib\site-packages\twisted\internet\defer.py", line 1088, in _runCallbacks
    current.result = callback(  # type: ignore[misc]
                     ^^^^^^^^^^^^^^^^^^^^^^^^^^^^^^^
  File "D:\codeForLang\tmp\venv\Lib\site-packages\scrapy\utils\defer.py", line 390, in f
    return deferred_from_coro(coro_f(*coro_args, **coro_kwargs))
                              ^^^^^^^^^^^^^^^^^^^^^^^^^^^^^^^^^
  File "D:\codeForLang\tmp\TWBingo_v2\bingo_scrapy\bingo_scrapy\pipelines.py", line 113, in process_item
    self.test_error(sub_item,spider)
  File "D:\codeForLang\tmp\TWBingo_v2\bingo_scrapy\bingo_scrapy\pipelines.py", line 100, in test_error
    raise Exception("Error in processing item.")
Exception: Error in processing item.
2025-03-24 05:22:39 [scrapy.core.engine] INFO: Closing spider (finished)
2025-03-24 05:22:39 [root] INFO: Database connection closed.
2025-03-24 05:22:39 [scrapy.statscollectors] INFO: Dumping Scrapy stats:
{'downloader/request_bytes': 292,
 'downloader/request_count': 1,
 'downloader/request_method_count/GET': 1,
 'downloader/response_bytes': 1140,
 'downloader/response_count': 1,
 'downloader/response_status_count/200': 1,
 'elapsed_time_seconds': 1.37423,
 'finish_reason': 'finished',
 'finish_time': datetime.datetime(2025, 3, 23, 21, 22, 39, 725170, tzinfo=datetime.timezone.utc),
 'httpcompression/response_bytes': 1883,
 'httpcompression/response_count': 1,
 'items_per_minute': None,
 'log_count/ERROR': 2,
 'log_count/INFO': 136,
 'response_received_count': 1,
 'responses_per_minute': None,
 'scheduler/dequeued': 1,
 'scheduler/dequeued/memory': 1,
 'scheduler/enqueued': 1,
 'scheduler/enqueued/memory': 1,
 'start_time': datetime.datetime(2025, 3, 23, 21, 22, 38, 350940, tzinfo=datetime.timezone.utc)}
2025-03-24 05:22:39 [scrapy.core.engine] INFO: Spider closed (finished)
2025-04-23 11:59:27 [scrapy.utils.log] INFO: Scrapy 2.12.0 started (bot: bingo_scrapy)
2025-04-23 11:59:27 [scrapy.utils.log] INFO: Versions: lxml 5.3.1.0, libxml2 2.11.7, cssselect 1.3.0, parsel 1.10.0, w3lib 2.3.1, Twisted 24.11.0, Python 3.11.0 (main, Oct 24 2022, 18:26:48) [MSC v.1933 64 bit (AMD64)], pyOpenSSL 25.0.0 (OpenSSL 3.4.1 11 Feb 2025), cryptography 44.0.2, Platform Windows-10-10.0.19045-SP0
2025-04-23 11:59:27 [scrapy.addons] INFO: Enabled addons:
[]
2025-04-23 11:59:27 [scrapy.extensions.telnet] INFO: Telnet Password: 8b7ea53e0645a29b
2025-04-23 11:59:27 [scrapy.middleware] INFO: Enabled extensions:
['scrapy.extensions.corestats.CoreStats',
 'scrapy.extensions.telnet.TelnetConsole',
 'scrapy.extensions.logstats.LogStats']
2025-04-23 11:59:27 [scrapy.crawler] INFO: Overridden settings:
{'BOT_NAME': 'bingo_scrapy',
 'LOG_FILE': 'bingo_spider.log',
 'LOG_LEVEL': 'INFO',
 'NEWSPIDER_MODULE': 'bingo_scrapy.spiders',
 'SPIDER_MODULES': ['bingo_scrapy.spiders']}
2025-04-23 11:59:27 [scrapy.middleware] INFO: Enabled downloader middlewares:
['scrapy.downloadermiddlewares.offsite.OffsiteMiddleware',
 'scrapy.downloadermiddlewares.httpauth.HttpAuthMiddleware',
 'scrapy.downloadermiddlewares.downloadtimeout.DownloadTimeoutMiddleware',
 'scrapy.downloadermiddlewares.defaultheaders.DefaultHeadersMiddleware',
 'scrapy.downloadermiddlewares.useragent.UserAgentMiddleware',
 'scrapy.downloadermiddlewares.retry.RetryMiddleware',
 'scrapy.downloadermiddlewares.redirect.MetaRefreshMiddleware',
 'scrapy.downloadermiddlewares.httpcompression.HttpCompressionMiddleware',
 'scrapy.downloadermiddlewares.redirect.RedirectMiddleware',
 'scrapy.downloadermiddlewares.cookies.CookiesMiddleware',
 'scrapy.downloadermiddlewares.httpproxy.HttpProxyMiddleware',
 'scrapy.downloadermiddlewares.stats.DownloaderStats']
2025-04-23 11:59:27 [scrapy.middleware] INFO: Enabled spider middlewares:
['scrapy.spidermiddlewares.httperror.HttpErrorMiddleware',
 'scrapy.spidermiddlewares.referer.RefererMiddleware',
 'scrapy.spidermiddlewares.urllength.UrlLengthMiddleware',
 'scrapy.spidermiddlewares.depth.DepthMiddleware']
2025-04-23 11:59:27 [scrapy.middleware] INFO: Enabled item pipelines:
['bingo_scrapy.pipelines.CsvPipeline', 'bingo_scrapy.pipelines.DbPipeline']
2025-04-23 11:59:27 [scrapy.core.engine] INFO: Spider opened
2025-04-23 11:59:27 [root] INFO: Opening spider and establishing database connection.
2025-04-23 11:59:27 [root] INFO: DELETE_OLD_DATA: True
2025-04-23 11:59:27 [root] INFO: Table dropped.
2025-04-23 11:59:27 [root] INFO: Checking if table dbo.bingo exists.
2025-04-23 11:59:27 [root] INFO: Table dbo.bingo does not exist. Creating table.
2025-04-23 11:59:27 [root] INFO: Table dbo.bingo created successfully.
2025-04-23 11:59:27 [root] INFO: Database connection established and table checked/created.
2025-04-23 11:59:27 [scrapy.extensions.logstats] INFO: Crawled 0 pages (at 0 pages/min), scraped 0 items (at 0 items/min)
2025-04-23 11:59:27 [scrapy.extensions.telnet] INFO: Telnet console listening on 127.0.0.1:6023
2025-04-23 11:59:27 [root] INFO: 2024-01-01
2025-04-23 11:59:27 [root] INFO: 2024-01-02 00:00:00
2025-04-23 11:59:27 [root] INFO: Start date: 2024-01-02 00:00:00, End date: 2024-01-02 00:00:00
2025-04-23 11:59:27 [root] INFO: Using START_DATE and END_DATE: ['2024-01-02']
2025-04-23 11:59:27 [root] INFO: 爬取日期: 2024-01-02
2025-04-23 11:59:27 [root] INFO: Processing page: https://api.taiwanlottery.com/TLCAPIWeB/Lottery/BingoResult?openDate=2024-01-02&pageNum=1&pageSize=1
2025-04-23 11:59:28 [root] INFO: Finished processing page: https://api.taiwanlottery.com/TLCAPIWeB/Lottery/BingoResult?openDate=2024-01-02&pageNum=21&pageSize=10
2025-04-23 11:59:28 [root] ERROR: Error in processing item: 2024-01-02,110
2025-04-23 11:59:28 [root] INFO: Database connection closed after processing item.
2025-04-23 11:59:28 [scrapy.core.scraper] ERROR: Error processing {'date': '2024-01-02', 'items': [{'drawTerm': 113000406, 'dDate': '2024-01-02', 'bigShowOrder': ['03', '05', '10', '18', '24', '27', '28', '30', '34', '35', '36', '41', '44', '47', '57', '61', '64', '65', '66', '78']}, {'drawTerm': 113000405, 'dDate': '2024-01-02', 'bigShowOrder': ['04', '09', '14', '16', '19', '23', '26', '32', '34', '38', '41', '43', '44', '49', '50', '58', '60', '63', '74', '77']}, {'drawTerm': 113000404, 'dDate': '2024-01-02', 'bigShowOrder': ['01', '19', '21', '22', '25', '28', '30', '34', '35', '38', '42', '46', '47', '48', '49', '59', '70', '77', '78', '80']}, {'drawTerm': 113000403, 'dDate': '2024-01-02', 'bigShowOrder': ['01', '09', '12', '24', '28', '29', '37', '38', '41', '50', '53', '56', '57', '60', '61', '63', '66', '72', '77', '80']}, {'drawTerm': 113000402, 'dDate': '2024-01-02', 'bigShowOrder': ['05', '07', '09', '12', '19', '20', '28', '30', '32', '34', '40', '42', '44', '46', '52', '54', '59', '66', '67', '70']}, {'drawTerm': 113000401, 'dDate': '2024-01-02', 'bigShowOrder': ['03', '06', '11', '13', '14', '18', '23', '32', '38', '41', '42', '49', '54', '57', '58', '62', '66', '69', '70', '77']}, {'drawTerm': 113000400, 'dDate': '2024-01-02', 'bigShowOrder': ['02', '06', '09', '14', '22', '29', '31', '36', '40', '44', '45', '46', '50', '53', '54', '65', '67', '74', '78', '79']}, {'drawTerm': 113000399, 'dDate': '2024-01-02', 'bigShowOrder': ['03', '06', '10', '11', '13', '14', '17', '22', '23', '28', '41', '42', '46', '50', '52', '54', '58', '68', '71', '78']}, {'drawTerm': 113000398, 'dDate': '2024-01-02', 'bigShowOrder': ['07', '09', '18', '21', '25', '28', '34', '35', '36', '43', '46', '53', '57', '61', '62', '64', '67', '72', '74', '78']}, {'drawTerm': 113000397, 'dDate': '2024-01-02', 'bigShowOrder': ['03', '08', '17', '24', '30', '36', '38', '43', '49', '52', '53', '59', '63', '64', '65', '68', '69', '71', '76', '77']}, {'drawTerm': 113000396, 'dDate': '2024-01-02', 'bigShowOrder': ['06', '08', '14', '19', '20', '25', '26', '27', '30', '31', '33', '38', '45', '66', '68', '72', '74', '76', '78', '79']}, {'drawTerm': 113000395, 'dDate': '2024-01-02', 'bigShowOrder': ['01', '03', '05', '07', '12', '14', '21', '23', '31', '33', '35', '40', '42', '47', '53', '60', '62', '69', '70', '73']}, {'drawTerm': 113000394, 'dDate': '2024-01-02', 'bigShowOrder': ['02', '09', '16', '17', '18', '29', '30', '33', '35', '37', '40', '42', '49', '51', '60', '63', '65', '73', '77', '80']}, {'drawTerm': 113000393, 'dDate': '2024-01-02', 'bigShowOrder': ['06', '07', '11', '12', '13', '17', '18', '19', '22', '23', '26', '33', '38', '39', '51', '55', '59', '63', '77', '80']}, {'drawTerm': 113000392, 'dDate': '2024-01-02', 'bigShowOrder': ['05', '07', '09', '11', '17', '18', '22', '23', '26', '35', '37', '49', '51', '58', '60', '61', '72', '73', '79', '80']}, {'drawTerm': 113000391, 'dDate': '2024-01-02', 'bigShowOrder': ['03', '04', '05', '07', '15', '16', '17', '23', '25', '30', '48', '52', '55', '60', '63', '73', '74', '76', '78', '80']}, {'drawTerm': 113000390, 'dDate': '2024-01-02', 'bigShowOrder': ['01', '06', '07', '11', '13', '19', '20', '22', '27', '28', '35', '43', '46', '53', '58', '60', '67', '71', '75', '76']}, {'drawTerm': 113000389, 'dDate': '2024-01-02', 'bigShowOrder': ['01', '03', '14', '18', '19', '24', '34', '38', '42', '47', '57', '58', '60', '63', '69', '72', '73', '74', '79', '80']}, {'drawTerm': 113000388, 'dDate': '2024-01-02', 'bigShowOrder': ['04', '05', '11', '16', '18', '20', '21', '30', '32', '35', '44', '46', '52', '57', '58', '60', '63', '64', '70', '80']}, {'drawTerm': 113000387, 'dDate': '2024-01-02', 'bigShowOrder': ['04', '06', '15', '20', '22', '30', '36', '37', '40', '41', '45', '46', '52', '53', '54', '56', '64', '68', '73', '76']}, {'drawTerm': 113000386, 'dDate': '2024-01-02', 'bigShowOrder': ['05', '06', '14', '16', '20', '21', '23', '25', '27', '38', '43', '45', '58', '60', '64', '67', '72', '75', '76', '80']}, {'drawTerm': 113000385, 'dDate': '2024-01-02', 'bigShowOrder': ['02', '16', '19', '23', '33', '34', '38', '39', '48', '51', '53', '61', '66', '68', '72', '73', '74', '75', '77', '80']}, {'drawTerm': 113000384, 'dDate': '2024-01-02', 'bigShowOrder': ['01', '04', '06', '07', '21', '26', '27', '35', '36', '39', '40', '42', '45', '47', '56', '57', '58', '62', '74', '79']}, {'drawTerm': 113000383, 'dDate': '2024-01-02', 'bigShowOrder': ['03', '05', '07', '14', '18', '21', '24', '26', '33', '36', '38', '43', '45', '46', '47', '48', '62', '63', '66', '75']}, {'drawTerm': 113000382, 'dDate': '2024-01-02', 'bigShowOrder': ['02', '04', '08', '12', '13', '14', '15', '32', '36', '44', '53', '57', '58', '59', '64', '65', '67', '71', '76', '77']}, {'drawTerm': 113000381, 'dDate': '2024-01-02', 'bigShowOrder': ['02', '04', '06', '18', '19', '20', '25', '26', '34', '41', '48', '57', '61', '63', '64', '68', '70', '76', '78', '80']}, {'drawTerm': 113000380, 'dDate': '2024-01-02', 'bigShowOrder': ['09', '11', '16', '23', '24', '25', '37', '38', '40', '44', '51', '54', '55', '58', '64', '67', '69', '71', '77', '80']}, {'drawTerm': 113000379, 'dDate': '2024-01-02', 'bigShowOrder': ['02', '09', '15', '20', '23', '30', '36', '37', '39', '43', '45', '48', '49', '50', '62', '64', '68', '72', '78', '79']}, {'drawTerm': 113000378, 'dDate': '2024-01-02', 'bigShowOrder': ['03', '06', '17', '19', '21', '22', '25', '32', '35', '46', '48', '49', '50', '54', '55', '67', '69', '71', '78', '79']}, {'drawTerm': 113000377, 'dDate': '2024-01-02', 'bigShowOrder': ['01', '10', '12', '14', '17', '27', '32', '34', '35', '41', '46', '48', '52', '59', '61', '63', '67', '70', '71', '74']}, {'drawTerm': 113000376, 'dDate': '2024-01-02', 'bigShowOrder': ['03', '14', '16', '17', '22', '27', '32', '36', '37', '39', '42', '44', '47', '50', '51', '52', '54', '56', '72', '73']}, {'drawTerm': 113000375, 'dDate': '2024-01-02', 'bigShowOrder': ['04', '09', '16', '17', '22', '23', '26', '28', '34', '40', '42', '44', '48', '52', '53', '59', '61', '68', '70', '79']}, {'drawTerm': 113000374, 'dDate': '2024-01-02', 'bigShowOrder': ['15', '19', '25', '27', '32', '35', '37', '41', '43', '47', '49', '50', '52', '56', '57', '63', '71', '74', '75', '77']}, {'drawTerm': 113000373, 'dDate': '2024-01-02', 'bigShowOrder': ['06', '09', '13', '16', '17', '18', '20', '21', '22', '35', '39', '42', '45', '46', '47', '51', '61', '65', '67', '75']}, {'drawTerm': 113000372, 'dDate': '2024-01-02', 'bigShowOrder': ['01', '04', '06', '08', '09', '10', '12', '15', '21', '26', '29', '32', '35', '48', '53', '58', '59', '67', '68', '73']}, {'drawTerm': 113000371, 'dDate': '2024-01-02', 'bigShowOrder': ['01', '04', '06', '08', '10', '19', '23', '24', '27', '36', '43', '47', '55', '65', '71', '72', '74', '75', '76', '80']}, {'drawTerm': 113000370, 'dDate': '2024-01-02', 'bigShowOrder': ['09', '11', '12', '22', '23', '28', '30', '32', '33', '34', '38', '39', '44', '46', '53', '57', '59', '69', '71', '79']}, {'drawTerm': 113000369, 'dDate': '2024-01-02', 'bigShowOrder': ['02', '04', '10', '11', '12', '16', '17', '18', '20', '22', '24', '29', '38', '40', '43', '45', '54', '57', '58', '69']}, {'drawTerm': 113000368, 'dDate': '2024-01-02', 'bigShowOrder': ['03', '04', '05', '08', '11', '23', '24', '27', '31', '36', '39', '40', '50', '58', '60', '63', '66', '68', '70', '76']}, {'drawTerm': 113000367, 'dDate': '2024-01-02', 'bigShowOrder': ['01', '08', '09', '10', '11', '14', '17', '28', '33', '37', '43', '51', '52', '54', '62', '68', '69', '70', '74', '78']}, {'drawTerm': 113000366, 'dDate': '2024-01-02', 'bigShowOrder': ['02', '05', '14', '15', '19', '25', '29', '32', '34', '35', '44', '45', '46', '47', '58', '64', '69', '75', '76', '77']}, {'drawTerm': 113000365, 'dDate': '2024-01-02', 'bigShowOrder': ['02', '04', '05', '15', '17', '24', '34', '36', '41', '42', '49', '51', '55', '58', '61', '65', '68', '72', '76', '78']}, {'drawTerm': 113000364, 'dDate': '2024-01-02', 'bigShowOrder': ['01', '02', '04', '05', '08', '10', '12', '19', '21', '26', '32', '33', '36', '37', '39', '47', '48', '51', '63', '67']}, {'drawTerm': 113000363, 'dDate': '2024-01-02', 'bigShowOrder': ['03', '04', '08', '14', '16', '17', '29', '36', '40', '44', '47', '48', '50', '56', '62', '67', '70', '73', '75', '78']}, {'drawTerm': 113000362, 'dDate': '2024-01-02', 'bigShowOrder': ['02', '05', '09', '10', '13', '14', '15', '30', '35', '38', '44', '47', '48', '58', '60', '64', '69', '71', '72', '75']}, {'drawTerm': 113000361, 'dDate': '2024-01-02', 'bigShowOrder': ['01', '03', '05', '11', '24', '26', '31', '39', '42', '50', '51', '53', '54', '56', '59', '64', '65', '69', '72', '73']}, {'drawTerm': 113000360, 'dDate': '2024-01-02', 'bigShowOrder': ['01', '12', '13', '15', '20', '26', '34', '35', '39', '41', '42', '47', '49', '52', '56', '61', '64', '65', '72', '75']}, {'drawTerm': 113000359, 'dDate': '2024-01-02', 'bigShowOrder': ['02', '14', '20', '24', '29', '30', '33', '35', '41', '45', '50', '58', '59', '61', '66', '68', '75', '77', '78', '80']}, {'drawTerm': 113000358, 'dDate': '2024-01-02', 'bigShowOrder': ['05', '07', '08', '21', '24', '25', '35', '41', '42', '43', '47', '50', '60', '61', '64', '69', '75', '76', '77', '80']}, {'drawTerm': 113000357, 'dDate': '2024-01-02', 'bigShowOrder': ['07', '08', '09', '13', '14', '27', '29', '38', '40', '42', '50', '51', '56', '57', '61', '68', '73', '75', '78', '79']}, {'drawTerm': 113000356, 'dDate': '2024-01-02', 'bigShowOrder': ['02', '05', '08', '10', '14', '20', '33', '34', '37', '40', '49', '55', '59', '61', '63', '65', '66', '68', '71', '76']}, {'drawTerm': 113000355, 'dDate': '2024-01-02', 'bigShowOrder': ['13', '23', '25', '32', '36', '37', '44', '47', '51', '52', '55', '58', '62', '65', '66', '70', '72', '75', '76', '80']}, {'drawTerm': 113000354, 'dDate': '2024-01-02', 'bigShowOrder': ['04', '05', '06', '07', '09', '10', '11', '15', '17', '27', '30', '31', '47', '51', '52', '53', '55', '56', '65', '77']}, {'drawTerm': 113000353, 'dDate': '2024-01-02', 'bigShowOrder': ['02', '04', '05', '09', '10', '13', '25', '32', '33', '34', '38', '42', '45', '49', '50', '61', '65', '66', '67', '77']}, {'drawTerm': 113000352, 'dDate': '2024-01-02', 'bigShowOrder': ['03', '06', '08', '09', '13', '20', '25', '28', '29', '33', '37', '40', '46', '47', '48', '56', '67', '72', '75', '80']}, {'drawTerm': 113000351, 'dDate': '2024-01-02', 'bigShowOrder': ['06', '12', '14', '20', '25', '27', '29', '33', '34', '35', '36', '41', '52', '54', '57', '66', '67', '72', '74', '76']}, {'drawTerm': 113000350, 'dDate': '2024-01-02', 'bigShowOrder': ['02', '05', '07', '11', '13', '18', '20', '30', '31', '35', '36', '41', '53', '60', '62', '71', '73', '76', '79', '80']}, {'drawTerm': 113000349, 'dDate': '2024-01-02', 'bigShowOrder': ['09', '14', '23', '24', '25', '33', '37', '38', '42', '45', '46', '50', '52', '56', '57', '58', '62', '71', '74', '80']}, {'drawTerm': 113000348, 'dDate': '2024-01-02', 'bigShowOrder': ['09', '10', '14', '15', '22', '24', '28', '31', '32', '33', '34', '42', '45', '53', '55', '61', '66', '70', '76', '78']}, {'drawTerm': 113000347, 'dDate': '2024-01-02', 'bigShowOrder': ['04', '08', '20', '24', '25', '27', '31', '34', '36', '39', '47', '51', '52', '56', '57', '60', '63', '64', '67', '69']}, {'drawTerm': 113000346, 'dDate': '2024-01-02', 'bigShowOrder': ['05', '08', '09', '10', '14', '17', '18', '25', '27', '30', '31', '33', '36', '54', '57', '67', '70', '72', '74', '77']}, {'drawTerm': 113000345, 'dDate': '2024-01-02', 'bigShowOrder': ['02', '08', '09', '12', '13', '15', '27', '28', '29', '31', '44', '45', '49', '51', '54', '56', '58', '73', '74', '75']}, {'drawTerm': 113000344, 'dDate': '2024-01-02', 'bigShowOrder': ['04', '09', '10', '15', '17', '18', '21', '24', '30', '42', '43', '53', '56', '59', '60', '67', '68', '70', '73', '77']}, {'drawTerm': 113000343, 'dDate': '2024-01-02', 'bigShowOrder': ['03', '07', '10', '15', '18', '21', '27', '29', '32', '37', '47', '48', '56', '57', '59', '67', '70', '73', '74', '77']}, {'drawTerm': 113000342, 'dDate': '2024-01-02', 'bigShowOrder': ['10', '13', '18', '21', '25', '31', '32', '36', '39', '40', '41', '42', '51', '52', '57', '58', '59', '72', '73', '75']}, {'drawTerm': 113000341, 'dDate': '2024-01-02', 'bigShowOrder': ['02', '03', '05', '08', '10', '13', '14', '16', '24', '27', '30', '35', '45', '58', '63', '65', '68', '72', '76', '77']}, {'drawTerm': 113000340, 'dDate': '2024-01-02', 'bigShowOrder': ['07', '11', '13', '17', '23', '28', '33', '34', '36', '45', '46', '48', '49', '52', '58', '67', '69', '72', '74', '75']}, {'drawTerm': 113000339, 'dDate': '2024-01-02', 'bigShowOrder': ['02', '06', '11', '13', '16', '18', '24', '27', '30', '32', '35', '38', '46', '49', '50', '58', '61', '63', '64', '80']}, {'drawTerm': 113000338, 'dDate': '2024-01-02', 'bigShowOrder': ['05', '07', '10', '15', '17', '23', '26', '27', '28', '31', '35', '46', '51', '54', '57', '58', '63', '69', '75', '77']}, {'drawTerm': 113000337, 'dDate': '2024-01-02', 'bigShowOrder': ['03', '07', '12', '13', '19', '23', '24', '31', '32', '33', '34', '39', '41', '46', '47', '50', '54', '58', '72', '74']}, {'drawTerm': 113000336, 'dDate': '2024-01-02', 'bigShowOrder': ['06', '12', '17', '23', '34', '37', '40', '43', '46', '53', '54', '58', '65', '66', '68', '69', '70', '71', '74', '75']}, {'drawTerm': 113000335, 'dDate': '2024-01-02', 'bigShowOrder': ['05', '06', '12', '17', '26', '28', '30', '34', '37', '49', '50', '57', '59', '61', '62', '70', '72', '73', '74', '78']}, {'drawTerm': 113000334, 'dDate': '2024-01-02', 'bigShowOrder': ['04', '12', '13', '16', '17', '24', '25', '27', '32', '37', '41', '46', '50', '60', '64', '67', '72', '74', '76', '80']}, {'drawTerm': 113000333, 'dDate': '2024-01-02', 'bigShowOrder': ['04', '05', '11', '12', '17', '22', '25', '26', '27', '29', '33', '39', '46', '54', '56', '59', '62', '65', '68', '73']}, {'drawTerm': 113000332, 'dDate': '2024-01-02', 'bigShowOrder': ['01', '05', '09', '13', '14', '20', '22', '26', '31', '37', '45', '48', '51', '64', '65', '67', '68', '71', '74', '79']}, {'drawTerm': 113000331, 'dDate': '2024-01-02', 'bigShowOrder': ['11', '17', '19', '21', '22', '26', '34', '37', '38', '42', '45', '48', '52', '58', '59', '66', '73', '74', '75', '76']}, {'drawTerm': 113000330, 'dDate': '2024-01-02', 'bigShowOrder': ['06', '16', '17', '18', '24', '31', '38', '40', '44', '46', '48', '50', '56', '57', '60', '64', '66', '72', '77', '80']}, {'drawTerm': 113000329, 'dDate': '2024-01-02', 'bigShowOrder': ['06', '08', '10', '17', '22', '27', '30', '32', '33', '34', '38', '39', '41', '45', '48', '54', '64', '68', '70', '71']}, {'drawTerm': 113000328, 'dDate': '2024-01-02', 'bigShowOrder': ['09', '11', '12', '14', '16', '18', '21', '25', '28', '30', '34', '41', '47', '48', '49', '52', '64', '69', '75', '76']}, {'drawTerm': 113000327, 'dDate': '2024-01-02', 'bigShowOrder': ['01', '04', '14', '15', '21', '22', '28', '44', '54', '55', '57', '63', '66', '67', '69', '74', '76', '78', '79', '80']}, {'drawTerm': 113000326, 'dDate': '2024-01-02', 'bigShowOrder': ['05', '07', '09', '11', '12', '17', '30', '31', '33', '40', '43', '52', '54', '56', '57', '58', '59', '66', '69', '71']}, {'drawTerm': 113000325, 'dDate': '2024-01-02', 'bigShowOrder': ['04', '10', '11', '23', '25', '27', '29', '32', '41', '42', '43', '50', '56', '62', '64', '71', '75', '77', '79', '80']}, {'drawTerm': 113000324, 'dDate': '2024-01-02', 'bigShowOrder': ['05', '10', '13', '18', '20', '26', '32', '37', '38', '42', '47', '53', '58', '60', '65', '66', '67', '72', '73', '79']}, {'drawTerm': 113000323, 'dDate': '2024-01-02', 'bigShowOrder': ['01', '02', '04', '07', '10', '13', '14', '15', '16', '23', '29', '46', '49', '52', '54', '55', '56', '67', '73', '78']}, {'drawTerm': 113000322, 'dDate': '2024-01-02', 'bigShowOrder': ['03', '06', '09', '11', '12', '22', '23', '26', '32', '33', '35', '41', '48', '54', '56', '59', '61', '72', '73', '75']}, {'drawTerm': 113000321, 'dDate': '2024-01-02', 'bigShowOrder': ['01', '07', '10', '15', '18', '23', '24', '33', '37', '38', '45', '47', '48', '52', '55', '57', '68', '71', '76', '77']}, {'drawTerm': 113000320, 'dDate': '2024-01-02', 'bigShowOrder': ['01', '07', '08', '09', '16', '18', '19', '24', '26', '27', '29', '34', '38', '49', '52', '54', '56', '67', '71', '74']}, {'drawTerm': 113000319, 'dDate': '2024-01-02', 'bigShowOrder': ['02', '04', '06', '16', '23', '26', '31', '32', '38', '39', '48', '57', '58', '62', '64', '65', '67', '69', '73', '77']}, {'drawTerm': 113000318, 'dDate': '2024-01-02', 'bigShowOrder': ['01', '03', '10', '15', '17', '18', '25', '29', '30', '31', '39', '41', '47', '56', '58', '73', '76', '77', '79', '80']}, {'drawTerm': 113000317, 'dDate': '2024-01-02', 'bigShowOrder': ['02', '04', '07', '13', '16', '17', '19', '23', '26', '28', '31', '34', '37', '39', '41', '42', '45', '61', '63', '77']}, {'drawTerm': 113000316, 'dDate': '2024-01-02', 'bigShowOrder': ['01', '03', '05', '09', '10', '15', '19', '24', '25', '27', '28', '30', '39', '41', '45', '52', '63', '67', '74', '79']}, {'drawTerm': 113000315, 'dDate': '2024-01-02', 'bigShowOrder': ['01', '07', '10', '11', '12', '14', '15', '20', '31', '33', '37', '43', '46', '52', '57', '58', '63', '69', '71', '77']}, {'drawTerm': 113000314, 'dDate': '2024-01-02', 'bigShowOrder': ['03', '06', '08', '09', '10', '14', '24', '25', '27', '28', '32', '37', '46', '51', '53', '55', '59', '60', '77', '79']}, {'drawTerm': 113000313, 'dDate': '2024-01-02', 'bigShowOrder': ['01', '13', '16', '17', '18', '23', '30', '32', '33', '36', '37', '38', '39', '40', '59', '61', '63', '67', '69', '80']}, {'drawTerm': 113000312, 'dDate': '2024-01-02', 'bigShowOrder': ['04', '07', '12', '14', '15', '16', '18', '23', '29', '32', '43', '45', '48', '55', '59', '65', '69', '74', '76', '77']}, {'drawTerm': 113000311, 'dDate': '2024-01-02', 'bigShowOrder': ['01', '02', '23', '26', '33', '35', '36', '38', '40', '42', '45', '47', '52', '54', '57', '58', '60', '61', '71', '73']}, {'drawTerm': 113000310, 'dDate': '2024-01-02', 'bigShowOrder': ['06', '08', '13', '18', '21', '26', '38', '44', '45', '48', '51', '52', '53', '55', '59', '63', '65', '69', '74', '79']}, {'drawTerm': 113000309, 'dDate': '2024-01-02', 'bigShowOrder': ['06', '09', '11', '25', '26', '30', '31', '32', '35', '46', '47', '48', '51', '52', '60', '63', '67', '74', '77', '80']}, {'drawTerm': 113000308, 'dDate': '2024-01-02', 'bigShowOrder': ['01', '06', '07', '09', '26', '27', '28', '35', '37', '40', '42', '49', '52', '53', '54', '55', '62', '69', '73', '76']}, {'drawTerm': 113000307, 'dDate': '2024-01-02', 'bigShowOrder': ['01', '02', '04', '06', '12', '13', '17', '24', '27', '28', '29', '31', '34', '45', '46', '67', '70', '76', '77', '78']}, {'drawTerm': 113000306, 'dDate': '2024-01-02', 'bigShowOrder': ['01', '07', '11', '13', '17', '30', '32', '37', '44', '46', '49', '50', '51', '52', '55', '56', '59', '60', '68', '71']}, {'drawTerm': 113000305, 'dDate': '2024-01-02', 'bigShowOrder': ['02', '05', '17', '18', '19', '26', '27', '34', '36', '39', '43', '45', '50', '59', '60', '63', '68', '72', '77', '79']}, {'drawTerm': 113000304, 'dDate': '2024-01-02', 'bigShowOrder': ['02', '03', '05', '17', '19', '26', '27', '31', '35', '38', '43', '47', '48', '56', '57', '61', '63', '69', '76', '80']}, {'drawTerm': 113000303, 'dDate': '2024-01-02', 'bigShowOrder': ['04', '15', '17', '24', '33', '44', '45', '47', '49', '51', '55', '58', '63', '64', '66', '68', '69', '70', '73', '78']}, {'drawTerm': 113000302, 'dDate': '2024-01-02', 'bigShowOrder': ['08', '13', '14', '20', '29', '30', '31', '34', '48', '54', '58', '62', '65', '66', '67', '68', '70', '71', '75', '78']}, {'drawTerm': 113000301, 'dDate': '2024-01-02', 'bigShowOrder': ['02', '04', '09', '16', '20', '21', '23', '26', '40', '42', '51', '53', '55', '57', '60', '62', '63', '67', '71', '79']}, {'drawTerm': 113000300, 'dDate': '2024-01-02', 'bigShowOrder': ['03', '07', '08', '12', '23', '24', '27', '34', '36', '46', '48', '53', '56', '57', '58', '63', '65', '70', '75', '77']}, {'drawTerm': 113000299, 'dDate': '2024-01-02', 'bigShowOrder': ['04', '05', '16', '17', '18', '21', '33', '40', '41', '47', '49', '51', '52', '53', '67', '68', '69', '74', '79', '80']}, {'drawTerm': 113000298, 'dDate': '2024-01-02', 'bigShowOrder': ['09', '10', '14', '15', '18', '23', '28', '31', '44', '47', '48', '53', '54', '55', '60', '63', '64', '70', '72', '73']}, {'drawTerm': 113000297, 'dDate': '2024-01-02', 'bigShowOrder': ['01', '05', '10', '12', '21', '26', '28', '30', '37', '45', '49', '50', '51', '53', '60', '61', '63', '67', '68', '78']}, {'drawTerm': 113000296, 'dDate': '2024-01-02', 'bigShowOrder': ['01', '04', '07', '09', '10', '16', '23', '24', '25', '27', '30', '31', '32', '35', '36', '41', '44', '46', '60', '75']}, {'drawTerm': 113000295, 'dDate': '2024-01-02', 'bigShowOrder': ['08', '24', '28', '32', '35', '38', '40', '42', '43', '45', '46', '48', '50', '55', '59', '60', '66', '68', '69', '78']}, {'drawTerm': 113000294, 'dDate': '2024-01-02', 'bigShowOrder': ['06', '07', '11', '15', '19', '21', '24', '25', '27', '30', '40', '45', '46', '48', '52', '55', '58', '59', '63', '76']}, {'drawTerm': 113000293, 'dDate': '2024-01-02', 'bigShowOrder': ['01', '02', '04', '05', '07', '11', '14', '17', '23', '28', '31', '40', '43', '59', '62', '68', '72', '75', '79', '80']}, {'drawTerm': 113000292, 'dDate': '2024-01-02', 'bigShowOrder': ['03', '05', '15', '16', '18', '25', '30', '33', '36', '37', '39', '41', '45', '46', '48', '57', '60', '63', '68', '80']}, {'drawTerm': 113000291, 'dDate': '2024-01-02', 'bigShowOrder': ['02', '03', '07', '13', '23', '26', '28', '38', '49', '50', '53', '58', '61', '64', '73', '74', '75', '76', '78', '80']}, {'drawTerm': 113000290, 'dDate': '2024-01-02', 'bigShowOrder': ['01', '02', '05', '10', '11', '15', '18', '21', '23', '24', '31', '45', '46', '58', '59', '60', '68', '73', '78', '79']}, {'drawTerm': 113000289, 'dDate': '2024-01-02', 'bigShowOrder': ['06', '18', '21', '22', '23', '27', '32', '33', '36', '40', '45', '51', '56', '57', '58', '59', '62', '68', '73', '80']}, {'drawTerm': 113000288, 'dDate': '2024-01-02', 'bigShowOrder': ['04', '09', '20', '26', '34', '35', '38', '44', '47', '49', '57', '58', '59', '60', '62', '66', '67', '69', '71', '73']}, {'drawTerm': 113000287, 'dDate': '2024-01-02', 'bigShowOrder': ['03', '06', '09', '18', '23', '27', '28', '29', '32', '35', '36', '43', '46', '57', '63', '68', '69', '71', '72', '77']}, {'drawTerm': 113000286, 'dDate': '2024-01-02', 'bigShowOrder': ['01', '04', '07', '20', '24', '28', '34', '40', '42', '51', '54', '57', '58', '59', '62', '67', '71', '72', '74', '76']}, {'drawTerm': 113000285, 'dDate': '2024-01-02', 'bigShowOrder': ['03', '12', '14', '15', '20', '26', '28', '37', '39', '45', '46', '48', '50', '59', '61', '62', '70', '73', '74', '80']}, {'drawTerm': 113000284, 'dDate': '2024-01-02', 'bigShowOrder': ['03', '04', '06', '11', '12', '14', '15', '22', '31', '37', '49', '52', '59', '60', '63', '64', '66', '68', '70', '76']}, {'drawTerm': 113000283, 'dDate': '2024-01-02', 'bigShowOrder': ['03', '04', '05', '09', '10', '12', '19', '23', '29', '31', '38', '44', '58', '59', '65', '68', '69', '77', '78', '79']}, {'drawTerm': 113000282, 'dDate': '2024-01-02', 'bigShowOrder': ['01', '04', '10', '11', '13', '16', '21', '22', '24', '27', '28', '29', '35', '40', '50', '57', '65', '70', '72', '80']}, {'drawTerm': 113000281, 'dDate': '2024-01-02', 'bigShowOrder': ['07', '11', '16', '21', '25', '36', '38', '39', '44', '45', '47', '51', '55', '61', '64', '66', '69', '70', '72', '80']}, {'drawTerm': 113000280, 'dDate': '2024-01-02', 'bigShowOrder': ['03', '08', '09', '11', '12', '16', '24', '27', '35', '36', '37', '44', '46', '56', '61', '64', '73', '77', '79', '80']}, {'drawTerm': 113000279, 'dDate': '2024-01-02', 'bigShowOrder': ['01', '03', '14', '15', '16', '20', '21', '22', '24', '26', '32', '44', '45', '52', '55', '61', '64', '66', '68', '75']}, {'drawTerm': 113000278, 'dDate': '2024-01-02', 'bigShowOrder': ['01', '05', '09', '12', '13', '14', '19', '21', '22', '24', '30', '37', '45', '52', '65', '69', '75', '76', '78', '80']}, {'drawTerm': 113000277, 'dDate': '2024-01-02', 'bigShowOrder': ['09', '11', '14', '18', '23', '48', '50', '52', '53', '54', '58', '59', '60', '61', '62', '68', '72', '74', '78', '80']}, {'drawTerm': 113000276, 'dDate': '2024-01-02', 'bigShowOrder': ['02', '06', '07', '12', '15', '16', '35', '41', '43', '54', '57', '64', '68', '71', '72', '73', '77', '78', '79', '80']}, {'drawTerm': 113000275, 'dDate': '2024-01-02', 'bigShowOrder': ['07', '09', '15', '17', '18', '19', '23', '24', '30', '39', '42', '43', '49', '55', '56', '59', '62', '64', '66', '73']}, {'drawTerm': 113000274, 'dDate': '2024-01-02', 'bigShowOrder': ['05', '10', '12', '13', '18', '20', '21', '28', '35', '37', '49', '53', '65', '69', '70', '71', '72', '73', '74', '80']}, {'drawTerm': 113000273, 'dDate': '2024-01-02', 'bigShowOrder': ['01', '03', '11', '13', '22', '26', '28', '36', '41', '42', '48', '52', '55', '57', '66', '68', '69', '72', '79', '80']}, {'drawTerm': 113000272, 'dDate': '2024-01-02', 'bigShowOrder': ['04', '08', '15', '26', '27', '29', '31', '34', '37', '38', '43', '45', '48', '52', '57', '60', '61', '66', '71', '79']}, {'drawTerm': 113000271, 'dDate': '2024-01-02', 'bigShowOrder': ['03', '06', '09', '11', '13', '14', '22', '24', '26', '32', '36', '46', '49', '57', '61', '64', '66', '67', '73', '78']}, {'drawTerm': 113000270, 'dDate': '2024-01-02', 'bigShowOrder': ['01', '02', '07', '19', '23', '31', '32', '40', '41', '45', '52', '53', '54', '58', '68', '71', '72', '76', '77', '79']}, {'drawTerm': 113000269, 'dDate': '2024-01-02', 'bigShowOrder': ['01', '02', '03', '06', '07', '17', '21', '23', '25', '31', '40', '41', '45', '49', '55', '57', '62', '65', '66', '67']}, {'drawTerm': 113000268, 'dDate': '2024-01-02', 'bigShowOrder': ['05', '06', '10', '18', '19', '26', '27', '32', '34', '37', '39', '40', '43', '50', '57', '61', '62', '66', '76', '80']}, {'drawTerm': 113000267, 'dDate': '2024-01-02', 'bigShowOrder': ['03', '07', '10', '12', '23', '25', '29', '33', '37', '43', '47', '50', '54', '58', '59', '63', '70', '72', '77', '80']}, {'drawTerm': 113000266, 'dDate': '2024-01-02', 'bigShowOrder': ['02', '05', '08', '16', '18', '22', '23', '28', '29', '31', '34', '47', '52', '53', '55', '60', '64', '71', '72', '79']}, {'drawTerm': 113000265, 'dDate': '2024-01-02', 'bigShowOrder': ['12', '14', '16', '21', '22', '23', '27', '30', '37', '39', '42', '46', '50', '51', '54', '57', '72', '74', '75', '76']}, {'drawTerm': 113000264, 'dDate': '2024-01-02', 'bigShowOrder': ['02', '03', '04', '05', '07', '09', '13', '14', '16', '31', '34', '49', '52', '59', '60', '61', '70', '72', '75', '79']}, {'drawTerm': 113000263, 'dDate': '2024-01-02', 'bigShowOrder': ['03', '05', '10', '13', '15', '16', '17', '22', '28', '33', '35', '49', '51', '59', '61', '64', '65', '66', '71', '74']}, {'drawTerm': 113000262, 'dDate': '2024-01-02', 'bigShowOrder': ['02', '03', '05', '09', '10', '14', '16', '21', '36', '43', '45', '51', '52', '54', '61', '71', '73', '74', '79', '80']}, {'drawTerm': 113000261, 'dDate': '2024-01-02', 'bigShowOrder': ['06', '08', '10', '11', '17', '21', '25', '28', '30', '33', '50', '55', '60', '61', '62', '66', '76', '77', '78', '79']}, {'drawTerm': 113000260, 'dDate': '2024-01-02', 'bigShowOrder': ['03', '04', '06', '10', '17', '21', '22', '33', '35', '39', '41', '44', '49', '50', '55', '56', '57', '70', '76', '78']}, {'drawTerm': 113000259, 'dDate': '2024-01-02', 'bigShowOrder': ['08', '12', '14', '17', '21', '24', '27', '28', '30', '31', '40', '41', '53', '64', '67', '68', '71', '76', '79', '80']}, {'drawTerm': 113000258, 'dDate': '2024-01-02', 'bigShowOrder': ['03', '05', '07', '08', '09', '14', '16', '17', '20', '25', '36', '40', '42', '48', '51', '53', '63', '67', '74', '79']}, {'drawTerm': 113000257, 'dDate': '2024-01-02', 'bigShowOrder': ['06', '14', '21', '22', '23', '25', '28', '29', '30', '36', '37', '40', '42', '45', '51', '54', '73', '75', '76', '80']}, {'drawTerm': 113000256, 'dDate': '2024-01-02', 'bigShowOrder': ['03', '05', '07', '14', '15', '17', '18', '19', '23', '27', '30', '42', '44', '46', '47', '53', '63', '71', '76', '80']}, {'drawTerm': 113000255, 'dDate': '2024-01-02', 'bigShowOrder': ['01', '03', '07', '09', '16', '20', '22', '27', '29', '31', '32', '34', '41', '45', '48', '50', '55', '70', '71', '74']}, {'drawTerm': 113000254, 'dDate': '2024-01-02', 'bigShowOrder': ['02', '03', '08', '09', '12', '13', '14', '17', '19', '38', '43', '48', '56', '58', '65', '66', '68', '74', '76', '79']}, {'drawTerm': 113000253, 'dDate': '2024-01-02', 'bigShowOrder': ['03', '11', '15', '19', '21', '23', '31', '32', '33', '41', '43', '45', '48', '51', '54', '55', '57', '70', '73', '79']}, {'drawTerm': 113000252, 'dDate': '2024-01-02', 'bigShowOrder': ['01', '16', '17', '24', '28', '32', '36', '44', '51', '53', '58', '61', '62', '63', '66', '67', '68', '72', '77', '80']}, {'drawTerm': 113000251, 'dDate': '2024-01-02', 'bigShowOrder': ['01', '04', '21', '22', '31', '34', '37', '38', '48', '49', '50', '51', '55', '57', '59', '65', '67', '68', '74', '78']}, {'drawTerm': 113000250, 'dDate': '2024-01-02', 'bigShowOrder': ['03', '05', '08', '15', '16', '29', '31', '33', '38', '39', '45', '47', '51', '56', '57', '61', '62', '71', '72', '75']}, {'drawTerm': 113000249, 'dDate': '2024-01-02', 'bigShowOrder': ['06', '07', '08', '11', '14', '17', '25', '33', '34', '38', '39', '41', '43', '44', '47', '57', '60', '66', '67', '75']}, {'drawTerm': 113000248, 'dDate': '2024-01-02', 'bigShowOrder': ['03', '09', '10', '14', '17', '18', '24', '25', '41', '48', '58', '64', '65', '68', '69', '70', '71', '75', '76', '77']}, {'drawTerm': 113000247, 'dDate': '2024-01-02', 'bigShowOrder': ['01', '13', '15', '28', '29', '34', '35', '36', '39', '45', '48', '59', '63', '64', '65', '67', '68', '72', '75', '76']}, {'drawTerm': 113000246, 'dDate': '2024-01-02', 'bigShowOrder': ['06', '13', '16', '23', '26', '27', '30', '43', '44', '46', '49', '50', '58', '61', '63', '65', '66', '73', '76', '80']}, {'drawTerm': 113000245, 'dDate': '2024-01-02', 'bigShowOrder': ['02', '10', '13', '18', '26', '27', '31', '35', '36', '40', '41', '49', '52', '55', '61', '62', '64', '71', '75', '79']}, {'drawTerm': 113000244, 'dDate': '2024-01-02', 'bigShowOrder': ['08', '09', '10', '22', '24', '31', '34', '35', '36', '49', '53', '54', '55', '58', '61', '70', '71', '72', '74', '80']}, {'drawTerm': 113000243, 'dDate': '2024-01-02', 'bigShowOrder': ['04', '06', '12', '14', '25', '31', '35', '37', '41', '43', '48', '49', '50', '51', '53', '57', '65', '69', '74', '76']}, {'drawTerm': 113000242, 'dDate': '2024-01-02', 'bigShowOrder': ['05', '06', '18', '27', '28', '29', '38', '40', '42', '43', '45', '46', '47', '62', '66', '67', '68', '71', '73', '76']}, {'drawTerm': 113000241, 'dDate': '2024-01-02', 'bigShowOrder': ['04', '07', '10', '20', '26', '27', '28', '29', '30', '31', '40', '41', '42', '49', '50', '51', '53', '59', '67', '69']}, {'drawTerm': 113000240, 'dDate': '2024-01-02', 'bigShowOrder': ['12', '15', '21', '23', '25', '30', '31', '33', '36', '38', '39', '42', '47', '50', '55', '56', '66', '68', '69', '73']}, {'drawTerm': 113000239, 'dDate': '2024-01-02', 'bigShowOrder': ['02', '04', '05', '08', '11', '16', '22', '23', '27', '28', '39', '42', '45', '52', '55', '57', '63', '64', '71', '73']}, {'drawTerm': 113000238, 'dDate': '2024-01-02', 'bigShowOrder': ['06', '07', '13', '14', '24', '33', '34', '35', '38', '43', '44', '45', '56', '57', '60', '66', '69', '73', '74', '76']}, {'drawTerm': 113000237, 'dDate': '2024-01-02', 'bigShowOrder': ['09', '10', '11', '13', '19', '23', '25', '31', '33', '37', '38', '45', '48', '49', '54', '62', '70', '71', '73', '75']}, {'drawTerm': 113000236, 'dDate': '2024-01-02', 'bigShowOrder': ['01', '02', '03', '07', '11', '16', '27', '30', '34', '41', '46', '55', '56', '62', '63', '66', '72', '73', '75', '79']}, {'drawTerm': 113000235, 'dDate': '2024-01-02', 'bigShowOrder': ['06', '07', '09', '16', '17', '18', '21', '22', '26', '34', '43', '47', '50', '59', '66', '69', '71', '72', '73', '80']}, {'drawTerm': 113000234, 'dDate': '2024-01-02', 'bigShowOrder': ['04', '07', '08', '09', '10', '11', '13', '18', '19', '23', '28', '32', '44', '45', '55', '59', '65', '66', '67', '77']}, {'drawTerm': 113000233, 'dDate': '2024-01-02', 'bigShowOrder': ['04', '06', '09', '11', '17', '19', '22', '24', '30', '37', '43', '48', '49', '52', '61', '66', '69', '74', '75', '79']}, {'drawTerm': 113000232, 'dDate': '2024-01-02', 'bigShowOrder': ['05', '08', '12', '20', '21', '22', '26', '31', '41', '44', '47', '48', '62', '65', '68', '69', '70', '75', '77', '79']}, {'drawTerm': 113000231, 'dDate': '2024-01-02', 'bigShowOrder': ['02', '03', '05', '13', '15', '23', '24', '33', '38', '42', '45', '46', '47', '54', '55', '63', '65', '68', '69', '70']}, {'drawTerm': 113000230, 'dDate': '2024-01-02', 'bigShowOrder': ['01', '05', '14', '18', '19', '24', '25', '28', '31', '32', '37', '47', '50', '59', '63', '66', '69', '70', '71', '73']}, {'drawTerm': 113000229, 'dDate': '2024-01-02', 'bigShowOrder': ['02', '03', '06', '07', '13', '16', '20', '22', '24', '26', '32', '35', '37', '38', '55', '59', '60', '67', '69', '77']}, {'drawTerm': 113000228, 'dDate': '2024-01-02', 'bigShowOrder': ['01', '02', '17', '18', '19', '20', '24', '26', '37', '40', '41', '53', '54', '58', '59', '61', '63', '71', '77', '80']}, {'drawTerm': 113000227, 'dDate': '2024-01-02', 'bigShowOrder': ['10', '11', '12', '29', '30', '40', '41', '42', '45', '46', '47', '56', '58', '60', '61', '62', '65', '69', '76', '77']}, {'drawTerm': 113000226, 'dDate': '2024-01-02', 'bigShowOrder': ['01', '02', '04', '08', '13', '17', '19', '30', '34', '47', '48', '49', '55', '60', '61', '63', '64', '67', '68', '76']}, {'drawTerm': 113000225, 'dDate': '2024-01-02', 'bigShowOrder': ['07', '08', '10', '11', '16', '36', '37', '38', '43', '46', '48', '53', '57', '58', '59', '69', '72', '73', '77', '79']}, {'drawTerm': 113000224, 'dDate': '2024-01-02', 'bigShowOrder': ['01', '02', '12', '14', '19', '24', '32', '34', '41', '59', '61', '63', '65', '66', '67', '69', '71', '72', '74', '79']}, {'drawTerm': 113000223, 'dDate': '2024-01-02', 'bigShowOrder': ['07', '22', '28', '29', '30', '38', '43', '46', '53', '55', '56', '57', '59', '60', '63', '64', '69', '70', '73', '74']}, {'drawTerm': 113000222, 'dDate': '2024-01-02', 'bigShowOrder': ['01', '03', '06', '08', '21', '28', '40', '47', '55', '56', '58', '60', '62', '66', '68', '72', '73', '74', '75', '79']}, {'drawTerm': 113000221, 'dDate': '2024-01-02', 'bigShowOrder': ['01', '05', '16', '17', '26', '30', '32', '37', '47', '49', '50', '53', '62', '63', '64', '70', '75', '76', '77', '79']}, {'drawTerm': 113000220, 'dDate': '2024-01-02', 'bigShowOrder': ['01', '03', '16', '19', '20', '26', '28', '29', '30', '32', '34', '37', '41', '46', '54', '60', '63', '66', '69', '75']}, {'drawTerm': 113000219, 'dDate': '2024-01-02', 'bigShowOrder': ['05', '08', '12', '14', '15', '17', '20', '34', '38', '40', '41', '42', '46', '54', '56', '61', '67', '70', '75', '79']}, {'drawTerm': 113000218, 'dDate': '2024-01-02', 'bigShowOrder': ['02', '04', '06', '07', '14', '23', '28', '31', '33', '41', '47', '55', '62', '65', '66', '67', '69', '75', '77', '78']}, {'drawTerm': 113000217, 'dDate': '2024-01-02', 'bigShowOrder': ['05', '11', '17', '18', '20', '33', '34', '37', '38', '45', '46', '52', '57', '58', '59', '60', '65', '69', '72', '73']}, {'drawTerm': 113000216, 'dDate': '2024-01-02', 'bigShowOrder': ['09', '13', '22', '25', '27', '31', '34', '35', '36', '40', '42', '44', '45', '48', '51', '60', '64', '77', '78', '79']}, {'drawTerm': 113000215, 'dDate': '2024-01-02', 'bigShowOrder': ['08', '09', '11', '16', '18', '21', '27', '46', '52', '55', '57', '61', '65', '68', '69', '71', '74', '76', '77', '80']}, {'drawTerm': 113000214, 'dDate': '2024-01-02', 'bigShowOrder': ['03', '06', '08', '12', '17', '18', '19', '32', '34', '35', '41', '43', '46', '49', '50', '53', '62', '69', '75', '80']}, {'drawTerm': 113000213, 'dDate': '2024-01-02', 'bigShowOrder': ['09', '10', '13', '14', '16', '17', '21', '22', '29', '32', '35', '41', '43', '46', '61', '62', '72', '74', '76', '78']}, {'drawTerm': 113000212, 'dDate': '2024-01-02', 'bigShowOrder': ['02', '13', '19', '22', '23', '28', '29', '31', '32', '41', '48', '51', '54', '59', '61', '64', '68', '71', '74', '78']}, {'drawTerm': 113000211, 'dDate': '2024-01-02', 'bigShowOrder': ['01', '09', '25', '27', '28', '30', '33', '34', '36', '41', '44', '47', '51', '56', '58', '61', '63', '65', '67', '71']}, {'drawTerm': 113000210, 'dDate': '2024-01-02', 'bigShowOrder': ['02', '08', '12', '14', '17', '23', '28', '30', '37', '40', '42', '48', '51', '60', '62', '63', '67', '69', '72', '73']}, {'drawTerm': 113000209, 'dDate': '2024-01-02', 'bigShowOrder': ['01', '19', '21', '22', '23', '24', '27', '29', '37', '40', '43', '47', '49', '51', '53', '60', '66', '67', '69', '73']}, {'drawTerm': 113000208, 'dDate': '2024-01-02', 'bigShowOrder': ['01', '02', '10', '13', '15', '16', '23', '25', '26', '32', '33', '38', '40', '44', '49', '60', '62', '64', '66', '75']}, {'drawTerm': 113000207, 'dDate': '2024-01-02', 'bigShowOrder': ['01', '11', '12', '18', '20', '24', '26', '28', '32', '35', '38', '41', '44', '55', '57', '64', '66', '67', '74', '76']}, {'drawTerm': 113000206, 'dDate': '2024-01-02', 'bigShowOrder': ['01', '07', '09', '14', '21', '24', '34', '41', '45', '46', '49', '51', '53', '56', '57', '59', '62', '64', '74', '75']}, {'drawTerm': 113000205, 'dDate': '2024-01-02', 'bigShowOrder': ['03', '04', '11', '17', '19', '21', '24', '27', '30', '37', '38', '40', '41', '46', '47', '48', '53', '59', '60', '62']}, {'drawTerm': 113000204, 'dDate': '2024-01-02', 'bigShowOrder': ['04', '12', '13', '26', '28', '30', '32', '33', '36', '41', '45', '49', '54', '62', '64', '70', '72', '73', '76', '80']}]}
Traceback (most recent call last):
  File "D:\codeForLang\tmp\venv\Lib\site-packages\twisted\internet\defer.py", line 1088, in _runCallbacks
    current.result = callback(  # type: ignore[misc]
                     ^^^^^^^^^^^^^^^^^^^^^^^^^^^^^^^
  File "D:\codeForLang\tmp\venv\Lib\site-packages\scrapy\utils\defer.py", line 390, in f
    return deferred_from_coro(coro_f(*coro_args, **coro_kwargs))
                              ^^^^^^^^^^^^^^^^^^^^^^^^^^^^^^^^^
  File "D:\codeForLang\tmp\TWBingo_v2\bingo_scrapy\bingo_scrapy\pipelines.py", line 112, in process_item
    self.test_error(sub_item,spider)
  File "D:\codeForLang\tmp\TWBingo_v2\bingo_scrapy\bingo_scrapy\pipelines.py", line 100, in test_error
    raise Exception("Error in processing item.")
Exception: Error in processing item.
2025-04-23 11:59:28 [scrapy.core.engine] INFO: Closing spider (finished)
2025-04-23 11:59:28 [root] INFO: Database connection closed.
2025-04-23 11:59:28 [scrapy.statscollectors] INFO: Dumping Scrapy stats:
{'downloader/request_bytes': 292,
 'downloader/request_count': 1,
 'downloader/request_method_count/GET': 1,
 'downloader/response_bytes': 1131,
 'downloader/response_count': 1,
 'downloader/response_status_count/200': 1,
 'elapsed_time_seconds': 1.006836,
 'finish_reason': 'finished',
 'finish_time': datetime.datetime(2025, 4, 23, 3, 59, 28, 656935, tzinfo=datetime.timezone.utc),
 'httpcompression/response_bytes': 1883,
 'httpcompression/response_count': 1,
 'items_per_minute': None,
 'log_count/ERROR': 2,
 'log_count/INFO': 26,
 'response_received_count': 1,
 'responses_per_minute': None,
 'scheduler/dequeued': 1,
 'scheduler/dequeued/memory': 1,
 'scheduler/enqueued': 1,
 'scheduler/enqueued/memory': 1,
 'start_time': datetime.datetime(2025, 4, 23, 3, 59, 27, 650099, tzinfo=datetime.timezone.utc)}
2025-04-23 11:59:28 [scrapy.core.engine] INFO: Spider closed (finished)
2025-04-23 12:00:27 [scrapy.utils.log] INFO: Scrapy 2.12.0 started (bot: bingo_scrapy)
2025-04-23 12:00:27 [scrapy.utils.log] INFO: Versions: lxml 5.3.1.0, libxml2 2.11.7, cssselect 1.3.0, parsel 1.10.0, w3lib 2.3.1, Twisted 24.11.0, Python 3.11.0 (main, Oct 24 2022, 18:26:48) [MSC v.1933 64 bit (AMD64)], pyOpenSSL 25.0.0 (OpenSSL 3.4.1 11 Feb 2025), cryptography 44.0.2, Platform Windows-10-10.0.19045-SP0
2025-04-23 12:00:27 [scrapy.addons] INFO: Enabled addons:
[]
2025-04-23 12:00:27 [scrapy.extensions.telnet] INFO: Telnet Password: ca4c71115646756a
2025-04-23 12:00:27 [scrapy.middleware] INFO: Enabled extensions:
['scrapy.extensions.corestats.CoreStats',
 'scrapy.extensions.telnet.TelnetConsole',
 'scrapy.extensions.logstats.LogStats']
2025-04-23 12:00:27 [scrapy.crawler] INFO: Overridden settings:
{'BOT_NAME': 'bingo_scrapy',
 'LOG_FILE': 'bingo_spider.log',
 'LOG_LEVEL': 'INFO',
 'NEWSPIDER_MODULE': 'bingo_scrapy.spiders',
 'SPIDER_MODULES': ['bingo_scrapy.spiders']}
2025-04-23 12:00:27 [scrapy.middleware] INFO: Enabled downloader middlewares:
['scrapy.downloadermiddlewares.offsite.OffsiteMiddleware',
 'scrapy.downloadermiddlewares.httpauth.HttpAuthMiddleware',
 'scrapy.downloadermiddlewares.downloadtimeout.DownloadTimeoutMiddleware',
 'scrapy.downloadermiddlewares.defaultheaders.DefaultHeadersMiddleware',
 'scrapy.downloadermiddlewares.useragent.UserAgentMiddleware',
 'scrapy.downloadermiddlewares.retry.RetryMiddleware',
 'scrapy.downloadermiddlewares.redirect.MetaRefreshMiddleware',
 'scrapy.downloadermiddlewares.httpcompression.HttpCompressionMiddleware',
 'scrapy.downloadermiddlewares.redirect.RedirectMiddleware',
 'scrapy.downloadermiddlewares.cookies.CookiesMiddleware',
 'scrapy.downloadermiddlewares.httpproxy.HttpProxyMiddleware',
 'scrapy.downloadermiddlewares.stats.DownloaderStats']
2025-04-23 12:00:27 [scrapy.middleware] INFO: Enabled spider middlewares:
['scrapy.spidermiddlewares.httperror.HttpErrorMiddleware',
 'scrapy.spidermiddlewares.referer.RefererMiddleware',
 'scrapy.spidermiddlewares.urllength.UrlLengthMiddleware',
 'scrapy.spidermiddlewares.depth.DepthMiddleware']
2025-04-23 12:00:27 [scrapy.middleware] INFO: Enabled item pipelines:
['bingo_scrapy.pipelines.CsvPipeline', 'bingo_scrapy.pipelines.DbPipeline']
2025-04-23 12:00:27 [scrapy.core.engine] INFO: Spider opened
2025-04-23 12:00:28 [root] INFO: Opening spider and establishing database connection.
2025-04-23 12:00:28 [root] INFO: DELETE_OLD_DATA: True
2025-04-23 12:00:28 [root] INFO: Table dropped.
2025-04-23 12:00:28 [root] INFO: Checking if table dbo.bingo exists.
2025-04-23 12:00:28 [root] INFO: Table dbo.bingo does not exist. Creating table.
2025-04-23 12:00:28 [root] INFO: Table dbo.bingo created successfully.
2025-04-23 12:00:28 [root] INFO: Database connection established and table checked/created.
2025-04-23 12:00:28 [scrapy.extensions.logstats] INFO: Crawled 0 pages (at 0 pages/min), scraped 0 items (at 0 items/min)
2025-04-23 12:00:28 [scrapy.extensions.telnet] INFO: Telnet console listening on 127.0.0.1:6023
2025-04-23 12:00:28 [root] INFO: 2024-01-01
2025-04-23 12:00:28 [root] INFO: 2024-01-02 00:00:00
2025-04-23 12:00:28 [root] INFO: Start date: 2024-01-02 00:00:00, End date: 2024-01-02 00:00:00
2025-04-23 12:00:28 [root] INFO: Using START_DATE and END_DATE: ['2024-01-02']
2025-04-23 12:00:28 [root] INFO: 爬取日期: 2024-01-02
2025-04-23 12:00:28 [root] INFO: Processing page: https://api.taiwanlottery.com/TLCAPIWeB/Lottery/BingoResult?openDate=2024-01-02&pageNum=1&pageSize=1
2025-04-23 12:00:28 [root] INFO: Finished processing page: https://api.taiwanlottery.com/TLCAPIWeB/Lottery/BingoResult?openDate=2024-01-02&pageNum=21&pageSize=10
2025-04-23 12:00:29 [root] INFO: Item processed and committed to database.
2025-04-23 12:00:29 [root] INFO: Database connection closed after processing item.
2025-04-23 12:00:29 [scrapy.core.engine] INFO: Closing spider (finished)
2025-04-23 12:00:29 [root] INFO: Database connection closed.
2025-04-23 12:00:29 [scrapy.statscollectors] INFO: Dumping Scrapy stats:
{'downloader/request_bytes': 292,
 'downloader/request_count': 1,
 'downloader/request_method_count/GET': 1,
 'downloader/response_bytes': 1134,
 'downloader/response_count': 1,
 'downloader/response_status_count/200': 1,
 'elapsed_time_seconds': 0.99917,
 'finish_reason': 'finished',
 'finish_time': datetime.datetime(2025, 4, 23, 4, 0, 29, 63807, tzinfo=datetime.timezone.utc),
 'httpcompression/response_bytes': 1883,
 'httpcompression/response_count': 1,
 'item_scraped_count': 1,
 'items_per_minute': None,
 'log_count/INFO': 27,
 'response_received_count': 1,
 'responses_per_minute': None,
 'scheduler/dequeued': 1,
 'scheduler/dequeued/memory': 1,
 'scheduler/enqueued': 1,
 'scheduler/enqueued/memory': 1,
 'start_time': datetime.datetime(2025, 4, 23, 4, 0, 28, 64637, tzinfo=datetime.timezone.utc)}
2025-04-23 12:00:29 [scrapy.core.engine] INFO: Spider closed (finished)
2025-04-23 12:07:15 [scrapy.utils.log] INFO: Scrapy 2.12.0 started (bot: bingo_scrapy)
2025-04-23 12:07:15 [scrapy.utils.log] INFO: Versions: lxml 5.3.1.0, libxml2 2.11.7, cssselect 1.3.0, parsel 1.10.0, w3lib 2.3.1, Twisted 24.11.0, Python 3.11.0 (main, Oct 24 2022, 18:26:48) [MSC v.1933 64 bit (AMD64)], pyOpenSSL 25.0.0 (OpenSSL 3.4.1 11 Feb 2025), cryptography 44.0.2, Platform Windows-10-10.0.19045-SP0
2025-04-23 12:07:15 [scrapy.addons] INFO: Enabled addons:
[]
2025-04-23 12:07:15 [scrapy.extensions.telnet] INFO: Telnet Password: 28707ea1b938124d
2025-04-23 12:07:15 [scrapy.middleware] INFO: Enabled extensions:
['scrapy.extensions.corestats.CoreStats',
 'scrapy.extensions.telnet.TelnetConsole',
 'scrapy.extensions.logstats.LogStats']
2025-04-23 12:07:15 [scrapy.crawler] INFO: Overridden settings:
{'BOT_NAME': 'bingo_scrapy',
 'LOG_FILE': 'bingo_spider.log',
 'LOG_LEVEL': 'INFO',
 'NEWSPIDER_MODULE': 'bingo_scrapy.spiders',
 'SPIDER_MODULES': ['bingo_scrapy.spiders']}
2025-04-23 12:07:15 [scrapy.middleware] INFO: Enabled downloader middlewares:
['scrapy.downloadermiddlewares.offsite.OffsiteMiddleware',
 'scrapy.downloadermiddlewares.httpauth.HttpAuthMiddleware',
 'scrapy.downloadermiddlewares.downloadtimeout.DownloadTimeoutMiddleware',
 'scrapy.downloadermiddlewares.defaultheaders.DefaultHeadersMiddleware',
 'scrapy.downloadermiddlewares.useragent.UserAgentMiddleware',
 'scrapy.downloadermiddlewares.retry.RetryMiddleware',
 'scrapy.downloadermiddlewares.redirect.MetaRefreshMiddleware',
 'scrapy.downloadermiddlewares.httpcompression.HttpCompressionMiddleware',
 'scrapy.downloadermiddlewares.redirect.RedirectMiddleware',
 'scrapy.downloadermiddlewares.cookies.CookiesMiddleware',
 'scrapy.downloadermiddlewares.httpproxy.HttpProxyMiddleware',
 'scrapy.downloadermiddlewares.stats.DownloaderStats']
2025-04-23 12:07:15 [scrapy.middleware] INFO: Enabled spider middlewares:
['scrapy.spidermiddlewares.httperror.HttpErrorMiddleware',
 'scrapy.spidermiddlewares.referer.RefererMiddleware',
 'scrapy.spidermiddlewares.urllength.UrlLengthMiddleware',
 'scrapy.spidermiddlewares.depth.DepthMiddleware']
2025-04-23 12:07:15 [scrapy.middleware] INFO: Enabled item pipelines:
['bingo_scrapy.pipelines.CsvPipeline', 'bingo_scrapy.pipelines.DbPipeline']
2025-04-23 12:07:15 [scrapy.core.engine] INFO: Spider opened
2025-04-23 12:07:15 [root] INFO: Opening spider and establishing database connection.
2025-04-23 12:07:15 [root] INFO: DELETE_OLD_DATA: True
2025-04-23 12:07:15 [root] INFO: Table dropped.
2025-04-23 12:07:15 [root] INFO: Checking if table dbo.bingo exists.
2025-04-23 12:07:15 [root] INFO: Table dbo.bingo does not exist. Creating table.
2025-04-23 12:07:15 [root] INFO: Table dbo.bingo created successfully.
2025-04-23 12:07:15 [root] INFO: Database connection established and table checked/created.
2025-04-23 12:07:15 [scrapy.extensions.logstats] INFO: Crawled 0 pages (at 0 pages/min), scraped 0 items (at 0 items/min)
2025-04-23 12:07:15 [scrapy.extensions.telnet] INFO: Telnet console listening on 127.0.0.1:6023
2025-04-23 12:07:15 [root] INFO: 2024-01-01
2025-04-23 12:07:15 [root] INFO: 2024-01-02 00:00:00
2025-04-23 12:07:15 [root] INFO: Start date: 2024-01-02 00:00:00, End date: 2024-01-02 00:00:00
2025-04-23 12:07:15 [root] INFO: Using START_DATE and END_DATE: ['2024-01-02']
2025-04-23 12:07:15 [root] INFO: 爬取日期: 2024-01-02
2025-04-23 12:07:15 [root] INFO: Processing page: https://api.taiwanlottery.com/TLCAPIWeB/Lottery/BingoResult?openDate=2024-01-02&pageNum=1&pageSize=1
2025-04-23 12:07:16 [root] INFO: Finished processing page: https://api.taiwanlottery.com/TLCAPIWeB/Lottery/BingoResult?openDate=2024-01-02&pageNum=21&pageSize=10
2025-04-23 12:07:16 [root] INFO: Item processed and committed to database.
2025-04-23 12:07:16 [root] INFO: Database connection closed after processing item.
2025-04-23 12:07:16 [scrapy.core.engine] INFO: Closing spider (finished)
2025-04-23 12:07:16 [root] INFO: Database connection closed.
2025-04-23 12:07:16 [scrapy.statscollectors] INFO: Dumping Scrapy stats:
{'downloader/request_bytes': 292,
 'downloader/request_count': 1,
 'downloader/request_method_count/GET': 1,
 'downloader/response_bytes': 1137,
 'downloader/response_count': 1,
 'downloader/response_status_count/200': 1,
 'elapsed_time_seconds': 1.055058,
 'finish_reason': 'finished',
 'finish_time': datetime.datetime(2025, 4, 23, 4, 7, 16, 675327, tzinfo=datetime.timezone.utc),
 'httpcompression/response_bytes': 1883,
 'httpcompression/response_count': 1,
 'item_scraped_count': 1,
 'items_per_minute': None,
 'log_count/INFO': 27,
 'response_received_count': 1,
 'responses_per_minute': None,
 'scheduler/dequeued': 1,
 'scheduler/dequeued/memory': 1,
 'scheduler/enqueued': 1,
 'scheduler/enqueued/memory': 1,
 'start_time': datetime.datetime(2025, 4, 23, 4, 7, 15, 620269, tzinfo=datetime.timezone.utc)}
2025-04-23 12:07:16 [scrapy.core.engine] INFO: Spider closed (finished)
2025-04-23 12:26:53 [scrapy.utils.log] INFO: Scrapy 2.12.0 started (bot: bingo_scrapy)
2025-04-23 12:26:53 [scrapy.utils.log] INFO: Versions: lxml 5.3.1.0, libxml2 2.11.7, cssselect 1.3.0, parsel 1.10.0, w3lib 2.3.1, Twisted 24.11.0, Python 3.11.0 (main, Oct 24 2022, 18:26:48) [MSC v.1933 64 bit (AMD64)], pyOpenSSL 25.0.0 (OpenSSL 3.4.1 11 Feb 2025), cryptography 44.0.2, Platform Windows-10-10.0.19045-SP0
2025-04-23 12:26:53 [scrapy.addons] INFO: Enabled addons:
[]
2025-04-23 12:26:53 [scrapy.extensions.telnet] INFO: Telnet Password: ea3a8b09610ebc38
2025-04-23 12:26:53 [scrapy.middleware] INFO: Enabled extensions:
['scrapy.extensions.corestats.CoreStats',
 'scrapy.extensions.telnet.TelnetConsole',
 'scrapy.extensions.logstats.LogStats']
2025-04-23 12:26:53 [scrapy.crawler] INFO: Overridden settings:
{'BOT_NAME': 'bingo_scrapy',
 'LOG_FILE': 'bingo_spider.log',
 'LOG_LEVEL': 'INFO',
 'NEWSPIDER_MODULE': 'bingo_scrapy.spiders',
 'SPIDER_MODULES': ['bingo_scrapy.spiders']}
2025-04-23 12:26:53 [scrapy.middleware] INFO: Enabled downloader middlewares:
['scrapy.downloadermiddlewares.offsite.OffsiteMiddleware',
 'scrapy.downloadermiddlewares.httpauth.HttpAuthMiddleware',
 'scrapy.downloadermiddlewares.downloadtimeout.DownloadTimeoutMiddleware',
 'scrapy.downloadermiddlewares.defaultheaders.DefaultHeadersMiddleware',
 'scrapy.downloadermiddlewares.useragent.UserAgentMiddleware',
 'scrapy.downloadermiddlewares.retry.RetryMiddleware',
 'scrapy.downloadermiddlewares.redirect.MetaRefreshMiddleware',
 'scrapy.downloadermiddlewares.httpcompression.HttpCompressionMiddleware',
 'scrapy.downloadermiddlewares.redirect.RedirectMiddleware',
 'scrapy.downloadermiddlewares.cookies.CookiesMiddleware',
 'scrapy.downloadermiddlewares.httpproxy.HttpProxyMiddleware',
 'scrapy.downloadermiddlewares.stats.DownloaderStats']
2025-04-23 12:26:53 [scrapy.middleware] INFO: Enabled spider middlewares:
['scrapy.spidermiddlewares.httperror.HttpErrorMiddleware',
 'scrapy.spidermiddlewares.referer.RefererMiddleware',
 'scrapy.spidermiddlewares.urllength.UrlLengthMiddleware',
 'scrapy.spidermiddlewares.depth.DepthMiddleware']
2025-04-23 12:26:53 [scrapy.middleware] INFO: Enabled item pipelines:
['bingo_scrapy.pipelines.CsvPipeline', 'bingo_scrapy.pipelines.DbPipeline']
2025-04-23 12:26:53 [scrapy.core.engine] INFO: Spider opened
2025-04-23 12:26:53 [root] INFO: Opening spider and establishing database connection.
2025-04-23 12:26:54 [root] INFO: DELETE_OLD_DATA: True
2025-04-23 12:26:54 [root] INFO: Table dropped.
2025-04-23 12:26:54 [root] INFO: Checking if table dbo.bingo exists.
2025-04-23 12:26:54 [root] INFO: Table dbo.bingo does not exist. Creating table.
2025-04-23 12:26:54 [root] INFO: Table dbo.bingo created successfully.
2025-04-23 12:26:54 [root] INFO: Database connection established and table checked/created.
2025-04-23 12:26:54 [scrapy.extensions.logstats] INFO: Crawled 0 pages (at 0 pages/min), scraped 0 items (at 0 items/min)
2025-04-23 12:26:54 [scrapy.extensions.telnet] INFO: Telnet console listening on 127.0.0.1:6023
2025-04-23 12:26:54 [root] INFO: Using CRAWL_DATE: 2025-04-23
2025-04-23 12:26:54 [root] INFO: 爬取日期: 2
2025-04-23 12:26:54 [root] INFO: 爬取日期: 0
2025-04-23 12:26:54 [root] INFO: 爬取日期: 2
2025-04-23 12:26:54 [root] INFO: 爬取日期: 5
2025-04-23 12:26:54 [root] INFO: 爬取日期: -
2025-04-23 12:26:54 [root] INFO: 爬取日期: 0
2025-04-23 12:26:54 [root] INFO: 爬取日期: 4
2025-04-23 12:26:54 [root] INFO: 爬取日期: -
2025-04-23 12:26:54 [root] INFO: 爬取日期: 2
2025-04-23 12:26:54 [root] INFO: 爬取日期: 3
2025-04-23 12:26:54 [scrapy.downloadermiddlewares.retry] ERROR: Gave up retrying <GET https://api.taiwanlottery.com/TLCAPIWeB/Lottery/BingoResult?openDate=2&pageNum=1&pageSize=1> (failed 3 times): 500 Internal Server Error
2025-04-23 12:26:54 [scrapy.downloadermiddlewares.retry] ERROR: Gave up retrying <GET https://api.taiwanlottery.com/TLCAPIWeB/Lottery/BingoResult?openDate=0&pageNum=1&pageSize=1> (failed 3 times): 500 Internal Server Error
2025-04-23 12:26:54 [scrapy.downloadermiddlewares.retry] ERROR: Gave up retrying <GET https://api.taiwanlottery.com/TLCAPIWeB/Lottery/BingoResult?openDate=4&pageNum=1&pageSize=1> (failed 3 times): 500 Internal Server Error
2025-04-23 12:26:54 [scrapy.downloadermiddlewares.retry] ERROR: Gave up retrying <GET https://api.taiwanlottery.com/TLCAPIWeB/Lottery/BingoResult?openDate=5&pageNum=1&pageSize=1> (failed 3 times): 500 Internal Server Error
2025-04-23 12:26:54 [scrapy.downloadermiddlewares.retry] ERROR: Gave up retrying <GET https://api.taiwanlottery.com/TLCAPIWeB/Lottery/BingoResult?openDate=3&pageNum=1&pageSize=1> (failed 3 times): 500 Internal Server Error
2025-04-23 12:26:54 [scrapy.downloadermiddlewares.retry] ERROR: Gave up retrying <GET https://api.taiwanlottery.com/TLCAPIWeB/Lottery/BingoResult?openDate=-&pageNum=1&pageSize=1> (failed 3 times): 500 Internal Server Error
2025-04-23 12:26:54 [scrapy.spidermiddlewares.httperror] INFO: Ignoring response <500 https://api.taiwanlottery.com/TLCAPIWeB/Lottery/BingoResult?openDate=2&pageNum=1&pageSize=1>: HTTP status code is not handled or not allowed
2025-04-23 12:26:54 [scrapy.spidermiddlewares.httperror] INFO: Ignoring response <500 https://api.taiwanlottery.com/TLCAPIWeB/Lottery/BingoResult?openDate=0&pageNum=1&pageSize=1>: HTTP status code is not handled or not allowed
2025-04-23 12:26:54 [scrapy.spidermiddlewares.httperror] INFO: Ignoring response <500 https://api.taiwanlottery.com/TLCAPIWeB/Lottery/BingoResult?openDate=4&pageNum=1&pageSize=1>: HTTP status code is not handled or not allowed
2025-04-23 12:26:54 [scrapy.spidermiddlewares.httperror] INFO: Ignoring response <500 https://api.taiwanlottery.com/TLCAPIWeB/Lottery/BingoResult?openDate=5&pageNum=1&pageSize=1>: HTTP status code is not handled or not allowed
2025-04-23 12:26:54 [scrapy.spidermiddlewares.httperror] INFO: Ignoring response <500 https://api.taiwanlottery.com/TLCAPIWeB/Lottery/BingoResult?openDate=3&pageNum=1&pageSize=1>: HTTP status code is not handled or not allowed
2025-04-23 12:26:54 [scrapy.spidermiddlewares.httperror] INFO: Ignoring response <500 https://api.taiwanlottery.com/TLCAPIWeB/Lottery/BingoResult?openDate=-&pageNum=1&pageSize=1>: HTTP status code is not handled or not allowed
2025-04-23 12:26:54 [scrapy.core.engine] INFO: Closing spider (finished)
2025-04-23 12:26:54 [root] INFO: Database connection closed.
2025-04-23 12:26:54 [scrapy.statscollectors] INFO: Dumping Scrapy stats:
{'downloader/request_bytes': 5094,
 'downloader/request_count': 18,
 'downloader/request_method_count/GET': 18,
 'downloader/response_bytes': 12132,
 'downloader/response_count': 18,
 'downloader/response_status_count/500': 18,
 'dupefilter/filtered': 4,
 'elapsed_time_seconds': 0.220033,
 'finish_reason': 'finished',
 'finish_time': datetime.datetime(2025, 4, 23, 4, 26, 54, 325043, tzinfo=datetime.timezone.utc),
 'httperror/response_ignored_count': 6,
 'httperror/response_ignored_status_count/500': 6,
 'items_per_minute': None,
 'log_count/ERROR': 6,
 'log_count/INFO': 35,
 'response_received_count': 6,
 'responses_per_minute': None,
 'retry/count': 12,
 'retry/max_reached': 6,
 'retry/reason_count/500 Internal Server Error': 12,
 'scheduler/dequeued': 18,
 'scheduler/dequeued/memory': 18,
 'scheduler/enqueued': 18,
 'scheduler/enqueued/memory': 18,
 'start_time': datetime.datetime(2025, 4, 23, 4, 26, 54, 105010, tzinfo=datetime.timezone.utc)}
2025-04-23 12:26:54 [scrapy.core.engine] INFO: Spider closed (finished)
2025-04-23 12:27:51 [scrapy.utils.log] INFO: Scrapy 2.12.0 started (bot: bingo_scrapy)
2025-04-23 12:27:51 [scrapy.utils.log] INFO: Versions: lxml 5.3.1.0, libxml2 2.11.7, cssselect 1.3.0, parsel 1.10.0, w3lib 2.3.1, Twisted 24.11.0, Python 3.11.0 (main, Oct 24 2022, 18:26:48) [MSC v.1933 64 bit (AMD64)], pyOpenSSL 25.0.0 (OpenSSL 3.4.1 11 Feb 2025), cryptography 44.0.2, Platform Windows-10-10.0.19045-SP0
2025-04-23 12:27:51 [scrapy.addons] INFO: Enabled addons:
[]
2025-04-23 12:27:51 [scrapy.extensions.telnet] INFO: Telnet Password: 7ee3ef36c6f5adeb
2025-04-23 12:27:51 [scrapy.middleware] INFO: Enabled extensions:
['scrapy.extensions.corestats.CoreStats',
 'scrapy.extensions.telnet.TelnetConsole',
 'scrapy.extensions.logstats.LogStats']
2025-04-23 12:27:51 [scrapy.crawler] INFO: Overridden settings:
{'BOT_NAME': 'bingo_scrapy',
 'LOG_FILE': 'bingo_spider.log',
 'LOG_LEVEL': 'INFO',
 'NEWSPIDER_MODULE': 'bingo_scrapy.spiders',
 'SPIDER_MODULES': ['bingo_scrapy.spiders']}
2025-04-23 12:27:51 [scrapy.middleware] INFO: Enabled downloader middlewares:
['scrapy.downloadermiddlewares.offsite.OffsiteMiddleware',
 'scrapy.downloadermiddlewares.httpauth.HttpAuthMiddleware',
 'scrapy.downloadermiddlewares.downloadtimeout.DownloadTimeoutMiddleware',
 'scrapy.downloadermiddlewares.defaultheaders.DefaultHeadersMiddleware',
 'scrapy.downloadermiddlewares.useragent.UserAgentMiddleware',
 'scrapy.downloadermiddlewares.retry.RetryMiddleware',
 'scrapy.downloadermiddlewares.redirect.MetaRefreshMiddleware',
 'scrapy.downloadermiddlewares.httpcompression.HttpCompressionMiddleware',
 'scrapy.downloadermiddlewares.redirect.RedirectMiddleware',
 'scrapy.downloadermiddlewares.cookies.CookiesMiddleware',
 'scrapy.downloadermiddlewares.httpproxy.HttpProxyMiddleware',
 'scrapy.downloadermiddlewares.stats.DownloaderStats']
2025-04-23 12:27:51 [scrapy.middleware] INFO: Enabled spider middlewares:
['scrapy.spidermiddlewares.httperror.HttpErrorMiddleware',
 'scrapy.spidermiddlewares.referer.RefererMiddleware',
 'scrapy.spidermiddlewares.urllength.UrlLengthMiddleware',
 'scrapy.spidermiddlewares.depth.DepthMiddleware']
2025-04-23 12:27:51 [scrapy.middleware] INFO: Enabled item pipelines:
['bingo_scrapy.pipelines.CsvPipeline', 'bingo_scrapy.pipelines.DbPipeline']
2025-04-23 12:27:51 [scrapy.core.engine] INFO: Spider opened
2025-04-23 12:27:51 [root] INFO: Opening spider and establishing database connection.
2025-04-23 12:27:51 [root] INFO: DELETE_OLD_DATA: True
2025-04-23 12:27:51 [root] INFO: Table dropped.
2025-04-23 12:27:51 [root] INFO: Checking if table dbo.bingo exists.
2025-04-23 12:27:51 [root] INFO: Table dbo.bingo does not exist. Creating table.
2025-04-23 12:27:51 [root] INFO: Table dbo.bingo created successfully.
2025-04-23 12:27:51 [root] INFO: Database connection established and table checked/created.
2025-04-23 12:27:51 [scrapy.extensions.logstats] INFO: Crawled 0 pages (at 0 pages/min), scraped 0 items (at 0 items/min)
2025-04-23 12:27:51 [scrapy.extensions.telnet] INFO: Telnet console listening on 127.0.0.1:6023
2025-04-23 12:27:51 [root] INFO: Using CRAWL_DATE: ['2024-01-02']
2025-04-23 12:27:51 [root] INFO: 爬取日期: 2024-01-02
2025-04-23 12:27:51 [root] INFO: Processing page: https://api.taiwanlottery.com/TLCAPIWeB/Lottery/BingoResult?openDate=2024-01-02&pageNum=1&pageSize=1
2025-04-23 12:27:52 [root] INFO: Finished processing page: https://api.taiwanlottery.com/TLCAPIWeB/Lottery/BingoResult?openDate=2024-01-02&pageNum=21&pageSize=10
2025-04-23 12:27:52 [root] INFO: Item processed and committed to database.
2025-04-23 12:27:52 [root] INFO: Database connection closed after processing item.
2025-04-23 12:27:52 [scrapy.core.engine] INFO: Closing spider (finished)
2025-04-23 12:27:52 [root] INFO: Database connection closed.
2025-04-23 12:27:52 [scrapy.statscollectors] INFO: Dumping Scrapy stats:
{'downloader/request_bytes': 292,
 'downloader/request_count': 1,
 'downloader/request_method_count/GET': 1,
 'downloader/response_bytes': 1134,
 'downloader/response_count': 1,
 'downloader/response_status_count/200': 1,
 'elapsed_time_seconds': 0.933348,
 'finish_reason': 'finished',
 'finish_time': datetime.datetime(2025, 4, 23, 4, 27, 52, 610376, tzinfo=datetime.timezone.utc),
 'httpcompression/response_bytes': 1883,
 'httpcompression/response_count': 1,
 'item_scraped_count': 1,
 'items_per_minute': None,
 'log_count/INFO': 24,
 'response_received_count': 1,
 'responses_per_minute': None,
 'scheduler/dequeued': 1,
 'scheduler/dequeued/memory': 1,
 'scheduler/enqueued': 1,
 'scheduler/enqueued/memory': 1,
 'start_time': datetime.datetime(2025, 4, 23, 4, 27, 51, 677028, tzinfo=datetime.timezone.utc)}
2025-04-23 12:27:52 [scrapy.core.engine] INFO: Spider closed (finished)
2025-04-23 12:30:19 [scrapy.utils.log] INFO: Scrapy 2.12.0 started (bot: bingo_scrapy)
2025-04-23 12:30:19 [scrapy.utils.log] INFO: Versions: lxml 5.3.1.0, libxml2 2.11.7, cssselect 1.3.0, parsel 1.10.0, w3lib 2.3.1, Twisted 24.11.0, Python 3.11.0 (main, Oct 24 2022, 18:26:48) [MSC v.1933 64 bit (AMD64)], pyOpenSSL 25.0.0 (OpenSSL 3.4.1 11 Feb 2025), cryptography 44.0.2, Platform Windows-10-10.0.19045-SP0
2025-04-23 12:30:19 [scrapy.addons] INFO: Enabled addons:
[]
2025-04-23 12:30:19 [scrapy.extensions.telnet] INFO: Telnet Password: 33e898b03e639d6e
2025-04-23 12:30:19 [scrapy.middleware] INFO: Enabled extensions:
['scrapy.extensions.corestats.CoreStats',
 'scrapy.extensions.telnet.TelnetConsole',
 'scrapy.extensions.logstats.LogStats']
2025-04-23 12:30:19 [scrapy.crawler] INFO: Overridden settings:
{'BOT_NAME': 'bingo_scrapy',
 'LOG_FILE': 'bingo_spider.log',
 'LOG_LEVEL': 'INFO',
 'NEWSPIDER_MODULE': 'bingo_scrapy.spiders',
 'SPIDER_MODULES': ['bingo_scrapy.spiders']}
2025-04-23 12:30:19 [scrapy.middleware] INFO: Enabled downloader middlewares:
['scrapy.downloadermiddlewares.offsite.OffsiteMiddleware',
 'scrapy.downloadermiddlewares.httpauth.HttpAuthMiddleware',
 'scrapy.downloadermiddlewares.downloadtimeout.DownloadTimeoutMiddleware',
 'scrapy.downloadermiddlewares.defaultheaders.DefaultHeadersMiddleware',
 'scrapy.downloadermiddlewares.useragent.UserAgentMiddleware',
 'scrapy.downloadermiddlewares.retry.RetryMiddleware',
 'scrapy.downloadermiddlewares.redirect.MetaRefreshMiddleware',
 'scrapy.downloadermiddlewares.httpcompression.HttpCompressionMiddleware',
 'scrapy.downloadermiddlewares.redirect.RedirectMiddleware',
 'scrapy.downloadermiddlewares.cookies.CookiesMiddleware',
 'scrapy.downloadermiddlewares.httpproxy.HttpProxyMiddleware',
 'scrapy.downloadermiddlewares.stats.DownloaderStats']
2025-04-23 12:30:19 [scrapy.middleware] INFO: Enabled spider middlewares:
['scrapy.spidermiddlewares.httperror.HttpErrorMiddleware',
 'scrapy.spidermiddlewares.referer.RefererMiddleware',
 'scrapy.spidermiddlewares.urllength.UrlLengthMiddleware',
 'scrapy.spidermiddlewares.depth.DepthMiddleware']
2025-04-23 12:30:19 [scrapy.middleware] INFO: Enabled item pipelines:
['bingo_scrapy.pipelines.CsvPipeline', 'bingo_scrapy.pipelines.DbPipeline']
2025-04-23 12:30:19 [scrapy.core.engine] INFO: Spider opened
2025-04-23 12:30:19 [root] INFO: Opening spider and establishing database connection.
2025-04-23 12:30:19 [root] INFO: DELETE_OLD_DATA: True
2025-04-23 12:30:19 [root] INFO: Table dropped.
2025-04-23 12:30:19 [root] INFO: Checking if table dbo.bingo exists.
2025-04-23 12:30:19 [root] INFO: Table dbo.bingo does not exist. Creating table.
2025-04-23 12:30:19 [root] INFO: Table dbo.bingo created successfully.
2025-04-23 12:30:19 [root] INFO: Database connection established and table checked/created.
2025-04-23 12:30:19 [scrapy.extensions.logstats] INFO: Crawled 0 pages (at 0 pages/min), scraped 0 items (at 0 items/min)
2025-04-23 12:30:19 [scrapy.extensions.telnet] INFO: Telnet console listening on 127.0.0.1:6023
2025-04-23 12:30:19 [root] INFO: Using CRAWL_DATE: ['2024-01-02']
2025-04-23 12:30:19 [root] INFO: 爬取日期: 2024-01-02
2025-04-23 12:30:19 [root] INFO: Processing page: https://api.taiwanlottery.com/TLCAPIWeB/Lottery/BingoResult?openDate=2024-01-02&pageNum=1&pageSize=1
2025-04-23 12:30:20 [root] INFO: Finished processing page: https://api.taiwanlottery.com/TLCAPIWeB/Lottery/BingoResult?openDate=2024-01-02&pageNum=21&pageSize=10
2025-04-23 12:30:20 [root] INFO: Item processed and committed to database.
2025-04-23 12:30:20 [root] INFO: Database connection closed after processing item.
2025-04-23 12:30:20 [scrapy.core.engine] INFO: Closing spider (finished)
2025-04-23 12:30:20 [root] INFO: Database connection closed.
2025-04-23 12:30:20 [scrapy.statscollectors] INFO: Dumping Scrapy stats:
{'downloader/request_bytes': 292,
 'downloader/request_count': 1,
 'downloader/request_method_count/GET': 1,
 'downloader/response_bytes': 1137,
 'downloader/response_count': 1,
 'downloader/response_status_count/200': 1,
 'elapsed_time_seconds': 1.097651,
 'finish_reason': 'finished',
 'finish_time': datetime.datetime(2025, 4, 23, 4, 30, 20, 674223, tzinfo=datetime.timezone.utc),
 'httpcompression/response_bytes': 1883,
 'httpcompression/response_count': 1,
 'item_scraped_count': 1,
 'items_per_minute': None,
 'log_count/INFO': 24,
 'response_received_count': 1,
 'responses_per_minute': None,
 'scheduler/dequeued': 1,
 'scheduler/dequeued/memory': 1,
 'scheduler/enqueued': 1,
 'scheduler/enqueued/memory': 1,
 'start_time': datetime.datetime(2025, 4, 23, 4, 30, 19, 576572, tzinfo=datetime.timezone.utc)}
2025-04-23 12:30:20 [scrapy.core.engine] INFO: Spider closed (finished)
2025-04-23 12:31:26 [scrapy.utils.log] INFO: Scrapy 2.12.0 started (bot: bingo_scrapy)
2025-04-23 12:31:26 [scrapy.utils.log] INFO: Versions: lxml 5.3.1.0, libxml2 2.11.7, cssselect 1.3.0, parsel 1.10.0, w3lib 2.3.1, Twisted 24.11.0, Python 3.11.0 (main, Oct 24 2022, 18:26:48) [MSC v.1933 64 bit (AMD64)], pyOpenSSL 25.0.0 (OpenSSL 3.4.1 11 Feb 2025), cryptography 44.0.2, Platform Windows-10-10.0.19045-SP0
2025-04-23 12:31:26 [scrapy.addons] INFO: Enabled addons:
[]
2025-04-23 12:31:26 [scrapy.extensions.telnet] INFO: Telnet Password: c4ce7f0412b41a10
2025-04-23 12:31:26 [scrapy.middleware] INFO: Enabled extensions:
['scrapy.extensions.corestats.CoreStats',
 'scrapy.extensions.telnet.TelnetConsole',
 'scrapy.extensions.logstats.LogStats']
2025-04-23 12:31:26 [scrapy.crawler] INFO: Overridden settings:
{'BOT_NAME': 'bingo_scrapy',
 'LOG_FILE': 'bingo_spider.log',
 'LOG_LEVEL': 'INFO',
 'NEWSPIDER_MODULE': 'bingo_scrapy.spiders',
 'SPIDER_MODULES': ['bingo_scrapy.spiders']}
2025-04-23 12:31:26 [scrapy.middleware] INFO: Enabled downloader middlewares:
['scrapy.downloadermiddlewares.offsite.OffsiteMiddleware',
 'scrapy.downloadermiddlewares.httpauth.HttpAuthMiddleware',
 'scrapy.downloadermiddlewares.downloadtimeout.DownloadTimeoutMiddleware',
 'scrapy.downloadermiddlewares.defaultheaders.DefaultHeadersMiddleware',
 'scrapy.downloadermiddlewares.useragent.UserAgentMiddleware',
 'scrapy.downloadermiddlewares.retry.RetryMiddleware',
 'scrapy.downloadermiddlewares.redirect.MetaRefreshMiddleware',
 'scrapy.downloadermiddlewares.httpcompression.HttpCompressionMiddleware',
 'scrapy.downloadermiddlewares.redirect.RedirectMiddleware',
 'scrapy.downloadermiddlewares.cookies.CookiesMiddleware',
 'scrapy.downloadermiddlewares.httpproxy.HttpProxyMiddleware',
 'scrapy.downloadermiddlewares.stats.DownloaderStats']
2025-04-23 12:31:26 [scrapy.middleware] INFO: Enabled spider middlewares:
['scrapy.spidermiddlewares.httperror.HttpErrorMiddleware',
 'scrapy.spidermiddlewares.referer.RefererMiddleware',
 'scrapy.spidermiddlewares.urllength.UrlLengthMiddleware',
 'scrapy.spidermiddlewares.depth.DepthMiddleware']
2025-04-23 12:31:26 [scrapy.middleware] INFO: Enabled item pipelines:
['bingo_scrapy.pipelines.CsvPipeline', 'bingo_scrapy.pipelines.DbPipeline']
2025-04-23 12:31:26 [scrapy.core.engine] INFO: Spider opened
2025-04-23 12:31:26 [root] INFO: Opening spider and establishing database connection.
2025-04-23 12:31:26 [root] INFO: DELETE_OLD_DATA: True
2025-04-23 12:31:26 [root] INFO: Table dropped.
2025-04-23 12:31:26 [root] INFO: Checking if table dbo.bingo exists.
2025-04-23 12:31:26 [root] INFO: Table dbo.bingo does not exist. Creating table.
2025-04-23 12:31:26 [root] INFO: Table dbo.bingo created successfully.
2025-04-23 12:31:26 [root] INFO: Database connection established and table checked/created.
2025-04-23 12:31:26 [scrapy.extensions.logstats] INFO: Crawled 0 pages (at 0 pages/min), scraped 0 items (at 0 items/min)
2025-04-23 12:31:26 [scrapy.extensions.telnet] INFO: Telnet console listening on 127.0.0.1:6023
2025-04-23 12:31:26 [root] INFO: Using CRAWL_DATE: 
2025-04-23 12:31:26 [scrapy.core.engine] INFO: Closing spider (finished)
2025-04-23 12:31:26 [root] INFO: Database connection closed.
2025-04-23 12:31:26 [scrapy.statscollectors] INFO: Dumping Scrapy stats:
{'elapsed_time_seconds': 0.003,
 'finish_reason': 'finished',
 'finish_time': datetime.datetime(2025, 4, 23, 4, 31, 26, 802674, tzinfo=datetime.timezone.utc),
 'items_per_minute': None,
 'log_count/INFO': 19,
 'responses_per_minute': None,
 'start_time': datetime.datetime(2025, 4, 23, 4, 31, 26, 799674, tzinfo=datetime.timezone.utc)}
2025-04-23 12:31:26 [scrapy.core.engine] INFO: Spider closed (finished)
2025-04-23 12:32:13 [scrapy.utils.log] INFO: Scrapy 2.12.0 started (bot: bingo_scrapy)
2025-04-23 12:32:13 [scrapy.utils.log] INFO: Versions: lxml 5.3.1.0, libxml2 2.11.7, cssselect 1.3.0, parsel 1.10.0, w3lib 2.3.1, Twisted 24.11.0, Python 3.11.0 (main, Oct 24 2022, 18:26:48) [MSC v.1933 64 bit (AMD64)], pyOpenSSL 25.0.0 (OpenSSL 3.4.1 11 Feb 2025), cryptography 44.0.2, Platform Windows-10-10.0.19045-SP0
2025-04-23 12:32:13 [scrapy.addons] INFO: Enabled addons:
[]
2025-04-23 12:32:13 [scrapy.extensions.telnet] INFO: Telnet Password: 953578b5541d4fad
2025-04-23 12:32:13 [scrapy.middleware] INFO: Enabled extensions:
['scrapy.extensions.corestats.CoreStats',
 'scrapy.extensions.telnet.TelnetConsole',
 'scrapy.extensions.logstats.LogStats']
2025-04-23 12:32:13 [scrapy.crawler] INFO: Overridden settings:
{'BOT_NAME': 'bingo_scrapy',
 'LOG_FILE': 'bingo_spider.log',
 'LOG_LEVEL': 'INFO',
 'NEWSPIDER_MODULE': 'bingo_scrapy.spiders',
 'SPIDER_MODULES': ['bingo_scrapy.spiders']}
2025-04-23 12:32:13 [scrapy.middleware] INFO: Enabled downloader middlewares:
['scrapy.downloadermiddlewares.offsite.OffsiteMiddleware',
 'scrapy.downloadermiddlewares.httpauth.HttpAuthMiddleware',
 'scrapy.downloadermiddlewares.downloadtimeout.DownloadTimeoutMiddleware',
 'scrapy.downloadermiddlewares.defaultheaders.DefaultHeadersMiddleware',
 'scrapy.downloadermiddlewares.useragent.UserAgentMiddleware',
 'scrapy.downloadermiddlewares.retry.RetryMiddleware',
 'scrapy.downloadermiddlewares.redirect.MetaRefreshMiddleware',
 'scrapy.downloadermiddlewares.httpcompression.HttpCompressionMiddleware',
 'scrapy.downloadermiddlewares.redirect.RedirectMiddleware',
 'scrapy.downloadermiddlewares.cookies.CookiesMiddleware',
 'scrapy.downloadermiddlewares.httpproxy.HttpProxyMiddleware',
 'scrapy.downloadermiddlewares.stats.DownloaderStats']
2025-04-23 12:32:14 [scrapy.middleware] INFO: Enabled spider middlewares:
['scrapy.spidermiddlewares.httperror.HttpErrorMiddleware',
 'scrapy.spidermiddlewares.referer.RefererMiddleware',
 'scrapy.spidermiddlewares.urllength.UrlLengthMiddleware',
 'scrapy.spidermiddlewares.depth.DepthMiddleware']
2025-04-23 12:32:14 [scrapy.middleware] INFO: Enabled item pipelines:
['bingo_scrapy.pipelines.CsvPipeline', 'bingo_scrapy.pipelines.DbPipeline']
2025-04-23 12:32:14 [scrapy.core.engine] INFO: Spider opened
2025-04-23 12:32:14 [root] INFO: Opening spider and establishing database connection.
2025-04-23 12:32:14 [root] INFO: DELETE_OLD_DATA: True
2025-04-23 12:32:14 [root] INFO: Table dropped.
2025-04-23 12:32:14 [root] INFO: Checking if table dbo.bingo exists.
2025-04-23 12:32:14 [root] INFO: Table dbo.bingo does not exist. Creating table.
2025-04-23 12:32:14 [root] INFO: Table dbo.bingo created successfully.
2025-04-23 12:32:14 [root] INFO: Database connection established and table checked/created.
2025-04-23 12:32:14 [scrapy.extensions.logstats] INFO: Crawled 0 pages (at 0 pages/min), scraped 0 items (at 0 items/min)
2025-04-23 12:32:14 [scrapy.extensions.telnet] INFO: Telnet console listening on 127.0.0.1:6023
2025-04-23 12:32:14 [root] ERROR: Error in get_dates_crawl: 'module' object is not callable
2025-04-23 12:32:14 [root] INFO: Using CRAWL_DATE: []
2025-04-23 12:32:14 [scrapy.core.engine] INFO: Closing spider (finished)
2025-04-23 12:32:14 [root] INFO: Database connection closed.
2025-04-23 12:32:14 [scrapy.statscollectors] INFO: Dumping Scrapy stats:
{'elapsed_time_seconds': 0.002001,
 'finish_reason': 'finished',
 'finish_time': datetime.datetime(2025, 4, 23, 4, 32, 14, 87888, tzinfo=datetime.timezone.utc),
 'items_per_minute': None,
 'log_count/ERROR': 1,
 'log_count/INFO': 19,
 'responses_per_minute': None,
 'start_time': datetime.datetime(2025, 4, 23, 4, 32, 14, 85887, tzinfo=datetime.timezone.utc)}
2025-04-23 12:32:14 [scrapy.core.engine] INFO: Spider closed (finished)
2025-04-23 12:32:32 [scrapy.utils.log] INFO: Scrapy 2.12.0 started (bot: bingo_scrapy)
2025-04-23 12:32:32 [scrapy.utils.log] INFO: Versions: lxml 5.3.1.0, libxml2 2.11.7, cssselect 1.3.0, parsel 1.10.0, w3lib 2.3.1, Twisted 24.11.0, Python 3.11.0 (main, Oct 24 2022, 18:26:48) [MSC v.1933 64 bit (AMD64)], pyOpenSSL 25.0.0 (OpenSSL 3.4.1 11 Feb 2025), cryptography 44.0.2, Platform Windows-10-10.0.19045-SP0
2025-04-23 12:32:32 [scrapy.addons] INFO: Enabled addons:
[]
2025-04-23 12:32:32 [scrapy.extensions.telnet] INFO: Telnet Password: 6ce7cf3ef4bb333a
2025-04-23 12:32:32 [scrapy.middleware] INFO: Enabled extensions:
['scrapy.extensions.corestats.CoreStats',
 'scrapy.extensions.telnet.TelnetConsole',
 'scrapy.extensions.logstats.LogStats']
2025-04-23 12:32:32 [scrapy.crawler] INFO: Overridden settings:
{'BOT_NAME': 'bingo_scrapy',
 'LOG_FILE': 'bingo_spider.log',
 'LOG_LEVEL': 'INFO',
 'NEWSPIDER_MODULE': 'bingo_scrapy.spiders',
 'SPIDER_MODULES': ['bingo_scrapy.spiders']}
2025-04-23 12:32:33 [scrapy.middleware] INFO: Enabled downloader middlewares:
['scrapy.downloadermiddlewares.offsite.OffsiteMiddleware',
 'scrapy.downloadermiddlewares.httpauth.HttpAuthMiddleware',
 'scrapy.downloadermiddlewares.downloadtimeout.DownloadTimeoutMiddleware',
 'scrapy.downloadermiddlewares.defaultheaders.DefaultHeadersMiddleware',
 'scrapy.downloadermiddlewares.useragent.UserAgentMiddleware',
 'scrapy.downloadermiddlewares.retry.RetryMiddleware',
 'scrapy.downloadermiddlewares.redirect.MetaRefreshMiddleware',
 'scrapy.downloadermiddlewares.httpcompression.HttpCompressionMiddleware',
 'scrapy.downloadermiddlewares.redirect.RedirectMiddleware',
 'scrapy.downloadermiddlewares.cookies.CookiesMiddleware',
 'scrapy.downloadermiddlewares.httpproxy.HttpProxyMiddleware',
 'scrapy.downloadermiddlewares.stats.DownloaderStats']
2025-04-23 12:32:33 [scrapy.middleware] INFO: Enabled spider middlewares:
['scrapy.spidermiddlewares.httperror.HttpErrorMiddleware',
 'scrapy.spidermiddlewares.referer.RefererMiddleware',
 'scrapy.spidermiddlewares.urllength.UrlLengthMiddleware',
 'scrapy.spidermiddlewares.depth.DepthMiddleware']
2025-04-23 12:32:33 [scrapy.middleware] INFO: Enabled item pipelines:
['bingo_scrapy.pipelines.CsvPipeline', 'bingo_scrapy.pipelines.DbPipeline']
2025-04-23 12:32:33 [scrapy.core.engine] INFO: Spider opened
2025-04-23 12:32:33 [root] INFO: Opening spider and establishing database connection.
2025-04-23 12:32:33 [root] INFO: DELETE_OLD_DATA: True
2025-04-23 12:32:33 [root] INFO: Table dropped.
2025-04-23 12:32:33 [root] INFO: Checking if table dbo.bingo exists.
2025-04-23 12:32:33 [root] INFO: Table dbo.bingo does not exist. Creating table.
2025-04-23 12:32:33 [root] INFO: Table dbo.bingo created successfully.
2025-04-23 12:32:33 [root] INFO: Database connection established and table checked/created.
2025-04-23 12:32:33 [scrapy.extensions.logstats] INFO: Crawled 0 pages (at 0 pages/min), scraped 0 items (at 0 items/min)
2025-04-23 12:32:33 [scrapy.extensions.telnet] INFO: Telnet console listening on 127.0.0.1:6023
2025-04-23 12:32:33 [root] ERROR: Error in get_dates_crawl: 'module' object is not callable
2025-04-23 12:32:33 [root] INFO: Using CRAWL_DATE: []
2025-04-23 12:32:33 [scrapy.core.engine] INFO: Closing spider (finished)
2025-04-23 12:32:33 [root] INFO: Database connection closed.
2025-04-23 12:32:33 [scrapy.statscollectors] INFO: Dumping Scrapy stats:
{'elapsed_time_seconds': 0.002999,
 'finish_reason': 'finished',
 'finish_time': datetime.datetime(2025, 4, 23, 4, 32, 33, 143081, tzinfo=datetime.timezone.utc),
 'items_per_minute': None,
 'log_count/ERROR': 1,
 'log_count/INFO': 19,
 'responses_per_minute': None,
 'start_time': datetime.datetime(2025, 4, 23, 4, 32, 33, 140082, tzinfo=datetime.timezone.utc)}
2025-04-23 12:32:33 [scrapy.core.engine] INFO: Spider closed (finished)
2025-04-23 12:33:49 [scrapy.utils.log] INFO: Scrapy 2.12.0 started (bot: bingo_scrapy)
2025-04-23 12:33:49 [scrapy.utils.log] INFO: Versions: lxml 5.3.1.0, libxml2 2.11.7, cssselect 1.3.0, parsel 1.10.0, w3lib 2.3.1, Twisted 24.11.0, Python 3.11.0 (main, Oct 24 2022, 18:26:48) [MSC v.1933 64 bit (AMD64)], pyOpenSSL 25.0.0 (OpenSSL 3.4.1 11 Feb 2025), cryptography 44.0.2, Platform Windows-10-10.0.19045-SP0
2025-04-23 12:33:49 [scrapy.addons] INFO: Enabled addons:
[]
2025-04-23 12:33:49 [scrapy.extensions.telnet] INFO: Telnet Password: 67000e58cbf96223
2025-04-23 12:33:49 [scrapy.middleware] INFO: Enabled extensions:
['scrapy.extensions.corestats.CoreStats',
 'scrapy.extensions.telnet.TelnetConsole',
 'scrapy.extensions.logstats.LogStats']
2025-04-23 12:33:49 [scrapy.crawler] INFO: Overridden settings:
{'BOT_NAME': 'bingo_scrapy',
 'LOG_FILE': 'bingo_spider.log',
 'LOG_LEVEL': 'INFO',
 'NEWSPIDER_MODULE': 'bingo_scrapy.spiders',
 'SPIDER_MODULES': ['bingo_scrapy.spiders']}
2025-04-23 12:33:49 [scrapy.middleware] INFO: Enabled downloader middlewares:
['scrapy.downloadermiddlewares.offsite.OffsiteMiddleware',
 'scrapy.downloadermiddlewares.httpauth.HttpAuthMiddleware',
 'scrapy.downloadermiddlewares.downloadtimeout.DownloadTimeoutMiddleware',
 'scrapy.downloadermiddlewares.defaultheaders.DefaultHeadersMiddleware',
 'scrapy.downloadermiddlewares.useragent.UserAgentMiddleware',
 'scrapy.downloadermiddlewares.retry.RetryMiddleware',
 'scrapy.downloadermiddlewares.redirect.MetaRefreshMiddleware',
 'scrapy.downloadermiddlewares.httpcompression.HttpCompressionMiddleware',
 'scrapy.downloadermiddlewares.redirect.RedirectMiddleware',
 'scrapy.downloadermiddlewares.cookies.CookiesMiddleware',
 'scrapy.downloadermiddlewares.httpproxy.HttpProxyMiddleware',
 'scrapy.downloadermiddlewares.stats.DownloaderStats']
2025-04-23 12:33:49 [scrapy.middleware] INFO: Enabled spider middlewares:
['scrapy.spidermiddlewares.httperror.HttpErrorMiddleware',
 'scrapy.spidermiddlewares.referer.RefererMiddleware',
 'scrapy.spidermiddlewares.urllength.UrlLengthMiddleware',
 'scrapy.spidermiddlewares.depth.DepthMiddleware']
2025-04-23 12:33:49 [scrapy.middleware] INFO: Enabled item pipelines:
['bingo_scrapy.pipelines.CsvPipeline', 'bingo_scrapy.pipelines.DbPipeline']
2025-04-23 12:33:49 [scrapy.core.engine] INFO: Spider opened
2025-04-23 12:33:49 [root] INFO: Opening spider and establishing database connection.
2025-04-23 12:33:49 [root] INFO: DELETE_OLD_DATA: True
2025-04-23 12:33:49 [root] INFO: Table dropped.
2025-04-23 12:33:49 [root] INFO: Checking if table dbo.bingo exists.
2025-04-23 12:33:49 [root] INFO: Table dbo.bingo does not exist. Creating table.
2025-04-23 12:33:49 [root] INFO: Table dbo.bingo created successfully.
2025-04-23 12:33:49 [root] INFO: Database connection established and table checked/created.
2025-04-23 12:33:49 [scrapy.extensions.logstats] INFO: Crawled 0 pages (at 0 pages/min), scraped 0 items (at 0 items/min)
2025-04-23 12:33:49 [scrapy.extensions.telnet] INFO: Telnet console listening on 127.0.0.1:6023
2025-04-23 12:33:49 [root] INFO: crawl_date_1 type: <class 'str'>, value: 2025-04-23
2025-04-23 12:33:49 [root] INFO: crawl_date type: <class 'list'>, value: ['2024-01-02']
2025-04-23 12:33:49 [root] INFO: Using CRAWL_DATE: 
2025-04-23 12:33:49 [scrapy.core.engine] INFO: Closing spider (finished)
2025-04-23 12:33:49 [root] INFO: Database connection closed.
2025-04-23 12:33:49 [scrapy.statscollectors] INFO: Dumping Scrapy stats:
{'elapsed_time_seconds': 0.003,
 'finish_reason': 'finished',
 'finish_time': datetime.datetime(2025, 4, 23, 4, 33, 49, 466591, tzinfo=datetime.timezone.utc),
 'items_per_minute': None,
 'log_count/INFO': 21,
 'responses_per_minute': None,
 'start_time': datetime.datetime(2025, 4, 23, 4, 33, 49, 463591, tzinfo=datetime.timezone.utc)}
2025-04-23 12:33:49 [scrapy.core.engine] INFO: Spider closed (finished)
2025-04-23 12:34:28 [scrapy.utils.log] INFO: Scrapy 2.12.0 started (bot: bingo_scrapy)
2025-04-23 12:34:28 [scrapy.utils.log] INFO: Versions: lxml 5.3.1.0, libxml2 2.11.7, cssselect 1.3.0, parsel 1.10.0, w3lib 2.3.1, Twisted 24.11.0, Python 3.11.0 (main, Oct 24 2022, 18:26:48) [MSC v.1933 64 bit (AMD64)], pyOpenSSL 25.0.0 (OpenSSL 3.4.1 11 Feb 2025), cryptography 44.0.2, Platform Windows-10-10.0.19045-SP0
2025-04-23 12:34:28 [scrapy.addons] INFO: Enabled addons:
[]
2025-04-23 12:34:28 [scrapy.extensions.telnet] INFO: Telnet Password: 6d1107c893b0eb07
2025-04-23 12:34:28 [scrapy.middleware] INFO: Enabled extensions:
['scrapy.extensions.corestats.CoreStats',
 'scrapy.extensions.telnet.TelnetConsole',
 'scrapy.extensions.logstats.LogStats']
2025-04-23 12:34:28 [scrapy.crawler] INFO: Overridden settings:
{'BOT_NAME': 'bingo_scrapy',
 'LOG_FILE': 'bingo_spider.log',
 'LOG_LEVEL': 'INFO',
 'NEWSPIDER_MODULE': 'bingo_scrapy.spiders',
 'SPIDER_MODULES': ['bingo_scrapy.spiders']}
2025-04-23 12:34:28 [scrapy.middleware] INFO: Enabled downloader middlewares:
['scrapy.downloadermiddlewares.offsite.OffsiteMiddleware',
 'scrapy.downloadermiddlewares.httpauth.HttpAuthMiddleware',
 'scrapy.downloadermiddlewares.downloadtimeout.DownloadTimeoutMiddleware',
 'scrapy.downloadermiddlewares.defaultheaders.DefaultHeadersMiddleware',
 'scrapy.downloadermiddlewares.useragent.UserAgentMiddleware',
 'scrapy.downloadermiddlewares.retry.RetryMiddleware',
 'scrapy.downloadermiddlewares.redirect.MetaRefreshMiddleware',
 'scrapy.downloadermiddlewares.httpcompression.HttpCompressionMiddleware',
 'scrapy.downloadermiddlewares.redirect.RedirectMiddleware',
 'scrapy.downloadermiddlewares.cookies.CookiesMiddleware',
 'scrapy.downloadermiddlewares.httpproxy.HttpProxyMiddleware',
 'scrapy.downloadermiddlewares.stats.DownloaderStats']
2025-04-23 12:34:28 [scrapy.middleware] INFO: Enabled spider middlewares:
['scrapy.spidermiddlewares.httperror.HttpErrorMiddleware',
 'scrapy.spidermiddlewares.referer.RefererMiddleware',
 'scrapy.spidermiddlewares.urllength.UrlLengthMiddleware',
 'scrapy.spidermiddlewares.depth.DepthMiddleware']
2025-04-23 12:34:28 [scrapy.middleware] INFO: Enabled item pipelines:
['bingo_scrapy.pipelines.CsvPipeline', 'bingo_scrapy.pipelines.DbPipeline']
2025-04-23 12:34:28 [scrapy.core.engine] INFO: Spider opened
2025-04-23 12:34:28 [root] INFO: Opening spider and establishing database connection.
2025-04-23 12:34:28 [root] INFO: DELETE_OLD_DATA: True
2025-04-23 12:34:28 [root] INFO: Table dropped.
2025-04-23 12:34:28 [root] INFO: Checking if table dbo.bingo exists.
2025-04-23 12:34:28 [root] INFO: Table dbo.bingo does not exist. Creating table.
2025-04-23 12:34:28 [root] INFO: Table dbo.bingo created successfully.
2025-04-23 12:34:28 [root] INFO: Database connection established and table checked/created.
2025-04-23 12:34:28 [scrapy.extensions.logstats] INFO: Crawled 0 pages (at 0 pages/min), scraped 0 items (at 0 items/min)
2025-04-23 12:34:28 [scrapy.extensions.telnet] INFO: Telnet console listening on 127.0.0.1:6023
2025-04-23 12:34:28 [root] INFO: crawl_date_1 type: <class 'str'>, value: 2025-04-23
2025-04-23 12:34:28 [root] INFO: crawl_date type: <class 'list'>, value: ['2024-01-02']
2025-04-23 12:34:28 [root] INFO: crawl_date_1 type: <class 'str'>, value: 2025-04-23
2025-04-23 12:34:28 [root] INFO: crawl_date type: <class 'list'>, value: ['2024-01-02']
2025-04-23 12:34:28 [root] INFO: Using CRAWL_DATE: 
2025-04-23 12:34:28 [scrapy.core.engine] INFO: Closing spider (finished)
2025-04-23 12:34:28 [root] INFO: Database connection closed.
2025-04-23 12:34:28 [scrapy.statscollectors] INFO: Dumping Scrapy stats:
{'elapsed_time_seconds': 0.004002,
 'finish_reason': 'finished',
 'finish_time': datetime.datetime(2025, 4, 23, 4, 34, 28, 749734, tzinfo=datetime.timezone.utc),
 'items_per_minute': None,
 'log_count/INFO': 23,
 'responses_per_minute': None,
 'start_time': datetime.datetime(2025, 4, 23, 4, 34, 28, 745732, tzinfo=datetime.timezone.utc)}
2025-04-23 12:34:28 [scrapy.core.engine] INFO: Spider closed (finished)
2025-04-23 12:37:59 [scrapy.utils.log] INFO: Scrapy 2.12.0 started (bot: bingo_scrapy)
2025-04-23 12:37:59 [scrapy.utils.log] INFO: Versions: lxml 5.3.1.0, libxml2 2.11.7, cssselect 1.3.0, parsel 1.10.0, w3lib 2.3.1, Twisted 24.11.0, Python 3.11.0 (main, Oct 24 2022, 18:26:48) [MSC v.1933 64 bit (AMD64)], pyOpenSSL 25.0.0 (OpenSSL 3.4.1 11 Feb 2025), cryptography 44.0.2, Platform Windows-10-10.0.19045-SP0
2025-04-23 12:37:59 [scrapy.addons] INFO: Enabled addons:
[]
2025-04-23 12:37:59 [scrapy.extensions.telnet] INFO: Telnet Password: d35e98a3ca70e917
2025-04-23 12:37:59 [scrapy.middleware] INFO: Enabled extensions:
['scrapy.extensions.corestats.CoreStats',
 'scrapy.extensions.telnet.TelnetConsole',
 'scrapy.extensions.logstats.LogStats']
2025-04-23 12:37:59 [scrapy.crawler] INFO: Overridden settings:
{'BOT_NAME': 'bingo_scrapy',
 'LOG_FILE': 'bingo_spider.log',
 'LOG_LEVEL': 'INFO',
 'NEWSPIDER_MODULE': 'bingo_scrapy.spiders',
 'SPIDER_MODULES': ['bingo_scrapy.spiders']}
2025-04-23 12:37:59 [scrapy.middleware] INFO: Enabled downloader middlewares:
['scrapy.downloadermiddlewares.offsite.OffsiteMiddleware',
 'scrapy.downloadermiddlewares.httpauth.HttpAuthMiddleware',
 'scrapy.downloadermiddlewares.downloadtimeout.DownloadTimeoutMiddleware',
 'scrapy.downloadermiddlewares.defaultheaders.DefaultHeadersMiddleware',
 'scrapy.downloadermiddlewares.useragent.UserAgentMiddleware',
 'scrapy.downloadermiddlewares.retry.RetryMiddleware',
 'scrapy.downloadermiddlewares.redirect.MetaRefreshMiddleware',
 'scrapy.downloadermiddlewares.httpcompression.HttpCompressionMiddleware',
 'scrapy.downloadermiddlewares.redirect.RedirectMiddleware',
 'scrapy.downloadermiddlewares.cookies.CookiesMiddleware',
 'scrapy.downloadermiddlewares.httpproxy.HttpProxyMiddleware',
 'scrapy.downloadermiddlewares.stats.DownloaderStats']
2025-04-23 12:37:59 [scrapy.middleware] INFO: Enabled spider middlewares:
['scrapy.spidermiddlewares.httperror.HttpErrorMiddleware',
 'scrapy.spidermiddlewares.referer.RefererMiddleware',
 'scrapy.spidermiddlewares.urllength.UrlLengthMiddleware',
 'scrapy.spidermiddlewares.depth.DepthMiddleware']
2025-04-23 12:37:59 [twisted] CRITICAL: Unhandled error in Deferred:
2025-04-23 12:37:59 [twisted] CRITICAL: 
Traceback (most recent call last):
  File "D:\codeForLang\tmp\venv\Lib\site-packages\twisted\internet\defer.py", line 2017, in _inlineCallbacks
    result = context.run(gen.send, result)
             ^^^^^^^^^^^^^^^^^^^^^^^^^^^^^
  File "D:\codeForLang\tmp\venv\Lib\site-packages\scrapy\crawler.py", line 152, in crawl
    self.engine = self._create_engine()
                  ^^^^^^^^^^^^^^^^^^^^^
  File "D:\codeForLang\tmp\venv\Lib\site-packages\scrapy\crawler.py", line 166, in _create_engine
    return ExecutionEngine(self, lambda _: self.stop())
           ^^^^^^^^^^^^^^^^^^^^^^^^^^^^^^^^^^^^^^^^^^^^
  File "D:\codeForLang\tmp\venv\Lib\site-packages\scrapy\core\engine.py", line 102, in __init__
    self.scraper: Scraper = Scraper(crawler)
                            ^^^^^^^^^^^^^^^^
  File "D:\codeForLang\tmp\venv\Lib\site-packages\scrapy\core\scraper.py", line 101, in __init__
    self.itemproc: ItemPipelineManager = itemproc_cls.from_crawler(crawler)
                                         ^^^^^^^^^^^^^^^^^^^^^^^^^^^^^^^^^^
  File "D:\codeForLang\tmp\venv\Lib\site-packages\scrapy\middleware.py", line 77, in from_crawler
    return cls._from_settings(crawler.settings, crawler)
           ^^^^^^^^^^^^^^^^^^^^^^^^^^^^^^^^^^^^^^^^^^^^^
  File "D:\codeForLang\tmp\venv\Lib\site-packages\scrapy\middleware.py", line 86, in _from_settings
    mwcls = load_object(clspath)
            ^^^^^^^^^^^^^^^^^^^^
  File "D:\codeForLang\tmp\venv\Lib\site-packages\scrapy\utils\misc.py", line 71, in load_object
    mod = import_module(module)
          ^^^^^^^^^^^^^^^^^^^^^
  File "C:\Python311\Lib\importlib\__init__.py", line 126, in import_module
    return _bootstrap._gcd_import(name[level:], package, level)
           ^^^^^^^^^^^^^^^^^^^^^^^^^^^^^^^^^^^^^^^^^^^^^^^^^^^^
  File "<frozen importlib._bootstrap>", line 1206, in _gcd_import
  File "<frozen importlib._bootstrap>", line 1178, in _find_and_load
  File "<frozen importlib._bootstrap>", line 1149, in _find_and_load_unlocked
  File "<frozen importlib._bootstrap>", line 690, in _load_unlocked
  File "<frozen importlib._bootstrap_external>", line 940, in exec_module
  File "<frozen importlib._bootstrap>", line 241, in _call_with_frames_removed
  File "D:\codeForLang\tmp\TWBingo_v2\bingo_scrapy\bingo_scrapy\pipelines.py", line 38, in <module>
    crawl_date = self.settings.get('CRAWL_DATE')
                 ^^^^
NameError: name 'self' is not defined
2025-04-23 12:39:40 [scrapy.utils.log] INFO: Scrapy 2.12.0 started (bot: bingo_scrapy)
2025-04-23 12:39:40 [scrapy.utils.log] INFO: Versions: lxml 5.3.1.0, libxml2 2.11.7, cssselect 1.3.0, parsel 1.10.0, w3lib 2.3.1, Twisted 24.11.0, Python 3.11.0 (main, Oct 24 2022, 18:26:48) [MSC v.1933 64 bit (AMD64)], pyOpenSSL 25.0.0 (OpenSSL 3.4.1 11 Feb 2025), cryptography 44.0.2, Platform Windows-10-10.0.19045-SP0
2025-04-23 12:39:40 [scrapy.addons] INFO: Enabled addons:
[]
2025-04-23 12:39:40 [scrapy.extensions.telnet] INFO: Telnet Password: 0a2bb6202a884aef
2025-04-23 12:39:40 [scrapy.middleware] INFO: Enabled extensions:
['scrapy.extensions.corestats.CoreStats',
 'scrapy.extensions.telnet.TelnetConsole',
 'scrapy.extensions.logstats.LogStats']
2025-04-23 12:39:40 [scrapy.crawler] INFO: Overridden settings:
{'BOT_NAME': 'bingo_scrapy',
 'LOG_FILE': 'bingo_spider.log',
 'LOG_LEVEL': 'INFO',
 'NEWSPIDER_MODULE': 'bingo_scrapy.spiders',
 'SPIDER_MODULES': ['bingo_scrapy.spiders']}
2025-04-23 12:39:40 [scrapy.middleware] INFO: Enabled downloader middlewares:
['scrapy.downloadermiddlewares.offsite.OffsiteMiddleware',
 'scrapy.downloadermiddlewares.httpauth.HttpAuthMiddleware',
 'scrapy.downloadermiddlewares.downloadtimeout.DownloadTimeoutMiddleware',
 'scrapy.downloadermiddlewares.defaultheaders.DefaultHeadersMiddleware',
 'scrapy.downloadermiddlewares.useragent.UserAgentMiddleware',
 'scrapy.downloadermiddlewares.retry.RetryMiddleware',
 'scrapy.downloadermiddlewares.redirect.MetaRefreshMiddleware',
 'scrapy.downloadermiddlewares.httpcompression.HttpCompressionMiddleware',
 'scrapy.downloadermiddlewares.redirect.RedirectMiddleware',
 'scrapy.downloadermiddlewares.cookies.CookiesMiddleware',
 'scrapy.downloadermiddlewares.httpproxy.HttpProxyMiddleware',
 'scrapy.downloadermiddlewares.stats.DownloaderStats']
2025-04-23 12:39:40 [scrapy.middleware] INFO: Enabled spider middlewares:
['scrapy.spidermiddlewares.httperror.HttpErrorMiddleware',
 'scrapy.spidermiddlewares.referer.RefererMiddleware',
 'scrapy.spidermiddlewares.urllength.UrlLengthMiddleware',
 'scrapy.spidermiddlewares.depth.DepthMiddleware']
2025-04-23 12:39:40 [twisted] CRITICAL: Unhandled error in Deferred:
2025-04-23 12:39:40 [twisted] CRITICAL: 
Traceback (most recent call last):
  File "D:\codeForLang\tmp\venv\Lib\site-packages\twisted\internet\defer.py", line 2017, in _inlineCallbacks
    result = context.run(gen.send, result)
             ^^^^^^^^^^^^^^^^^^^^^^^^^^^^^
  File "D:\codeForLang\tmp\venv\Lib\site-packages\scrapy\crawler.py", line 152, in crawl
    self.engine = self._create_engine()
                  ^^^^^^^^^^^^^^^^^^^^^
  File "D:\codeForLang\tmp\venv\Lib\site-packages\scrapy\crawler.py", line 166, in _create_engine
    return ExecutionEngine(self, lambda _: self.stop())
           ^^^^^^^^^^^^^^^^^^^^^^^^^^^^^^^^^^^^^^^^^^^^
  File "D:\codeForLang\tmp\venv\Lib\site-packages\scrapy\core\engine.py", line 102, in __init__
    self.scraper: Scraper = Scraper(crawler)
                            ^^^^^^^^^^^^^^^^
  File "D:\codeForLang\tmp\venv\Lib\site-packages\scrapy\core\scraper.py", line 101, in __init__
    self.itemproc: ItemPipelineManager = itemproc_cls.from_crawler(crawler)
                                         ^^^^^^^^^^^^^^^^^^^^^^^^^^^^^^^^^^
  File "D:\codeForLang\tmp\venv\Lib\site-packages\scrapy\middleware.py", line 77, in from_crawler
    return cls._from_settings(crawler.settings, crawler)
           ^^^^^^^^^^^^^^^^^^^^^^^^^^^^^^^^^^^^^^^^^^^^^
  File "D:\codeForLang\tmp\venv\Lib\site-packages\scrapy\middleware.py", line 86, in _from_settings
    mwcls = load_object(clspath)
            ^^^^^^^^^^^^^^^^^^^^
  File "D:\codeForLang\tmp\venv\Lib\site-packages\scrapy\utils\misc.py", line 71, in load_object
    mod = import_module(module)
          ^^^^^^^^^^^^^^^^^^^^^
  File "C:\Python311\Lib\importlib\__init__.py", line 126, in import_module
    return _bootstrap._gcd_import(name[level:], package, level)
           ^^^^^^^^^^^^^^^^^^^^^^^^^^^^^^^^^^^^^^^^^^^^^^^^^^^^
  File "<frozen importlib._bootstrap>", line 1206, in _gcd_import
  File "<frozen importlib._bootstrap>", line 1178, in _find_and_load
  File "<frozen importlib._bootstrap>", line 1149, in _find_and_load_unlocked
  File "<frozen importlib._bootstrap>", line 690, in _load_unlocked
  File "<frozen importlib._bootstrap_external>", line 940, in exec_module
  File "<frozen importlib._bootstrap>", line 241, in _call_with_frames_removed
  File "D:\codeForLang\tmp\TWBingo_v2\bingo_scrapy\bingo_scrapy\pipelines.py", line 38, in <module>
    crawl_date = self.settings.get('CRAWL_DATE')
                 ^^^^
NameError: name 'self' is not defined
2025-04-23 12:40:02 [scrapy.utils.log] INFO: Scrapy 2.12.0 started (bot: bingo_scrapy)
2025-04-23 12:40:02 [scrapy.utils.log] INFO: Versions: lxml 5.3.1.0, libxml2 2.11.7, cssselect 1.3.0, parsel 1.10.0, w3lib 2.3.1, Twisted 24.11.0, Python 3.11.0 (main, Oct 24 2022, 18:26:48) [MSC v.1933 64 bit (AMD64)], pyOpenSSL 25.0.0 (OpenSSL 3.4.1 11 Feb 2025), cryptography 44.0.2, Platform Windows-10-10.0.19045-SP0
2025-04-23 12:40:02 [scrapy.addons] INFO: Enabled addons:
[]
2025-04-23 12:40:02 [scrapy.extensions.telnet] INFO: Telnet Password: 0e9c99349b707f33
2025-04-23 12:40:02 [scrapy.middleware] INFO: Enabled extensions:
['scrapy.extensions.corestats.CoreStats',
 'scrapy.extensions.telnet.TelnetConsole',
 'scrapy.extensions.logstats.LogStats']
2025-04-23 12:40:02 [scrapy.crawler] INFO: Overridden settings:
{'BOT_NAME': 'bingo_scrapy',
 'LOG_FILE': 'bingo_spider.log',
 'LOG_LEVEL': 'INFO',
 'NEWSPIDER_MODULE': 'bingo_scrapy.spiders',
 'SPIDER_MODULES': ['bingo_scrapy.spiders']}
2025-04-23 12:40:02 [scrapy.middleware] INFO: Enabled downloader middlewares:
['scrapy.downloadermiddlewares.offsite.OffsiteMiddleware',
 'scrapy.downloadermiddlewares.httpauth.HttpAuthMiddleware',
 'scrapy.downloadermiddlewares.downloadtimeout.DownloadTimeoutMiddleware',
 'scrapy.downloadermiddlewares.defaultheaders.DefaultHeadersMiddleware',
 'scrapy.downloadermiddlewares.useragent.UserAgentMiddleware',
 'scrapy.downloadermiddlewares.retry.RetryMiddleware',
 'scrapy.downloadermiddlewares.redirect.MetaRefreshMiddleware',
 'scrapy.downloadermiddlewares.httpcompression.HttpCompressionMiddleware',
 'scrapy.downloadermiddlewares.redirect.RedirectMiddleware',
 'scrapy.downloadermiddlewares.cookies.CookiesMiddleware',
 'scrapy.downloadermiddlewares.httpproxy.HttpProxyMiddleware',
 'scrapy.downloadermiddlewares.stats.DownloaderStats']
2025-04-23 12:40:02 [scrapy.middleware] INFO: Enabled spider middlewares:
['scrapy.spidermiddlewares.httperror.HttpErrorMiddleware',
 'scrapy.spidermiddlewares.referer.RefererMiddleware',
 'scrapy.spidermiddlewares.urllength.UrlLengthMiddleware',
 'scrapy.spidermiddlewares.depth.DepthMiddleware']
2025-04-23 12:40:02 [scrapy.middleware] INFO: Enabled item pipelines:
['bingo_scrapy.pipelines.CsvPipeline', 'bingo_scrapy.pipelines.DbPipeline']
2025-04-23 12:40:02 [scrapy.core.engine] INFO: Spider opened
2025-04-23 12:40:02 [root] INFO: Opening spider and establishing database connection.
2025-04-23 12:40:02 [root] INFO: DELETE_OLD_DATA: True
2025-04-23 12:40:02 [root] INFO: Table dropped.
2025-04-23 12:40:02 [root] INFO: Checking if table dbo.bingo exists.
2025-04-23 12:40:02 [root] INFO: Table dbo.bingo does not exist. Creating table.
2025-04-23 12:40:02 [root] INFO: Table dbo.bingo created successfully.
2025-04-23 12:40:02 [root] INFO: Database connection established and table checked/created.
2025-04-23 12:40:02 [scrapy.extensions.logstats] INFO: Crawled 0 pages (at 0 pages/min), scraped 0 items (at 0 items/min)
2025-04-23 12:40:02 [scrapy.extensions.telnet] INFO: Telnet console listening on 127.0.0.1:6023
2025-04-23 12:40:02 [root] INFO: Using CRAWL_DATE: ['2025-04-23']
2025-04-23 12:40:02 [root] INFO: 爬取日期: 2025-04-23
2025-04-23 12:40:02 [root] INFO: Processing page: https://api.taiwanlottery.com/TLCAPIWeB/Lottery/BingoResult?openDate=2025-04-23&pageNum=1&pageSize=1
2025-04-23 12:40:02 [root] INFO: Finished processing page: https://api.taiwanlottery.com/TLCAPIWeB/Lottery/BingoResult?openDate=2025-04-23&pageNum=7&pageSize=10
2025-04-23 12:40:03 [root] INFO: Item processed and committed to database.
2025-04-23 12:40:03 [root] INFO: Database connection closed after processing item.
2025-04-23 12:40:03 [scrapy.core.engine] INFO: Closing spider (finished)
2025-04-23 12:40:03 [root] INFO: Database connection closed.
2025-04-23 12:40:03 [scrapy.statscollectors] INFO: Dumping Scrapy stats:
{'downloader/request_bytes': 292,
 'downloader/request_count': 1,
 'downloader/request_method_count/GET': 1,
 'downloader/response_bytes': 1114,
 'downloader/response_count': 1,
 'downloader/response_status_count/200': 1,
 'elapsed_time_seconds': 0.321729,
 'finish_reason': 'finished',
 'finish_time': datetime.datetime(2025, 4, 23, 4, 40, 3, 22730, tzinfo=datetime.timezone.utc),
 'httpcompression/response_bytes': 1896,
 'httpcompression/response_count': 1,
 'item_scraped_count': 1,
 'items_per_minute': None,
 'log_count/INFO': 24,
 'response_received_count': 1,
 'responses_per_minute': None,
 'scheduler/dequeued': 1,
 'scheduler/dequeued/memory': 1,
 'scheduler/enqueued': 1,
 'scheduler/enqueued/memory': 1,
 'start_time': datetime.datetime(2025, 4, 23, 4, 40, 2, 701001, tzinfo=datetime.timezone.utc)}
2025-04-23 12:40:03 [scrapy.core.engine] INFO: Spider closed (finished)
2025-04-25 11:01:25 [scrapy.utils.log] INFO: Scrapy 2.12.0 started (bot: bingo_scrapy)
2025-04-25 11:01:25 [scrapy.utils.log] INFO: Versions: lxml 5.3.1.0, libxml2 2.11.7, cssselect 1.3.0, parsel 1.10.0, w3lib 2.3.1, Twisted 24.11.0, Python 3.11.0 (main, Oct 24 2022, 18:26:48) [MSC v.1933 64 bit (AMD64)], pyOpenSSL 25.0.0 (OpenSSL 3.4.1 11 Feb 2025), cryptography 44.0.2, Platform Windows-10-10.0.19045-SP0
2025-04-25 11:01:25 [scrapy.addons] INFO: Enabled addons:
[]
2025-04-25 11:01:25 [scrapy.extensions.telnet] INFO: Telnet Password: 81c7d820c0134180
2025-04-25 11:01:25 [scrapy.middleware] INFO: Enabled extensions:
['scrapy.extensions.corestats.CoreStats',
 'scrapy.extensions.telnet.TelnetConsole',
 'scrapy.extensions.logstats.LogStats']
2025-04-25 11:01:25 [scrapy.crawler] INFO: Overridden settings:
{'BOT_NAME': 'bingo_scrapy',
 'LOG_FILE': 'bingo_spider.log',
 'LOG_LEVEL': 'INFO',
 'NEWSPIDER_MODULE': 'bingo_scrapy.spiders',
 'SPIDER_MODULES': ['bingo_scrapy.spiders']}
2025-04-25 11:01:25 [scrapy.middleware] INFO: Enabled downloader middlewares:
['scrapy.downloadermiddlewares.offsite.OffsiteMiddleware',
 'scrapy.downloadermiddlewares.httpauth.HttpAuthMiddleware',
 'scrapy.downloadermiddlewares.downloadtimeout.DownloadTimeoutMiddleware',
 'scrapy.downloadermiddlewares.defaultheaders.DefaultHeadersMiddleware',
 'scrapy.downloadermiddlewares.useragent.UserAgentMiddleware',
 'scrapy.downloadermiddlewares.retry.RetryMiddleware',
 'scrapy.downloadermiddlewares.redirect.MetaRefreshMiddleware',
 'scrapy.downloadermiddlewares.httpcompression.HttpCompressionMiddleware',
 'scrapy.downloadermiddlewares.redirect.RedirectMiddleware',
 'scrapy.downloadermiddlewares.cookies.CookiesMiddleware',
 'scrapy.downloadermiddlewares.httpproxy.HttpProxyMiddleware',
 'scrapy.downloadermiddlewares.stats.DownloaderStats']
2025-04-25 11:01:25 [scrapy.middleware] INFO: Enabled spider middlewares:
['scrapy.spidermiddlewares.httperror.HttpErrorMiddleware',
 'scrapy.spidermiddlewares.referer.RefererMiddleware',
 'scrapy.spidermiddlewares.urllength.UrlLengthMiddleware',
 'scrapy.spidermiddlewares.depth.DepthMiddleware']
2025-04-25 11:01:25 [scrapy.middleware] INFO: Enabled item pipelines:
['bingo_scrapy.pipelines.CsvPipeline', 'bingo_scrapy.pipelines.DbPipeline']
2025-04-25 11:01:25 [scrapy.core.engine] INFO: Spider opened
2025-04-25 11:01:25 [root] INFO: Opening spider and establishing database connection.
2025-04-25 11:01:25 [root] INFO: DELETE_OLD_DATA: True
2025-04-25 11:01:25 [root] INFO: Table dropped.
2025-04-25 11:01:25 [root] INFO: Checking if table dbo.bingo exists.
2025-04-25 11:01:25 [root] INFO: Table dbo.bingo does not exist. Creating table.
2025-04-25 11:01:25 [root] INFO: Table dbo.bingo created successfully.
2025-04-25 11:01:25 [root] INFO: Database connection established and table checked/created.
2025-04-25 11:01:25 [scrapy.extensions.logstats] INFO: Crawled 0 pages (at 0 pages/min), scraped 0 items (at 0 items/min)
2025-04-25 11:01:25 [scrapy.extensions.telnet] INFO: Telnet console listening on 127.0.0.1:6023
2025-04-25 11:01:25 [root] INFO: Using CRAWL_DATE: ['2025-04-25']
2025-04-25 11:01:25 [root] INFO: 爬取日期: 2025-04-25
2025-04-25 11:01:25 [root] INFO: Processing page: https://api.taiwanlottery.com/TLCAPIWeB/Lottery/BingoResult?openDate=2025-04-25&pageNum=1&pageSize=1
2025-04-25 11:01:25 [root] ERROR: Error in parse: 'Response' object has no attribute 'meta'
2025-04-25 11:01:25 [scrapy.core.engine] INFO: Closing spider (finished)
2025-04-25 11:01:25 [root] INFO: Database connection closed.
2025-04-25 11:01:25 [scrapy.statscollectors] INFO: Dumping Scrapy stats:
{'downloader/request_bytes': 292,
 'downloader/request_count': 1,
 'downloader/request_method_count/GET': 1,
 'downloader/response_bytes': 1141,
 'downloader/response_count': 1,
 'downloader/response_status_count/200': 1,
 'elapsed_time_seconds': 0.176003,
 'finish_reason': 'finished',
 'finish_time': datetime.datetime(2025, 4, 25, 3, 1, 25, 891234, tzinfo=datetime.timezone.utc),
 'httpcompression/response_bytes': 1900,
 'httpcompression/response_count': 1,
 'items_per_minute': None,
 'log_count/ERROR': 1,
 'log_count/INFO': 21,
 'response_received_count': 1,
 'responses_per_minute': None,
 'scheduler/dequeued': 1,
 'scheduler/dequeued/memory': 1,
 'scheduler/enqueued': 1,
 'scheduler/enqueued/memory': 1,
 'start_time': datetime.datetime(2025, 4, 25, 3, 1, 25, 715231, tzinfo=datetime.timezone.utc)}
2025-04-25 11:01:25 [scrapy.core.engine] INFO: Spider closed (finished)
2025-04-25 11:02:16 [scrapy.utils.log] INFO: Scrapy 2.12.0 started (bot: bingo_scrapy)
2025-04-25 11:02:16 [scrapy.utils.log] INFO: Versions: lxml 5.3.1.0, libxml2 2.11.7, cssselect 1.3.0, parsel 1.10.0, w3lib 2.3.1, Twisted 24.11.0, Python 3.11.0 (main, Oct 24 2022, 18:26:48) [MSC v.1933 64 bit (AMD64)], pyOpenSSL 25.0.0 (OpenSSL 3.4.1 11 Feb 2025), cryptography 44.0.2, Platform Windows-10-10.0.19045-SP0
2025-04-25 11:02:16 [scrapy.addons] INFO: Enabled addons:
[]
2025-04-25 11:02:16 [scrapy.extensions.telnet] INFO: Telnet Password: 85c94693f94254a0
2025-04-25 11:02:16 [scrapy.middleware] INFO: Enabled extensions:
['scrapy.extensions.corestats.CoreStats',
 'scrapy.extensions.telnet.TelnetConsole',
 'scrapy.extensions.logstats.LogStats']
2025-04-25 11:02:16 [scrapy.crawler] INFO: Overridden settings:
{'BOT_NAME': 'bingo_scrapy',
 'LOG_FILE': 'bingo_spider.log',
 'LOG_LEVEL': 'INFO',
 'NEWSPIDER_MODULE': 'bingo_scrapy.spiders',
 'SPIDER_MODULES': ['bingo_scrapy.spiders']}
2025-04-25 11:02:16 [scrapy.middleware] INFO: Enabled downloader middlewares:
['scrapy.downloadermiddlewares.offsite.OffsiteMiddleware',
 'scrapy.downloadermiddlewares.httpauth.HttpAuthMiddleware',
 'scrapy.downloadermiddlewares.downloadtimeout.DownloadTimeoutMiddleware',
 'scrapy.downloadermiddlewares.defaultheaders.DefaultHeadersMiddleware',
 'scrapy.downloadermiddlewares.useragent.UserAgentMiddleware',
 'scrapy.downloadermiddlewares.retry.RetryMiddleware',
 'scrapy.downloadermiddlewares.redirect.MetaRefreshMiddleware',
 'scrapy.downloadermiddlewares.httpcompression.HttpCompressionMiddleware',
 'scrapy.downloadermiddlewares.redirect.RedirectMiddleware',
 'scrapy.downloadermiddlewares.cookies.CookiesMiddleware',
 'scrapy.downloadermiddlewares.httpproxy.HttpProxyMiddleware',
 'scrapy.downloadermiddlewares.stats.DownloaderStats']
2025-04-25 11:02:16 [scrapy.middleware] INFO: Enabled spider middlewares:
['scrapy.spidermiddlewares.httperror.HttpErrorMiddleware',
 'scrapy.spidermiddlewares.referer.RefererMiddleware',
 'scrapy.spidermiddlewares.urllength.UrlLengthMiddleware',
 'scrapy.spidermiddlewares.depth.DepthMiddleware']
2025-04-25 11:02:16 [scrapy.middleware] INFO: Enabled item pipelines:
['bingo_scrapy.pipelines.CsvPipeline', 'bingo_scrapy.pipelines.DbPipeline']
2025-04-25 11:02:16 [scrapy.core.engine] INFO: Spider opened
2025-04-25 11:02:16 [root] INFO: Opening spider and establishing database connection.
2025-04-25 11:02:16 [root] INFO: DELETE_OLD_DATA: True
2025-04-25 11:02:16 [root] INFO: Table dropped.
2025-04-25 11:02:16 [root] INFO: Checking if table dbo.bingo exists.
2025-04-25 11:02:16 [root] INFO: Table dbo.bingo does not exist. Creating table.
2025-04-25 11:02:16 [root] INFO: Table dbo.bingo created successfully.
2025-04-25 11:02:16 [root] INFO: Database connection established and table checked/created.
2025-04-25 11:02:16 [scrapy.extensions.logstats] INFO: Crawled 0 pages (at 0 pages/min), scraped 0 items (at 0 items/min)
2025-04-25 11:02:16 [scrapy.extensions.telnet] INFO: Telnet console listening on 127.0.0.1:6023
2025-04-25 11:02:16 [root] INFO: 2024-01-01
2025-04-25 11:02:16 [root] INFO: 2024-01-02 00:00:00
2025-04-25 11:02:16 [root] INFO: Start date: 2024-01-02 00:00:00, End date: 2024-01-03 00:00:00
2025-04-25 11:02:16 [root] INFO: Using START_DATE and END_DATE: ['2024-01-02', '2024-01-03']
2025-04-25 11:02:16 [root] INFO: 爬取日期: 2024-01-02
2025-04-25 11:02:16 [root] INFO: 爬取日期: 2024-01-03
2025-04-25 11:02:16 [root] INFO: Processing page: https://api.taiwanlottery.com/TLCAPIWeB/Lottery/BingoResult?openDate=2024-01-02&pageNum=1&pageSize=1
2025-04-25 11:02:16 [root] ERROR: Error in parse: 'Response' object has no attribute 'meta'
2025-04-25 11:02:16 [root] INFO: Processing page: https://api.taiwanlottery.com/TLCAPIWeB/Lottery/BingoResult?openDate=2024-01-03&pageNum=1&pageSize=1
2025-04-25 11:02:16 [root] ERROR: Error in parse: 'Response' object has no attribute 'meta'
2025-04-25 11:02:16 [scrapy.core.engine] INFO: Closing spider (finished)
2025-04-25 11:02:16 [root] INFO: Database connection closed.
2025-04-25 11:02:16 [scrapy.statscollectors] INFO: Dumping Scrapy stats:
{'downloader/request_bytes': 584,
 'downloader/request_count': 2,
 'downloader/request_method_count/GET': 2,
 'downloader/response_bytes': 1943,
 'downloader/response_count': 2,
 'downloader/response_status_count/200': 2,
 'elapsed_time_seconds': 0.31953,
 'finish_reason': 'finished',
 'finish_time': datetime.datetime(2025, 4, 25, 3, 2, 16, 932113, tzinfo=datetime.timezone.utc),
 'httpcompression/response_bytes': 1404,
 'httpcompression/response_count': 2,
 'items_per_minute': None,
 'log_count/ERROR': 2,
 'log_count/INFO': 26,
 'response_received_count': 2,
 'responses_per_minute': None,
 'scheduler/dequeued': 2,
 'scheduler/dequeued/memory': 2,
 'scheduler/enqueued': 2,
 'scheduler/enqueued/memory': 2,
 'start_time': datetime.datetime(2025, 4, 25, 3, 2, 16, 612583, tzinfo=datetime.timezone.utc)}
2025-04-25 11:02:16 [scrapy.core.engine] INFO: Spider closed (finished)
2025-04-25 11:03:10 [scrapy.utils.log] INFO: Scrapy 2.12.0 started (bot: bingo_scrapy)
2025-04-25 11:03:10 [scrapy.utils.log] INFO: Versions: lxml 5.3.1.0, libxml2 2.11.7, cssselect 1.3.0, parsel 1.10.0, w3lib 2.3.1, Twisted 24.11.0, Python 3.11.0 (main, Oct 24 2022, 18:26:48) [MSC v.1933 64 bit (AMD64)], pyOpenSSL 25.0.0 (OpenSSL 3.4.1 11 Feb 2025), cryptography 44.0.2, Platform Windows-10-10.0.19045-SP0
2025-04-25 11:03:10 [scrapy.addons] INFO: Enabled addons:
[]
2025-04-25 11:03:10 [scrapy.extensions.telnet] INFO: Telnet Password: 442487e26eb70f40
2025-04-25 11:03:10 [scrapy.middleware] INFO: Enabled extensions:
['scrapy.extensions.corestats.CoreStats',
 'scrapy.extensions.telnet.TelnetConsole',
 'scrapy.extensions.logstats.LogStats']
2025-04-25 11:03:10 [scrapy.crawler] INFO: Overridden settings:
{'BOT_NAME': 'bingo_scrapy',
 'LOG_FILE': 'bingo_spider.log',
 'LOG_LEVEL': 'INFO',
 'NEWSPIDER_MODULE': 'bingo_scrapy.spiders',
 'SPIDER_MODULES': ['bingo_scrapy.spiders']}
2025-04-25 11:03:10 [scrapy.middleware] INFO: Enabled downloader middlewares:
['scrapy.downloadermiddlewares.offsite.OffsiteMiddleware',
 'scrapy.downloadermiddlewares.httpauth.HttpAuthMiddleware',
 'scrapy.downloadermiddlewares.downloadtimeout.DownloadTimeoutMiddleware',
 'scrapy.downloadermiddlewares.defaultheaders.DefaultHeadersMiddleware',
 'scrapy.downloadermiddlewares.useragent.UserAgentMiddleware',
 'scrapy.downloadermiddlewares.retry.RetryMiddleware',
 'scrapy.downloadermiddlewares.redirect.MetaRefreshMiddleware',
 'scrapy.downloadermiddlewares.httpcompression.HttpCompressionMiddleware',
 'scrapy.downloadermiddlewares.redirect.RedirectMiddleware',
 'scrapy.downloadermiddlewares.cookies.CookiesMiddleware',
 'scrapy.downloadermiddlewares.httpproxy.HttpProxyMiddleware',
 'scrapy.downloadermiddlewares.stats.DownloaderStats']
2025-04-25 11:03:10 [scrapy.middleware] INFO: Enabled spider middlewares:
['scrapy.spidermiddlewares.httperror.HttpErrorMiddleware',
 'scrapy.spidermiddlewares.referer.RefererMiddleware',
 'scrapy.spidermiddlewares.urllength.UrlLengthMiddleware',
 'scrapy.spidermiddlewares.depth.DepthMiddleware']
2025-04-25 11:03:10 [scrapy.middleware] INFO: Enabled item pipelines:
['bingo_scrapy.pipelines.CsvPipeline', 'bingo_scrapy.pipelines.DbPipeline']
2025-04-25 11:03:10 [scrapy.core.engine] INFO: Spider opened
2025-04-25 11:03:10 [root] INFO: Opening spider and establishing database connection.
2025-04-25 11:03:10 [root] INFO: DELETE_OLD_DATA: True
2025-04-25 11:03:10 [root] INFO: Table dropped.
2025-04-25 11:03:10 [root] INFO: Checking if table dbo.bingo exists.
2025-04-25 11:03:10 [root] INFO: Table dbo.bingo does not exist. Creating table.
2025-04-25 11:03:10 [root] INFO: Table dbo.bingo created successfully.
2025-04-25 11:03:10 [root] INFO: Database connection established and table checked/created.
2025-04-25 11:03:10 [scrapy.extensions.logstats] INFO: Crawled 0 pages (at 0 pages/min), scraped 0 items (at 0 items/min)
2025-04-25 11:03:10 [scrapy.extensions.telnet] INFO: Telnet console listening on 127.0.0.1:6023
2025-04-25 11:03:10 [root] INFO: 2024-01-01
2025-04-25 11:03:10 [root] INFO: 2024-01-02 00:00:00
2025-04-25 11:03:10 [root] INFO: Start date: 2024-01-02 00:00:00, End date: 2024-01-03 00:00:00
2025-04-25 11:03:10 [root] INFO: Using START_DATE and END_DATE: ['2024-01-02', '2024-01-03']
2025-04-25 11:03:10 [root] INFO: 爬取日期: 2024-01-02
2025-04-25 11:03:10 [root] INFO: 爬取日期: 2024-01-03
2025-04-25 11:03:11 [root] INFO: Processing page: https://api.taiwanlottery.com/TLCAPIWeB/Lottery/BingoResult?openDate=2024-01-03&pageNum=1&pageSize=1
2025-04-25 11:03:11 [root] INFO: Finished processing page: https://api.taiwanlottery.com/TLCAPIWeB/Lottery/BingoResult?openDate=2024-01-03&pageNum=21&pageSize=10
2025-04-25 11:03:11 [root] INFO: Item processed and committed to database.
2025-04-25 11:03:11 [root] INFO: Database connection closed after processing item.
2025-04-25 11:03:12 [root] INFO: Processing page: https://api.taiwanlottery.com/TLCAPIWeB/Lottery/BingoResult?openDate=2024-01-02&pageNum=1&pageSize=1
2025-04-25 11:03:12 [root] INFO: Finished processing page: https://api.taiwanlottery.com/TLCAPIWeB/Lottery/BingoResult?openDate=2024-01-02&pageNum=21&pageSize=10
2025-04-25 11:03:12 [root] INFO: Item processed and committed to database.
2025-04-25 11:03:12 [root] INFO: Database connection closed after processing item.
2025-04-25 11:03:12 [scrapy.core.engine] INFO: Closing spider (finished)
2025-04-25 11:03:12 [root] INFO: Database connection closed.
2025-04-25 11:03:12 [scrapy.statscollectors] INFO: Dumping Scrapy stats:
{'downloader/request_bytes': 584,
 'downloader/request_count': 2,
 'downloader/request_method_count/GET': 2,
 'downloader/response_bytes': 1952,
 'downloader/response_count': 2,
 'downloader/response_status_count/200': 2,
 'elapsed_time_seconds': 1.861317,
 'finish_reason': 'finished',
 'finish_time': datetime.datetime(2025, 4, 25, 3, 3, 12, 768527, tzinfo=datetime.timezone.utc),
 'httpcompression/response_bytes': 1404,
 'httpcompression/response_count': 2,
 'item_scraped_count': 2,
 'items_per_minute': None,
 'log_count/INFO': 32,
 'response_received_count': 2,
 'responses_per_minute': None,
 'scheduler/dequeued': 2,
 'scheduler/dequeued/memory': 2,
 'scheduler/enqueued': 2,
 'scheduler/enqueued/memory': 2,
 'start_time': datetime.datetime(2025, 4, 25, 3, 3, 10, 907210, tzinfo=datetime.timezone.utc)}
2025-04-25 11:03:12 [scrapy.core.engine] INFO: Spider closed (finished)
2025-04-25 11:06:00 [scrapy.utils.log] INFO: Scrapy 2.12.0 started (bot: bingo_scrapy)
2025-04-25 11:06:00 [scrapy.utils.log] INFO: Versions: lxml 5.3.1.0, libxml2 2.11.7, cssselect 1.3.0, parsel 1.10.0, w3lib 2.3.1, Twisted 24.11.0, Python 3.11.0 (main, Oct 24 2022, 18:26:48) [MSC v.1933 64 bit (AMD64)], pyOpenSSL 25.0.0 (OpenSSL 3.4.1 11 Feb 2025), cryptography 44.0.2, Platform Windows-10-10.0.19045-SP0
2025-04-25 11:06:00 [scrapy.addons] INFO: Enabled addons:
[]
2025-04-25 11:06:00 [scrapy.extensions.telnet] INFO: Telnet Password: e4a4538eb94543e9
2025-04-25 11:06:00 [scrapy.middleware] INFO: Enabled extensions:
['scrapy.extensions.corestats.CoreStats',
 'scrapy.extensions.telnet.TelnetConsole',
 'scrapy.extensions.logstats.LogStats']
2025-04-25 11:06:00 [scrapy.crawler] INFO: Overridden settings:
{'BOT_NAME': 'bingo_scrapy',
 'LOG_FILE': 'bingo_spider.log',
 'LOG_LEVEL': 'INFO',
 'NEWSPIDER_MODULE': 'bingo_scrapy.spiders',
 'SPIDER_MODULES': ['bingo_scrapy.spiders']}
2025-04-25 11:06:00 [scrapy.middleware] INFO: Enabled downloader middlewares:
['scrapy.downloadermiddlewares.offsite.OffsiteMiddleware',
 'scrapy.downloadermiddlewares.httpauth.HttpAuthMiddleware',
 'scrapy.downloadermiddlewares.downloadtimeout.DownloadTimeoutMiddleware',
 'scrapy.downloadermiddlewares.defaultheaders.DefaultHeadersMiddleware',
 'scrapy.downloadermiddlewares.useragent.UserAgentMiddleware',
 'scrapy.downloadermiddlewares.retry.RetryMiddleware',
 'scrapy.downloadermiddlewares.redirect.MetaRefreshMiddleware',
 'scrapy.downloadermiddlewares.httpcompression.HttpCompressionMiddleware',
 'scrapy.downloadermiddlewares.redirect.RedirectMiddleware',
 'scrapy.downloadermiddlewares.cookies.CookiesMiddleware',
 'scrapy.downloadermiddlewares.httpproxy.HttpProxyMiddleware',
 'scrapy.downloadermiddlewares.stats.DownloaderStats']
2025-04-25 11:06:00 [scrapy.middleware] INFO: Enabled spider middlewares:
['scrapy.spidermiddlewares.httperror.HttpErrorMiddleware',
 'scrapy.spidermiddlewares.referer.RefererMiddleware',
 'scrapy.spidermiddlewares.urllength.UrlLengthMiddleware',
 'scrapy.spidermiddlewares.depth.DepthMiddleware']
2025-04-25 11:06:00 [scrapy.middleware] INFO: Enabled item pipelines:
['bingo_scrapy.pipelines.CsvPipeline', 'bingo_scrapy.pipelines.DbPipeline']
2025-04-25 11:06:00 [scrapy.core.engine] INFO: Spider opened
2025-04-25 11:06:00 [root] INFO: Opening spider and establishing database connection.
2025-04-25 11:06:00 [root] INFO: DELETE_OLD_DATA: True
2025-04-25 11:06:00 [root] INFO: Table dropped.
2025-04-25 11:06:00 [root] INFO: Checking if table dbo.bingo exists.
2025-04-25 11:06:00 [root] INFO: Table dbo.bingo does not exist. Creating table.
2025-04-25 11:06:00 [root] INFO: Table dbo.bingo created successfully.
2025-04-25 11:06:00 [root] INFO: Database connection established and table checked/created.
2025-04-25 11:06:00 [scrapy.extensions.logstats] INFO: Crawled 0 pages (at 0 pages/min), scraped 0 items (at 0 items/min)
2025-04-25 11:06:00 [scrapy.extensions.telnet] INFO: Telnet console listening on 127.0.0.1:6023
2025-04-25 11:06:00 [root] INFO: 2024-01-01
2025-04-25 11:06:00 [root] INFO: 2024-01-02 00:00:00
2025-04-25 11:06:00 [root] INFO: Start date: 2024-01-02 00:00:00, End date: 2024-01-03 00:00:00
2025-04-25 11:06:00 [root] INFO: Using START_DATE and END_DATE: ['2024-01-02', '2024-01-03']
2025-04-25 11:06:00 [root] INFO: 爬取日期: 2024-01-02
2025-04-25 11:06:00 [root] INFO: 爬取日期: 2024-01-03
2025-04-25 11:06:00 [root] INFO: Processing page: https://api.taiwanlottery.com/TLCAPIWeB/Lottery/BingoResult?openDate=2024-01-02&pageNum=1&pageSize=1
2025-04-25 11:06:01 [root] INFO: Finished processing page: https://api.taiwanlottery.com/TLCAPIWeB/Lottery/BingoResult?openDate=2024-01-02&pageNum=21&pageSize=10
2025-04-25 11:06:01 [root] INFO: Item processed and committed to database.
2025-04-25 11:06:01 [root] INFO: Database connection closed after processing item.
2025-04-25 11:06:01 [root] INFO: Processing page: https://api.taiwanlottery.com/TLCAPIWeB/Lottery/BingoResult?openDate=2024-01-03&pageNum=1&pageSize=1
2025-04-25 11:06:02 [root] INFO: Finished processing page: https://api.taiwanlottery.com/TLCAPIWeB/Lottery/BingoResult?openDate=2024-01-03&pageNum=21&pageSize=10
2025-04-25 11:06:02 [root] INFO: Item processed and committed to database.
2025-04-25 11:06:02 [root] INFO: Database connection closed after processing item.
2025-04-25 11:06:02 [scrapy.core.engine] INFO: Closing spider (finished)
2025-04-25 11:06:02 [root] INFO: Database connection closed.
2025-04-25 11:06:02 [scrapy.statscollectors] INFO: Dumping Scrapy stats:
{'downloader/request_bytes': 584,
 'downloader/request_count': 2,
 'downloader/request_method_count/GET': 2,
 'downloader/response_bytes': 1952,
 'downloader/response_count': 2,
 'downloader/response_status_count/200': 2,
 'elapsed_time_seconds': 1.7488,
 'finish_reason': 'finished',
 'finish_time': datetime.datetime(2025, 4, 25, 3, 6, 2, 171624, tzinfo=datetime.timezone.utc),
 'httpcompression/response_bytes': 1404,
 'httpcompression/response_count': 2,
 'item_scraped_count': 2,
 'items_per_minute': None,
 'log_count/INFO': 32,
 'response_received_count': 2,
 'responses_per_minute': None,
 'scheduler/dequeued': 2,
 'scheduler/dequeued/memory': 2,
 'scheduler/enqueued': 2,
 'scheduler/enqueued/memory': 2,
 'start_time': datetime.datetime(2025, 4, 25, 3, 6, 0, 422824, tzinfo=datetime.timezone.utc)}
2025-04-25 11:06:02 [scrapy.core.engine] INFO: Spider closed (finished)
