2025-04-25 11:07:51 [scrapy.utils.log] INFO: Scrapy 2.12.0 started (bot: bingo_scrapy)
2025-04-25 11:07:51 [scrapy.utils.log] INFO: Versions: lxml 5.3.1.0, libxml2 2.11.7, cssselect 1.3.0, parsel 1.10.0, w3lib 2.3.1, Twisted 24.11.0, Python 3.11.0 (main, Oct 24 2022, 18:26:48) [MSC v.1933 64 bit (AMD64)], pyOpenSSL 25.0.0 (OpenSSL 3.4.1 11 Feb 2025), cryptography 44.0.2, Platform Windows-10-10.0.19045-SP0
2025-04-25 11:07:51 [scrapy.addons] INFO: Enabled addons:
[]
2025-04-25 11:07:51 [scrapy.extensions.telnet] INFO: Telnet Password: 248272e36e5ad08f
2025-04-25 11:07:51 [scrapy.middleware] INFO: Enabled extensions:
['scrapy.extensions.corestats.CoreStats',
 'scrapy.extensions.telnet.TelnetConsole',
 'scrapy.extensions.logstats.LogStats']
2025-04-25 11:07:51 [scrapy.crawler] INFO: Overridden settings:
{'BOT_NAME': 'bingo_scrapy',
 'LOG_FILE': 'bingo_spider.log',
 'LOG_LEVEL': 'INFO',
 'NEWSPIDER_MODULE': 'bingo_scrapy.spiders',
 'SPIDER_MODULES': ['bingo_scrapy.spiders']}
2025-04-25 11:07:51 [scrapy.middleware] INFO: Enabled downloader middlewares:
['scrapy.downloadermiddlewares.offsite.OffsiteMiddleware',
 'scrapy.downloadermiddlewares.httpauth.HttpAuthMiddleware',
 'scrapy.downloadermiddlewares.downloadtimeout.DownloadTimeoutMiddleware',
 'scrapy.downloadermiddlewares.defaultheaders.DefaultHeadersMiddleware',
 'scrapy.downloadermiddlewares.useragent.UserAgentMiddleware',
 'scrapy.downloadermiddlewares.retry.RetryMiddleware',
 'scrapy.downloadermiddlewares.redirect.MetaRefreshMiddleware',
 'scrapy.downloadermiddlewares.httpcompression.HttpCompressionMiddleware',
 'scrapy.downloadermiddlewares.redirect.RedirectMiddleware',
 'scrapy.downloadermiddlewares.cookies.CookiesMiddleware',
 'scrapy.downloadermiddlewares.httpproxy.HttpProxyMiddleware',
 'scrapy.downloadermiddlewares.stats.DownloaderStats']
2025-04-25 11:07:51 [scrapy.middleware] INFO: Enabled spider middlewares:
['scrapy.spidermiddlewares.httperror.HttpErrorMiddleware',
 'scrapy.spidermiddlewares.referer.RefererMiddleware',
 'scrapy.spidermiddlewares.urllength.UrlLengthMiddleware',
 'scrapy.spidermiddlewares.depth.DepthMiddleware']
2025-04-25 11:07:51 [scrapy.middleware] INFO: Enabled item pipelines:
['bingo_scrapy.pipelines.CsvPipeline', 'bingo_scrapy.pipelines.DbPipeline']
2025-04-25 11:07:51 [scrapy.core.engine] INFO: Spider opened
2025-04-25 11:07:51 [root] INFO: Opening spider and establishing database connection.
2025-04-25 11:07:51 [root] INFO: DELETE_OLD_DATA: True
2025-04-25 11:07:51 [root] INFO: Table dropped.
2025-04-25 11:07:51 [root] INFO: Checking if table dbo.bingo exists.
2025-04-25 11:07:51 [root] INFO: Table dbo.bingo does not exist. Creating table.
2025-04-25 11:07:51 [root] INFO: Table dbo.bingo created successfully.
2025-04-25 11:07:51 [root] INFO: Database connection established and table checked/created.
2025-04-25 11:07:51 [scrapy.extensions.logstats] INFO: Crawled 0 pages (at 0 pages/min), scraped 0 items (at 0 items/min)
2025-04-25 11:07:51 [scrapy.extensions.telnet] INFO: Telnet console listening on 127.0.0.1:6023
2025-04-25 11:07:51 [root] INFO: 2024-01-01
2025-04-25 11:07:51 [root] INFO: 2024-01-02 00:00:00
2025-04-25 11:07:51 [root] INFO: Start date: 2024-01-02 00:00:00, End date: 2024-01-03 00:00:00
2025-04-25 11:07:51 [root] INFO: Using START_DATE and END_DATE: ['2024-01-02', '2024-01-03']
2025-04-25 11:07:51 [root] INFO: 爬取日期: 2024-01-02
2025-04-25 11:07:51 [root] INFO: 爬取日期: 2024-01-03
2025-04-25 11:07:52 [root] INFO: Processing page: https://api.taiwanlottery.com/TLCAPIWeB/Lottery/BingoResult?openDate=2024-01-02&pageNum=1&pageSize=1
2025-04-25 11:07:52 [root] INFO: Finished processing page: https://api.taiwanlottery.com/TLCAPIWeB/Lottery/BingoResult?openDate=2024-01-02&pageNum=21&pageSize=10
2025-04-25 11:07:52 [root] INFO: Item processed and committed to database.
2025-04-25 11:07:52 [root] INFO: Database connection closed after processing item.
2025-04-25 11:07:52 [root] INFO: Processing page: https://api.taiwanlottery.com/TLCAPIWeB/Lottery/BingoResult?openDate=2024-01-03&pageNum=1&pageSize=1
2025-04-25 11:07:53 [root] INFO: Finished processing page: https://api.taiwanlottery.com/TLCAPIWeB/Lottery/BingoResult?openDate=2024-01-03&pageNum=21&pageSize=10
2025-04-25 11:07:53 [root] INFO: Item processed and committed to database.
2025-04-25 11:07:53 [root] INFO: Database connection closed after processing item.
2025-04-25 11:07:53 [scrapy.core.engine] INFO: Closing spider (finished)
2025-04-25 11:07:53 [root] INFO: Database connection closed.
2025-04-25 11:07:53 [scrapy.statscollectors] INFO: Dumping Scrapy stats:
{'downloader/request_bytes': 584,
 'downloader/request_count': 2,
 'downloader/request_method_count/GET': 2,
 'downloader/response_bytes': 1952,
 'downloader/response_count': 2,
 'downloader/response_status_count/200': 2,
 'elapsed_time_seconds': 1.505024,
 'finish_reason': 'finished',
 'finish_time': datetime.datetime(2025, 4, 25, 3, 7, 53, 389844, tzinfo=datetime.timezone.utc),
 'httpcompression/response_bytes': 1404,
 'httpcompression/response_count': 2,
 'item_scraped_count': 2,
 'items_per_minute': None,
 'log_count/INFO': 32,
 'response_received_count': 2,
 'responses_per_minute': None,
 'scheduler/dequeued': 2,
 'scheduler/dequeued/memory': 2,
 'scheduler/enqueued': 2,
 'scheduler/enqueued/memory': 2,
 'start_time': datetime.datetime(2025, 4, 25, 3, 7, 51, 884820, tzinfo=datetime.timezone.utc)}
2025-04-25 11:07:53 [scrapy.core.engine] INFO: Spider closed (finished)
2025-04-25 21:43:48 [scrapy.utils.log] INFO: Scrapy 2.12.0 started (bot: bingo_scrapy)
2025-04-25 21:43:48 [scrapy.utils.log] INFO: Versions: lxml 5.3.1.0, libxml2 2.11.7, cssselect 1.3.0, parsel 1.10.0, w3lib 2.3.1, Twisted 24.11.0, Python 3.11.0 (main, Oct 24 2022, 18:26:48) [MSC v.1933 64 bit (AMD64)], pyOpenSSL 25.0.0 (OpenSSL 3.4.1 11 Feb 2025), cryptography 44.0.2, Platform Windows-10-10.0.26100-SP0
2025-04-25 21:43:48 [scrapy.addons] INFO: Enabled addons:
[]
2025-04-25 21:43:48 [scrapy.extensions.telnet] INFO: Telnet Password: 2ca2a9eaabb559a8
2025-04-25 21:43:48 [scrapy.middleware] INFO: Enabled extensions:
['scrapy.extensions.corestats.CoreStats',
 'scrapy.extensions.telnet.TelnetConsole',
 'scrapy.extensions.logstats.LogStats']
2025-04-25 21:43:48 [scrapy.crawler] INFO: Overridden settings:
{'BOT_NAME': 'bingo_scrapy',
 'LOG_FILE': 'bingo_spider.log',
 'LOG_LEVEL': 'INFO',
 'NEWSPIDER_MODULE': 'bingo_scrapy.spiders',
 'SPIDER_MODULES': ['bingo_scrapy.spiders']}
2025-04-25 21:43:48 [scrapy.middleware] INFO: Enabled downloader middlewares:
['scrapy.downloadermiddlewares.offsite.OffsiteMiddleware',
 'scrapy.downloadermiddlewares.httpauth.HttpAuthMiddleware',
 'scrapy.downloadermiddlewares.downloadtimeout.DownloadTimeoutMiddleware',
 'scrapy.downloadermiddlewares.defaultheaders.DefaultHeadersMiddleware',
 'scrapy.downloadermiddlewares.useragent.UserAgentMiddleware',
 'scrapy.downloadermiddlewares.retry.RetryMiddleware',
 'scrapy.downloadermiddlewares.redirect.MetaRefreshMiddleware',
 'scrapy.downloadermiddlewares.httpcompression.HttpCompressionMiddleware',
 'scrapy.downloadermiddlewares.redirect.RedirectMiddleware',
 'scrapy.downloadermiddlewares.cookies.CookiesMiddleware',
 'scrapy.downloadermiddlewares.httpproxy.HttpProxyMiddleware',
 'scrapy.downloadermiddlewares.stats.DownloaderStats']
2025-04-25 21:43:48 [scrapy.middleware] INFO: Enabled spider middlewares:
['scrapy.spidermiddlewares.httperror.HttpErrorMiddleware',
 'scrapy.spidermiddlewares.referer.RefererMiddleware',
 'scrapy.spidermiddlewares.urllength.UrlLengthMiddleware',
 'scrapy.spidermiddlewares.depth.DepthMiddleware']
2025-04-25 21:43:48 [scrapy.middleware] INFO: Enabled item pipelines:
['bingo_scrapy.pipelines.CsvPipeline', 'bingo_scrapy.pipelines.DbPipeline']
2025-04-25 21:43:48 [scrapy.core.engine] INFO: Spider opened
2025-04-25 21:43:49 [root] INFO: Opening spider and establishing database connection.
2025-04-25 21:43:49 [root] INFO: DELETE_OLD_DATA: True
2025-04-25 21:43:49 [root] INFO: Table dropped.
2025-04-25 21:43:49 [root] INFO: Checking if table dbo.bingo exists.
2025-04-25 21:43:49 [root] INFO: Table dbo.bingo does not exist. Creating table.
2025-04-25 21:43:50 [root] INFO: Table dbo.bingo created successfully.
2025-04-25 21:43:50 [root] INFO: Database connection established and table checked/created.
2025-04-25 21:43:50 [scrapy.extensions.logstats] INFO: Crawled 0 pages (at 0 pages/min), scraped 0 items (at 0 items/min)
2025-04-25 21:43:50 [scrapy.extensions.telnet] INFO: Telnet console listening on 127.0.0.1:6023
2025-04-25 21:43:50 [root] INFO: Using CRAWL_DATE: ['2025-04-25']
2025-04-25 21:43:50 [root] INFO: 爬取日期: 2025-04-25
2025-04-25 21:43:50 [root] INFO: Processing page: https://api.taiwanlottery.com/TLCAPIWeB/Lottery/BingoResult?openDate=2025-04-25&pageNum=1&pageSize=1
2025-04-25 21:43:52 [root] INFO: Finished processing page: https://api.taiwanlottery.com/TLCAPIWeB/Lottery/BingoResult?openDate=2025-04-25&pageNum=18&pageSize=10
2025-04-25 21:43:55 [root] INFO: Item processed and committed to database.
2025-04-25 21:43:55 [root] INFO: Database connection closed after processing item.
2025-04-25 21:43:55 [scrapy.core.engine] INFO: Closing spider (finished)
2025-04-25 21:43:55 [root] INFO: Database connection closed.
2025-04-25 21:43:55 [scrapy.statscollectors] INFO: Dumping Scrapy stats:
{'downloader/request_bytes': 292,
 'downloader/request_count': 1,
 'downloader/request_method_count/GET': 1,
 'downloader/response_bytes': 1109,
 'downloader/response_count': 1,
 'downloader/response_status_count/200': 1,
 'elapsed_time_seconds': 4.949065,
 'finish_reason': 'finished',
 'finish_time': datetime.datetime(2025, 4, 25, 13, 43, 55, 405383, tzinfo=datetime.timezone.utc),
 'httpcompression/response_bytes': 1895,
 'httpcompression/response_count': 1,
 'item_scraped_count': 1,
 'items_per_minute': None,
 'log_count/INFO': 24,
 'response_received_count': 1,
 'responses_per_minute': None,
 'scheduler/dequeued': 1,
 'scheduler/dequeued/memory': 1,
 'scheduler/enqueued': 1,
 'scheduler/enqueued/memory': 1,
 'start_time': datetime.datetime(2025, 4, 25, 13, 43, 50, 456318, tzinfo=datetime.timezone.utc)}
2025-04-25 21:43:55 [scrapy.core.engine] INFO: Spider closed (finished)
2025-04-25 21:44:35 [scrapy.utils.log] INFO: Scrapy 2.12.0 started (bot: bingo_scrapy)
2025-04-25 21:44:35 [scrapy.utils.log] INFO: Versions: lxml 5.3.1.0, libxml2 2.11.7, cssselect 1.3.0, parsel 1.10.0, w3lib 2.3.1, Twisted 24.11.0, Python 3.11.0 (main, Oct 24 2022, 18:26:48) [MSC v.1933 64 bit (AMD64)], pyOpenSSL 25.0.0 (OpenSSL 3.4.1 11 Feb 2025), cryptography 44.0.2, Platform Windows-10-10.0.26100-SP0
2025-04-25 21:44:35 [scrapy.addons] INFO: Enabled addons:
[]
2025-04-25 21:44:35 [scrapy.extensions.telnet] INFO: Telnet Password: decff2828b131347
2025-04-25 21:44:35 [scrapy.middleware] INFO: Enabled extensions:
['scrapy.extensions.corestats.CoreStats',
 'scrapy.extensions.telnet.TelnetConsole',
 'scrapy.extensions.logstats.LogStats']
2025-04-25 21:44:35 [scrapy.crawler] INFO: Overridden settings:
{'BOT_NAME': 'bingo_scrapy',
 'LOG_FILE': 'bingo_spider.log',
 'LOG_LEVEL': 'INFO',
 'NEWSPIDER_MODULE': 'bingo_scrapy.spiders',
 'SPIDER_MODULES': ['bingo_scrapy.spiders']}
2025-04-25 21:44:35 [scrapy.middleware] INFO: Enabled downloader middlewares:
['scrapy.downloadermiddlewares.offsite.OffsiteMiddleware',
 'scrapy.downloadermiddlewares.httpauth.HttpAuthMiddleware',
 'scrapy.downloadermiddlewares.downloadtimeout.DownloadTimeoutMiddleware',
 'scrapy.downloadermiddlewares.defaultheaders.DefaultHeadersMiddleware',
 'scrapy.downloadermiddlewares.useragent.UserAgentMiddleware',
 'scrapy.downloadermiddlewares.retry.RetryMiddleware',
 'scrapy.downloadermiddlewares.redirect.MetaRefreshMiddleware',
 'scrapy.downloadermiddlewares.httpcompression.HttpCompressionMiddleware',
 'scrapy.downloadermiddlewares.redirect.RedirectMiddleware',
 'scrapy.downloadermiddlewares.cookies.CookiesMiddleware',
 'scrapy.downloadermiddlewares.httpproxy.HttpProxyMiddleware',
 'scrapy.downloadermiddlewares.stats.DownloaderStats']
2025-04-25 21:44:35 [scrapy.middleware] INFO: Enabled spider middlewares:
['scrapy.spidermiddlewares.httperror.HttpErrorMiddleware',
 'scrapy.spidermiddlewares.referer.RefererMiddleware',
 'scrapy.spidermiddlewares.urllength.UrlLengthMiddleware',
 'scrapy.spidermiddlewares.depth.DepthMiddleware']
2025-04-25 21:44:35 [scrapy.middleware] INFO: Enabled item pipelines:
['bingo_scrapy.pipelines.CsvPipeline', 'bingo_scrapy.pipelines.DbPipeline']
2025-04-25 21:44:35 [scrapy.core.engine] INFO: Spider opened
2025-04-25 21:44:35 [root] INFO: Opening spider and establishing database connection.
2025-04-25 21:44:35 [root] INFO: DELETE_OLD_DATA: True
2025-04-25 21:44:35 [root] INFO: Table dropped.
2025-04-25 21:44:35 [root] INFO: Checking if table dbo.bingo exists.
2025-04-25 21:44:35 [root] INFO: Table dbo.bingo does not exist. Creating table.
2025-04-25 21:44:35 [root] INFO: Table dbo.bingo created successfully.
2025-04-25 21:44:35 [root] INFO: Database connection established and table checked/created.
2025-04-25 21:44:35 [scrapy.extensions.logstats] INFO: Crawled 0 pages (at 0 pages/min), scraped 0 items (at 0 items/min)
2025-04-25 21:44:35 [scrapy.extensions.telnet] INFO: Telnet console listening on 127.0.0.1:6023
2025-04-25 21:44:35 [root] INFO: 2024-01-01
2025-04-25 21:44:35 [root] INFO: 2024-04-22 00:00:00
2025-04-25 21:44:35 [root] INFO: Start date: 2024-04-22 00:00:00, End date: 2024-04-05 00:00:00
2025-04-25 21:44:35 [root] INFO: Using START_DATE and END_DATE: []
2025-04-25 21:44:35 [scrapy.core.engine] INFO: Closing spider (finished)
2025-04-25 21:44:35 [root] INFO: Database connection closed.
2025-04-25 21:44:35 [scrapy.statscollectors] INFO: Dumping Scrapy stats:
{'elapsed_time_seconds': 0.011029,
 'finish_reason': 'finished',
 'finish_time': datetime.datetime(2025, 4, 25, 13, 44, 35, 569639, tzinfo=datetime.timezone.utc),
 'items_per_minute': None,
 'log_count/INFO': 22,
 'responses_per_minute': None,
 'start_time': datetime.datetime(2025, 4, 25, 13, 44, 35, 558610, tzinfo=datetime.timezone.utc)}
2025-04-25 21:44:35 [scrapy.core.engine] INFO: Spider closed (finished)
2025-04-25 21:44:42 [scrapy.utils.log] INFO: Scrapy 2.12.0 started (bot: bingo_scrapy)
2025-04-25 21:44:42 [scrapy.utils.log] INFO: Versions: lxml 5.3.1.0, libxml2 2.11.7, cssselect 1.3.0, parsel 1.10.0, w3lib 2.3.1, Twisted 24.11.0, Python 3.11.0 (main, Oct 24 2022, 18:26:48) [MSC v.1933 64 bit (AMD64)], pyOpenSSL 25.0.0 (OpenSSL 3.4.1 11 Feb 2025), cryptography 44.0.2, Platform Windows-10-10.0.26100-SP0
2025-04-25 21:44:42 [scrapy.addons] INFO: Enabled addons:
[]
2025-04-25 21:44:42 [scrapy.extensions.telnet] INFO: Telnet Password: ab2759f389c0edf0
2025-04-25 21:44:42 [scrapy.middleware] INFO: Enabled extensions:
['scrapy.extensions.corestats.CoreStats',
 'scrapy.extensions.telnet.TelnetConsole',
 'scrapy.extensions.logstats.LogStats']
2025-04-25 21:44:42 [scrapy.crawler] INFO: Overridden settings:
{'BOT_NAME': 'bingo_scrapy',
 'LOG_FILE': 'bingo_spider.log',
 'LOG_LEVEL': 'INFO',
 'NEWSPIDER_MODULE': 'bingo_scrapy.spiders',
 'SPIDER_MODULES': ['bingo_scrapy.spiders']}
2025-04-25 21:44:42 [scrapy.middleware] INFO: Enabled downloader middlewares:
['scrapy.downloadermiddlewares.offsite.OffsiteMiddleware',
 'scrapy.downloadermiddlewares.httpauth.HttpAuthMiddleware',
 'scrapy.downloadermiddlewares.downloadtimeout.DownloadTimeoutMiddleware',
 'scrapy.downloadermiddlewares.defaultheaders.DefaultHeadersMiddleware',
 'scrapy.downloadermiddlewares.useragent.UserAgentMiddleware',
 'scrapy.downloadermiddlewares.retry.RetryMiddleware',
 'scrapy.downloadermiddlewares.redirect.MetaRefreshMiddleware',
 'scrapy.downloadermiddlewares.httpcompression.HttpCompressionMiddleware',
 'scrapy.downloadermiddlewares.redirect.RedirectMiddleware',
 'scrapy.downloadermiddlewares.cookies.CookiesMiddleware',
 'scrapy.downloadermiddlewares.httpproxy.HttpProxyMiddleware',
 'scrapy.downloadermiddlewares.stats.DownloaderStats']
2025-04-25 21:44:42 [scrapy.middleware] INFO: Enabled spider middlewares:
['scrapy.spidermiddlewares.httperror.HttpErrorMiddleware',
 'scrapy.spidermiddlewares.referer.RefererMiddleware',
 'scrapy.spidermiddlewares.urllength.UrlLengthMiddleware',
 'scrapy.spidermiddlewares.depth.DepthMiddleware']
2025-04-25 21:44:42 [scrapy.middleware] INFO: Enabled item pipelines:
['bingo_scrapy.pipelines.CsvPipeline', 'bingo_scrapy.pipelines.DbPipeline']
2025-04-25 21:44:42 [scrapy.core.engine] INFO: Spider opened
2025-04-25 21:44:42 [root] INFO: Opening spider and establishing database connection.
2025-04-25 21:44:42 [root] INFO: DELETE_OLD_DATA: True
2025-04-25 21:44:42 [root] INFO: Table dropped.
2025-04-25 21:44:42 [root] INFO: Checking if table dbo.bingo exists.
2025-04-25 21:44:42 [root] INFO: Table dbo.bingo does not exist. Creating table.
2025-04-25 21:44:42 [root] INFO: Table dbo.bingo created successfully.
2025-04-25 21:44:42 [root] INFO: Database connection established and table checked/created.
2025-04-25 21:44:42 [scrapy.extensions.logstats] INFO: Crawled 0 pages (at 0 pages/min), scraped 0 items (at 0 items/min)
2025-04-25 21:44:42 [scrapy.extensions.telnet] INFO: Telnet console listening on 127.0.0.1:6023
2025-04-25 21:44:42 [root] INFO: 2024-01-01
2025-04-25 21:44:42 [root] INFO: 2024-04-22 00:00:00
2025-04-25 21:44:42 [root] INFO: Start date: 2024-04-22 00:00:00, End date: 2024-04-05 00:00:00
2025-04-25 21:44:42 [root] INFO: Using START_DATE and END_DATE: []
2025-04-25 21:44:42 [scrapy.core.engine] INFO: Closing spider (finished)
2025-04-25 21:44:42 [root] INFO: Database connection closed.
2025-04-25 21:44:43 [scrapy.statscollectors] INFO: Dumping Scrapy stats:
{'elapsed_time_seconds': 0.016546,
 'finish_reason': 'finished',
 'finish_time': datetime.datetime(2025, 4, 25, 13, 44, 43, 1566, tzinfo=datetime.timezone.utc),
 'items_per_minute': None,
 'log_count/INFO': 22,
 'responses_per_minute': None,
 'start_time': datetime.datetime(2025, 4, 25, 13, 44, 42, 985020, tzinfo=datetime.timezone.utc)}
2025-04-25 21:44:43 [scrapy.core.engine] INFO: Spider closed (finished)
2025-04-25 21:45:06 [scrapy.utils.log] INFO: Scrapy 2.12.0 started (bot: bingo_scrapy)
2025-04-25 21:45:06 [scrapy.utils.log] INFO: Versions: lxml 5.3.1.0, libxml2 2.11.7, cssselect 1.3.0, parsel 1.10.0, w3lib 2.3.1, Twisted 24.11.0, Python 3.11.0 (main, Oct 24 2022, 18:26:48) [MSC v.1933 64 bit (AMD64)], pyOpenSSL 25.0.0 (OpenSSL 3.4.1 11 Feb 2025), cryptography 44.0.2, Platform Windows-10-10.0.26100-SP0
2025-04-25 21:45:06 [scrapy.addons] INFO: Enabled addons:
[]
2025-04-25 21:45:06 [scrapy.extensions.telnet] INFO: Telnet Password: e3bf6845e31e5145
2025-04-25 21:45:06 [scrapy.middleware] INFO: Enabled extensions:
['scrapy.extensions.corestats.CoreStats',
 'scrapy.extensions.telnet.TelnetConsole',
 'scrapy.extensions.logstats.LogStats']
2025-04-25 21:45:06 [scrapy.crawler] INFO: Overridden settings:
{'BOT_NAME': 'bingo_scrapy',
 'LOG_FILE': 'bingo_spider.log',
 'LOG_LEVEL': 'INFO',
 'NEWSPIDER_MODULE': 'bingo_scrapy.spiders',
 'SPIDER_MODULES': ['bingo_scrapy.spiders']}
2025-04-25 21:45:06 [scrapy.middleware] INFO: Enabled downloader middlewares:
['scrapy.downloadermiddlewares.offsite.OffsiteMiddleware',
 'scrapy.downloadermiddlewares.httpauth.HttpAuthMiddleware',
 'scrapy.downloadermiddlewares.downloadtimeout.DownloadTimeoutMiddleware',
 'scrapy.downloadermiddlewares.defaultheaders.DefaultHeadersMiddleware',
 'scrapy.downloadermiddlewares.useragent.UserAgentMiddleware',
 'scrapy.downloadermiddlewares.retry.RetryMiddleware',
 'scrapy.downloadermiddlewares.redirect.MetaRefreshMiddleware',
 'scrapy.downloadermiddlewares.httpcompression.HttpCompressionMiddleware',
 'scrapy.downloadermiddlewares.redirect.RedirectMiddleware',
 'scrapy.downloadermiddlewares.cookies.CookiesMiddleware',
 'scrapy.downloadermiddlewares.httpproxy.HttpProxyMiddleware',
 'scrapy.downloadermiddlewares.stats.DownloaderStats']
2025-04-25 21:45:06 [scrapy.middleware] INFO: Enabled spider middlewares:
['scrapy.spidermiddlewares.httperror.HttpErrorMiddleware',
 'scrapy.spidermiddlewares.referer.RefererMiddleware',
 'scrapy.spidermiddlewares.urllength.UrlLengthMiddleware',
 'scrapy.spidermiddlewares.depth.DepthMiddleware']
2025-04-25 21:45:06 [scrapy.middleware] INFO: Enabled item pipelines:
['bingo_scrapy.pipelines.CsvPipeline', 'bingo_scrapy.pipelines.DbPipeline']
2025-04-25 21:45:06 [scrapy.core.engine] INFO: Spider opened
2025-04-25 21:45:06 [root] INFO: Opening spider and establishing database connection.
2025-04-25 21:45:07 [root] INFO: DELETE_OLD_DATA: True
2025-04-25 21:45:07 [root] INFO: Table dropped.
2025-04-25 21:45:07 [root] INFO: Checking if table dbo.bingo exists.
2025-04-25 21:45:08 [root] INFO: Table dbo.bingo does not exist. Creating table.
2025-04-25 21:45:08 [root] INFO: Table dbo.bingo created successfully.
2025-04-25 21:45:08 [root] INFO: Database connection established and table checked/created.
2025-04-25 21:45:08 [scrapy.extensions.logstats] INFO: Crawled 0 pages (at 0 pages/min), scraped 0 items (at 0 items/min)
2025-04-25 21:45:08 [scrapy.extensions.telnet] INFO: Telnet console listening on 127.0.0.1:6023
2025-04-25 21:45:08 [root] INFO: 2024-01-01
2025-04-25 21:45:08 [root] INFO: 2025-04-22 00:00:00
2025-04-25 21:45:08 [root] INFO: Start date: 2025-04-22 00:00:00, End date: 2025-04-25 00:00:00
2025-04-25 21:45:08 [root] INFO: Using START_DATE and END_DATE: ['2025-04-22', '2025-04-23', '2025-04-24', '2025-04-25']
2025-04-25 21:45:08 [root] INFO: 爬取日期: 2025-04-22
2025-04-25 21:45:08 [root] INFO: 爬取日期: 2025-04-23
2025-04-25 21:45:08 [root] INFO: 爬取日期: 2025-04-24
2025-04-25 21:45:08 [root] INFO: 爬取日期: 2025-04-25
2025-04-25 21:45:09 [root] INFO: Processing page: https://api.taiwanlottery.com/TLCAPIWeB/Lottery/BingoResult?openDate=2025-04-25&pageNum=1&pageSize=1
2025-04-25 21:45:11 [root] INFO: Finished processing page: https://api.taiwanlottery.com/TLCAPIWeB/Lottery/BingoResult?openDate=2025-04-25&pageNum=18&pageSize=10
2025-04-25 21:45:15 [root] INFO: Item processed and committed to database.
2025-04-25 21:45:15 [root] INFO: Database connection closed after processing item.
2025-04-25 21:45:15 [root] INFO: Processing page: https://api.taiwanlottery.com/TLCAPIWeB/Lottery/BingoResult?openDate=2025-04-23&pageNum=1&pageSize=1
2025-04-25 21:45:19 [root] INFO: Finished processing page: https://api.taiwanlottery.com/TLCAPIWeB/Lottery/BingoResult?openDate=2025-04-23&pageNum=21&pageSize=10
2025-04-25 21:45:25 [root] INFO: Item processed and committed to database.
2025-04-25 21:45:25 [root] INFO: Database connection closed after processing item.
2025-04-25 21:45:25 [root] INFO: Processing page: https://api.taiwanlottery.com/TLCAPIWeB/Lottery/BingoResult?openDate=2025-04-22&pageNum=1&pageSize=1
2025-04-25 21:45:30 [root] INFO: Finished processing page: https://api.taiwanlottery.com/TLCAPIWeB/Lottery/BingoResult?openDate=2025-04-22&pageNum=21&pageSize=10
2025-04-25 21:45:34 [root] INFO: Item processed and committed to database.
2025-04-25 21:45:34 [root] INFO: Database connection closed after processing item.
2025-04-25 21:45:34 [root] INFO: Processing page: https://api.taiwanlottery.com/TLCAPIWeB/Lottery/BingoResult?openDate=2025-04-24&pageNum=1&pageSize=1
2025-04-25 21:45:37 [root] INFO: Finished processing page: https://api.taiwanlottery.com/TLCAPIWeB/Lottery/BingoResult?openDate=2025-04-24&pageNum=21&pageSize=10
2025-04-25 21:45:43 [root] INFO: Item processed and committed to database.
2025-04-25 21:45:43 [root] INFO: Database connection closed after processing item.
2025-04-25 21:45:43 [scrapy.core.engine] INFO: Closing spider (finished)
2025-04-25 21:45:43 [root] INFO: Database connection closed.
2025-04-25 21:45:43 [scrapy.statscollectors] INFO: Dumping Scrapy stats:
{'downloader/request_bytes': 1168,
 'downloader/request_count': 4,
 'downloader/request_method_count/GET': 4,
 'downloader/response_bytes': 4511,
 'downloader/response_count': 4,
 'downloader/response_status_count/200': 4,
 'elapsed_time_seconds': 35.106615,
 'finish_reason': 'finished',
 'finish_time': datetime.datetime(2025, 4, 25, 13, 45, 43, 813723, tzinfo=datetime.timezone.utc),
 'httpcompression/response_bytes': 7565,
 'httpcompression/response_count': 4,
 'item_scraped_count': 4,
 'items_per_minute': None,
 'log_count/INFO': 42,
 'response_received_count': 4,
 'responses_per_minute': None,
 'scheduler/dequeued': 4,
 'scheduler/dequeued/memory': 4,
 'scheduler/enqueued': 4,
 'scheduler/enqueued/memory': 4,
 'start_time': datetime.datetime(2025, 4, 25, 13, 45, 8, 707108, tzinfo=datetime.timezone.utc)}
2025-04-25 21:45:43 [scrapy.core.engine] INFO: Spider closed (finished)
2025-06-10 14:19:46 [scrapy.utils.log] INFO: Scrapy 2.12.0 started (bot: bingo_scrapy)
2025-06-10 14:19:46 [scrapy.utils.log] INFO: Versions: lxml 5.3.1.0, libxml2 2.11.7, cssselect 1.3.0, parsel 1.10.0, w3lib 2.3.1, Twisted 24.11.0, Python 3.11.0 (main, Oct 24 2022, 18:26:48) [MSC v.1933 64 bit (AMD64)], pyOpenSSL 25.0.0 (OpenSSL 3.4.1 11 Feb 2025), cryptography 44.0.2, Platform Windows-10-10.0.26100-SP0
2025-06-10 14:19:46 [scrapy.addons] INFO: Enabled addons:
[]
2025-06-10 14:19:46 [scrapy.extensions.telnet] INFO: Telnet Password: 5d00bed0c8024d3a
2025-06-10 14:19:46 [scrapy.middleware] INFO: Enabled extensions:
['scrapy.extensions.corestats.CoreStats',
 'scrapy.extensions.telnet.TelnetConsole',
 'scrapy.extensions.logstats.LogStats']
2025-06-10 14:19:46 [scrapy.crawler] INFO: Overridden settings:
{'BOT_NAME': 'bingo_scrapy',
 'LOG_FILE': 'bingo_spider.log',
 'LOG_LEVEL': 'INFO',
 'NEWSPIDER_MODULE': 'bingo_scrapy.spiders',
 'SPIDER_MODULES': ['bingo_scrapy.spiders']}
2025-06-10 14:19:46 [scrapy.middleware] INFO: Enabled downloader middlewares:
['scrapy.downloadermiddlewares.offsite.OffsiteMiddleware',
 'scrapy.downloadermiddlewares.httpauth.HttpAuthMiddleware',
 'scrapy.downloadermiddlewares.downloadtimeout.DownloadTimeoutMiddleware',
 'scrapy.downloadermiddlewares.defaultheaders.DefaultHeadersMiddleware',
 'scrapy.downloadermiddlewares.useragent.UserAgentMiddleware',
 'scrapy.downloadermiddlewares.retry.RetryMiddleware',
 'scrapy.downloadermiddlewares.redirect.MetaRefreshMiddleware',
 'scrapy.downloadermiddlewares.httpcompression.HttpCompressionMiddleware',
 'scrapy.downloadermiddlewares.redirect.RedirectMiddleware',
 'scrapy.downloadermiddlewares.cookies.CookiesMiddleware',
 'scrapy.downloadermiddlewares.httpproxy.HttpProxyMiddleware',
 'scrapy.downloadermiddlewares.stats.DownloaderStats']
2025-06-10 14:19:46 [scrapy.middleware] INFO: Enabled spider middlewares:
['scrapy.spidermiddlewares.httperror.HttpErrorMiddleware',
 'scrapy.spidermiddlewares.referer.RefererMiddleware',
 'scrapy.spidermiddlewares.urllength.UrlLengthMiddleware',
 'scrapy.spidermiddlewares.depth.DepthMiddleware']
2025-06-10 14:19:47 [scrapy.middleware] INFO: Enabled item pipelines:
['bingo_scrapy.pipelines.CsvPipeline', 'bingo_scrapy.pipelines.DbPipeline']
2025-06-10 14:19:47 [scrapy.core.engine] INFO: Spider opened
2025-06-10 14:19:47 [root] INFO: Opening spider and establishing database connection.
2025-06-10 14:19:47 [root] INFO: DELETE_OLD_DATA: True
2025-06-10 14:19:47 [root] INFO: Table dropped.
2025-06-10 14:19:47 [root] INFO: Checking if table dbo.bingo exists.
2025-06-10 14:19:47 [root] INFO: Table dbo.bingo does not exist. Creating table.
2025-06-10 14:19:48 [root] INFO: Table dbo.bingo created successfully.
2025-06-10 14:19:48 [root] INFO: Database connection established and table checked/created.
2025-06-10 14:19:48 [scrapy.extensions.logstats] INFO: Crawled 0 pages (at 0 pages/min), scraped 0 items (at 0 items/min)
2025-06-10 14:19:48 [scrapy.extensions.telnet] INFO: Telnet console listening on 127.0.0.1:6023
2025-06-10 14:19:48 [root] INFO: 2024-01-01
2025-06-10 14:19:48 [root] INFO: 2025-06-08 00:00:00
2025-06-10 14:19:48 [root] INFO: Start date: 2025-06-08 00:00:00, End date: 2025-06-10 00:00:00
2025-06-10 14:19:48 [root] INFO: Using START_DATE and END_DATE: ['2025-06-08', '2025-06-09', '2025-06-10']
2025-06-10 14:19:48 [root] INFO: 爬取日期: 2025-06-08
2025-06-10 14:19:48 [root] INFO: 爬取日期: 2025-06-09
2025-06-10 14:19:48 [root] INFO: 爬取日期: 2025-06-10
2025-06-10 14:19:48 [root] INFO: Processing page: https://api.taiwanlottery.com/TLCAPIWeB/Lottery/BingoResult?openDate=2025-06-10&pageNum=1&pageSize=1
2025-06-10 14:19:50 [root] INFO: Finished processing page: https://api.taiwanlottery.com/TLCAPIWeB/Lottery/BingoResult?openDate=2025-06-10&pageNum=9&pageSize=10
2025-06-10 14:19:53 [root] INFO: Item processed and committed to database.
2025-06-10 14:19:53 [root] INFO: Database connection closed after processing item.
2025-06-10 14:19:53 [root] INFO: Processing page: https://api.taiwanlottery.com/TLCAPIWeB/Lottery/BingoResult?openDate=2025-06-09&pageNum=1&pageSize=1
2025-06-10 14:19:55 [root] INFO: Finished processing page: https://api.taiwanlottery.com/TLCAPIWeB/Lottery/BingoResult?openDate=2025-06-09&pageNum=21&pageSize=10
2025-06-10 14:19:59 [root] INFO: Item processed and committed to database.
2025-06-10 14:19:59 [root] INFO: Database connection closed after processing item.
2025-06-10 14:19:59 [root] INFO: Processing page: https://api.taiwanlottery.com/TLCAPIWeB/Lottery/BingoResult?openDate=2025-06-08&pageNum=1&pageSize=1
2025-06-10 14:20:01 [root] INFO: Finished processing page: https://api.taiwanlottery.com/TLCAPIWeB/Lottery/BingoResult?openDate=2025-06-08&pageNum=21&pageSize=10
2025-06-10 14:20:04 [root] INFO: Item processed and committed to database.
2025-06-10 14:20:04 [root] INFO: Database connection closed after processing item.
2025-06-10 14:20:04 [scrapy.core.engine] INFO: Closing spider (finished)
2025-06-10 14:20:04 [root] INFO: Database connection closed.
2025-06-10 14:20:04 [scrapy.statscollectors] INFO: Dumping Scrapy stats:
{'downloader/request_bytes': 876,
 'downloader/request_count': 3,
 'downloader/request_method_count/GET': 3,
 'downloader/response_bytes': 3412,
 'downloader/response_count': 3,
 'downloader/response_status_count/200': 3,
 'elapsed_time_seconds': 16.724522,
 'finish_reason': 'finished',
 'finish_time': datetime.datetime(2025, 6, 10, 6, 20, 4, 851220, tzinfo=datetime.timezone.utc),
 'httpcompression/response_bytes': 5681,
 'httpcompression/response_count': 3,
 'item_scraped_count': 3,
 'items_per_minute': None,
 'log_count/INFO': 37,
 'response_received_count': 3,
 'responses_per_minute': None,
 'scheduler/dequeued': 3,
 'scheduler/dequeued/memory': 3,
 'scheduler/enqueued': 3,
 'scheduler/enqueued/memory': 3,
 'start_time': datetime.datetime(2025, 6, 10, 6, 19, 48, 126698, tzinfo=datetime.timezone.utc)}
2025-06-10 14:20:04 [scrapy.core.engine] INFO: Spider closed (finished)
2025-06-20 16:57:25 [scrapy.utils.log] INFO: Scrapy 2.12.0 started (bot: bingo_scrapy)
2025-06-20 16:57:25 [scrapy.utils.log] INFO: Versions: lxml 5.3.1.0, libxml2 2.11.7, cssselect 1.3.0, parsel 1.10.0, w3lib 2.3.1, Twisted 24.11.0, Python 3.11.0 (main, Oct 24 2022, 18:26:48) [MSC v.1933 64 bit (AMD64)], pyOpenSSL 25.0.0 (OpenSSL 3.4.1 11 Feb 2025), cryptography 44.0.2, Platform Windows-10-10.0.26100-SP0
2025-06-20 16:57:25 [scrapy.addons] INFO: Enabled addons:
[]
2025-06-20 16:57:25 [scrapy.extensions.telnet] INFO: Telnet Password: baa9c41b4e27483a
2025-06-20 16:57:25 [scrapy.middleware] INFO: Enabled extensions:
['scrapy.extensions.corestats.CoreStats',
 'scrapy.extensions.telnet.TelnetConsole',
 'scrapy.extensions.logstats.LogStats']
2025-06-20 16:57:25 [scrapy.crawler] INFO: Overridden settings:
{'BOT_NAME': 'bingo_scrapy',
 'LOG_FILE': 'bingo_spider.log',
 'LOG_LEVEL': 'INFO',
 'NEWSPIDER_MODULE': 'bingo_scrapy.spiders',
 'SPIDER_MODULES': ['bingo_scrapy.spiders']}
2025-06-20 16:57:25 [scrapy.middleware] INFO: Enabled downloader middlewares:
['scrapy.downloadermiddlewares.offsite.OffsiteMiddleware',
 'scrapy.downloadermiddlewares.httpauth.HttpAuthMiddleware',
 'scrapy.downloadermiddlewares.downloadtimeout.DownloadTimeoutMiddleware',
 'scrapy.downloadermiddlewares.defaultheaders.DefaultHeadersMiddleware',
 'scrapy.downloadermiddlewares.useragent.UserAgentMiddleware',
 'scrapy.downloadermiddlewares.retry.RetryMiddleware',
 'scrapy.downloadermiddlewares.redirect.MetaRefreshMiddleware',
 'scrapy.downloadermiddlewares.httpcompression.HttpCompressionMiddleware',
 'scrapy.downloadermiddlewares.redirect.RedirectMiddleware',
 'scrapy.downloadermiddlewares.cookies.CookiesMiddleware',
 'scrapy.downloadermiddlewares.httpproxy.HttpProxyMiddleware',
 'scrapy.downloadermiddlewares.stats.DownloaderStats']
2025-06-20 16:57:25 [scrapy.middleware] INFO: Enabled spider middlewares:
['scrapy.spidermiddlewares.httperror.HttpErrorMiddleware',
 'scrapy.spidermiddlewares.referer.RefererMiddleware',
 'scrapy.spidermiddlewares.urllength.UrlLengthMiddleware',
 'scrapy.spidermiddlewares.depth.DepthMiddleware']
2025-06-20 16:57:25 [scrapy.middleware] INFO: Enabled item pipelines:
['bingo_scrapy.pipelines.CsvPipeline', 'bingo_scrapy.pipelines.DbPipeline']
2025-06-20 16:57:25 [scrapy.core.engine] INFO: Spider opened
2025-06-20 16:57:25 [root] INFO: Opening spider and establishing database connection.
2025-06-20 16:57:26 [root] INFO: DELETE_OLD_DATA: True
2025-06-20 16:57:26 [root] INFO: Table dropped.
2025-06-20 16:57:26 [root] INFO: Checking if table dbo.bingo exists.
2025-06-20 16:57:26 [root] INFO: Table dbo.bingo does not exist. Creating table.
2025-06-20 16:57:26 [root] INFO: Table dbo.bingo created successfully.
2025-06-20 16:57:26 [root] INFO: Database connection established and table checked/created.
2025-06-20 16:57:26 [scrapy.extensions.logstats] INFO: Crawled 0 pages (at 0 pages/min), scraped 0 items (at 0 items/min)
2025-06-20 16:57:26 [scrapy.extensions.telnet] INFO: Telnet console listening on 127.0.0.1:6023
2025-06-20 16:57:26 [root] INFO: 2024-01-01
2025-06-20 16:57:26 [root] INFO: 2025-06-18 00:00:00
2025-06-20 16:57:26 [root] INFO: Start date: 2025-06-18 00:00:00, End date: 2025-06-20 00:00:00
2025-06-20 16:57:26 [root] INFO: Using START_DATE and END_DATE: ['2025-06-18', '2025-06-19', '2025-06-20']
2025-06-20 16:57:26 [root] INFO: 爬取日期: 2025-06-18
2025-06-20 16:57:26 [root] INFO: 爬取日期: 2025-06-19
2025-06-20 16:57:26 [root] INFO: 爬取日期: 2025-06-20
2025-06-20 16:57:26 [root] INFO: Processing page: https://api.taiwanlottery.com/TLCAPIWeB/Lottery/BingoResult?openDate=2025-06-20&pageNum=1&pageSize=1
2025-06-20 16:57:28 [root] INFO: Finished processing page: https://api.taiwanlottery.com/TLCAPIWeB/Lottery/BingoResult?openDate=2025-06-20&pageNum=12&pageSize=10
2025-06-20 16:57:36 [root] INFO: Item processed and committed to database.
2025-06-20 16:57:36 [root] INFO: Database connection closed after processing item.
2025-06-20 16:57:36 [root] INFO: Processing page: https://api.taiwanlottery.com/TLCAPIWeB/Lottery/BingoResult?openDate=2025-06-19&pageNum=1&pageSize=1
2025-06-20 16:57:42 [root] INFO: Finished processing page: https://api.taiwanlottery.com/TLCAPIWeB/Lottery/BingoResult?openDate=2025-06-19&pageNum=21&pageSize=10
2025-06-20 16:57:53 [root] INFO: Item processed and committed to database.
2025-06-20 16:57:53 [root] INFO: Database connection closed after processing item.
2025-06-20 16:57:53 [root] INFO: Processing page: https://api.taiwanlottery.com/TLCAPIWeB/Lottery/BingoResult?openDate=2025-06-18&pageNum=1&pageSize=1
2025-06-20 16:57:57 [root] INFO: Finished processing page: https://api.taiwanlottery.com/TLCAPIWeB/Lottery/BingoResult?openDate=2025-06-18&pageNum=21&pageSize=10
2025-06-20 16:58:08 [root] INFO: Item processed and committed to database.
2025-06-20 16:58:08 [root] INFO: Database connection closed after processing item.
2025-06-20 16:58:08 [scrapy.core.engine] INFO: Closing spider (finished)
2025-06-20 16:58:08 [root] INFO: Database connection closed.
2025-06-20 16:58:08 [scrapy.statscollectors] INFO: Dumping Scrapy stats:
{'downloader/request_bytes': 876,
 'downloader/request_count': 3,
 'downloader/request_method_count/GET': 3,
 'downloader/response_bytes': 3378,
 'downloader/response_count': 3,
 'downloader/response_status_count/200': 3,
 'elapsed_time_seconds': 42.149072,
 'finish_reason': 'finished',
 'finish_time': datetime.datetime(2025, 6, 20, 8, 58, 8, 595076, tzinfo=datetime.timezone.utc),
 'httpcompression/response_bytes': 5679,
 'httpcompression/response_count': 3,
 'item_scraped_count': 3,
 'items_per_minute': None,
 'log_count/INFO': 37,
 'response_received_count': 3,
 'responses_per_minute': None,
 'scheduler/dequeued': 3,
 'scheduler/dequeued/memory': 3,
 'scheduler/enqueued': 3,
 'scheduler/enqueued/memory': 3,
 'start_time': datetime.datetime(2025, 6, 20, 8, 57, 26, 446004, tzinfo=datetime.timezone.utc)}
2025-06-20 16:58:08 [scrapy.core.engine] INFO: Spider closed (finished)
2025-06-22 11:54:03 [scrapy.utils.log] INFO: Scrapy 2.12.0 started (bot: bingo_scrapy)
2025-06-22 11:54:03 [scrapy.utils.log] INFO: Versions: lxml 5.3.1.0, libxml2 2.11.7, cssselect 1.3.0, parsel 1.10.0, w3lib 2.3.1, Twisted 24.11.0, Python 3.11.0 (main, Oct 24 2022, 18:26:48) [MSC v.1933 64 bit (AMD64)], pyOpenSSL 25.0.0 (OpenSSL 3.4.1 11 Feb 2025), cryptography 44.0.2, Platform Windows-10-10.0.26100-SP0
2025-06-22 11:54:03 [scrapy.addons] INFO: Enabled addons:
[]
2025-06-22 11:54:03 [scrapy.extensions.telnet] INFO: Telnet Password: ca8ccb5804144d4d
2025-06-22 11:54:03 [scrapy.middleware] INFO: Enabled extensions:
['scrapy.extensions.corestats.CoreStats',
 'scrapy.extensions.telnet.TelnetConsole',
 'scrapy.extensions.logstats.LogStats']
2025-06-22 11:54:03 [scrapy.crawler] INFO: Overridden settings:
{'BOT_NAME': 'bingo_scrapy',
 'LOG_FILE': 'bingo_spider.log',
 'LOG_LEVEL': 'INFO',
 'NEWSPIDER_MODULE': 'bingo_scrapy.spiders',
 'SPIDER_MODULES': ['bingo_scrapy.spiders']}
2025-06-22 11:54:04 [scrapy.middleware] INFO: Enabled downloader middlewares:
['scrapy.downloadermiddlewares.offsite.OffsiteMiddleware',
 'scrapy.downloadermiddlewares.httpauth.HttpAuthMiddleware',
 'scrapy.downloadermiddlewares.downloadtimeout.DownloadTimeoutMiddleware',
 'scrapy.downloadermiddlewares.defaultheaders.DefaultHeadersMiddleware',
 'scrapy.downloadermiddlewares.useragent.UserAgentMiddleware',
 'scrapy.downloadermiddlewares.retry.RetryMiddleware',
 'scrapy.downloadermiddlewares.redirect.MetaRefreshMiddleware',
 'scrapy.downloadermiddlewares.httpcompression.HttpCompressionMiddleware',
 'scrapy.downloadermiddlewares.redirect.RedirectMiddleware',
 'scrapy.downloadermiddlewares.cookies.CookiesMiddleware',
 'scrapy.downloadermiddlewares.httpproxy.HttpProxyMiddleware',
 'scrapy.downloadermiddlewares.stats.DownloaderStats']
2025-06-22 11:54:04 [scrapy.middleware] INFO: Enabled spider middlewares:
['scrapy.spidermiddlewares.httperror.HttpErrorMiddleware',
 'scrapy.spidermiddlewares.referer.RefererMiddleware',
 'scrapy.spidermiddlewares.urllength.UrlLengthMiddleware',
 'scrapy.spidermiddlewares.depth.DepthMiddleware']
2025-06-22 11:54:04 [scrapy.middleware] INFO: Enabled item pipelines:
['bingo_scrapy.pipelines.CsvPipeline', 'bingo_scrapy.pipelines.DbPipeline']
2025-06-22 11:54:04 [scrapy.core.engine] INFO: Spider opened
2025-06-22 11:54:04 [root] INFO: Opening spider and establishing database connection.
2025-06-22 11:54:04 [root] INFO: DELETE_OLD_DATA: True
2025-06-22 11:54:04 [root] INFO: Table dropped.
2025-06-22 11:54:04 [root] INFO: Checking if table dbo.bingo exists.
2025-06-22 11:54:04 [root] INFO: Table dbo.bingo does not exist. Creating table.
2025-06-22 11:54:04 [root] INFO: Table dbo.bingo created successfully.
2025-06-22 11:54:04 [root] INFO: Database connection established and table checked/created.
2025-06-22 11:54:04 [scrapy.extensions.logstats] INFO: Crawled 0 pages (at 0 pages/min), scraped 0 items (at 0 items/min)
2025-06-22 11:54:04 [scrapy.extensions.telnet] INFO: Telnet console listening on 127.0.0.1:6023
2025-06-22 11:54:04 [root] INFO: Using CRAWL_DATE: ['2025-06-22']
2025-06-22 11:54:04 [root] INFO: 爬取日期: 2025-06-22
2025-06-22 11:54:05 [root] INFO: Processing page: https://api.taiwanlottery.com/TLCAPIWeB/Lottery/BingoResult?openDate=2025-06-22&pageNum=1&pageSize=1
2025-06-22 11:54:05 [root] INFO: Finished processing page: https://api.taiwanlottery.com/TLCAPIWeB/Lottery/BingoResult?openDate=2025-06-22&pageNum=6&pageSize=10
2025-06-22 11:54:07 [root] INFO: Item processed and committed to database.
2025-06-22 11:54:07 [root] INFO: Database connection closed after processing item.
2025-06-22 11:54:07 [scrapy.core.engine] INFO: Closing spider (finished)
2025-06-22 11:54:07 [root] INFO: Database connection closed.
2025-06-22 11:54:07 [scrapy.statscollectors] INFO: Dumping Scrapy stats:
{'downloader/request_bytes': 292,
 'downloader/request_count': 1,
 'downloader/request_method_count/GET': 1,
 'downloader/response_bytes': 1112,
 'downloader/response_count': 1,
 'downloader/response_status_count/200': 1,
 'elapsed_time_seconds': 3.134105,
 'finish_reason': 'finished',
 'finish_time': datetime.datetime(2025, 6, 22, 3, 54, 7, 888163, tzinfo=datetime.timezone.utc),
 'httpcompression/response_bytes': 1895,
 'httpcompression/response_count': 1,
 'item_scraped_count': 1,
 'items_per_minute': None,
 'log_count/INFO': 24,
 'response_received_count': 1,
 'responses_per_minute': None,
 'scheduler/dequeued': 1,
 'scheduler/dequeued/memory': 1,
 'scheduler/enqueued': 1,
 'scheduler/enqueued/memory': 1,
 'start_time': datetime.datetime(2025, 6, 22, 3, 54, 4, 754058, tzinfo=datetime.timezone.utc)}
2025-06-22 11:54:07 [scrapy.core.engine] INFO: Spider closed (finished)
2025-06-22 12:01:42 [scrapy.utils.log] INFO: Scrapy 2.12.0 started (bot: bingo_scrapy)
2025-06-22 12:01:42 [scrapy.utils.log] INFO: Versions: lxml 5.3.1.0, libxml2 2.11.7, cssselect 1.3.0, parsel 1.10.0, w3lib 2.3.1, Twisted 24.11.0, Python 3.11.0 (main, Oct 24 2022, 18:26:48) [MSC v.1933 64 bit (AMD64)], pyOpenSSL 25.0.0 (OpenSSL 3.4.1 11 Feb 2025), cryptography 44.0.2, Platform Windows-10-10.0.26100-SP0
2025-06-22 12:01:42 [scrapy.addons] INFO: Enabled addons:
[]
2025-06-22 12:01:42 [scrapy.extensions.telnet] INFO: Telnet Password: 179f5499ed2684ef
2025-06-22 12:01:42 [scrapy.middleware] INFO: Enabled extensions:
['scrapy.extensions.corestats.CoreStats',
 'scrapy.extensions.telnet.TelnetConsole',
 'scrapy.extensions.logstats.LogStats']
2025-06-22 12:01:42 [scrapy.crawler] INFO: Overridden settings:
{'BOT_NAME': 'bingo_scrapy',
 'LOG_FILE': 'bingo_spider.log',
 'LOG_LEVEL': 'INFO',
 'NEWSPIDER_MODULE': 'bingo_scrapy.spiders',
 'SPIDER_MODULES': ['bingo_scrapy.spiders']}
2025-06-22 12:01:42 [scrapy.middleware] INFO: Enabled downloader middlewares:
['scrapy.downloadermiddlewares.offsite.OffsiteMiddleware',
 'scrapy.downloadermiddlewares.httpauth.HttpAuthMiddleware',
 'scrapy.downloadermiddlewares.downloadtimeout.DownloadTimeoutMiddleware',
 'scrapy.downloadermiddlewares.defaultheaders.DefaultHeadersMiddleware',
 'scrapy.downloadermiddlewares.useragent.UserAgentMiddleware',
 'scrapy.downloadermiddlewares.retry.RetryMiddleware',
 'scrapy.downloadermiddlewares.redirect.MetaRefreshMiddleware',
 'scrapy.downloadermiddlewares.httpcompression.HttpCompressionMiddleware',
 'scrapy.downloadermiddlewares.redirect.RedirectMiddleware',
 'scrapy.downloadermiddlewares.cookies.CookiesMiddleware',
 'scrapy.downloadermiddlewares.httpproxy.HttpProxyMiddleware',
 'scrapy.downloadermiddlewares.stats.DownloaderStats']
2025-06-22 12:01:42 [scrapy.middleware] INFO: Enabled spider middlewares:
['scrapy.spidermiddlewares.httperror.HttpErrorMiddleware',
 'scrapy.spidermiddlewares.referer.RefererMiddleware',
 'scrapy.spidermiddlewares.urllength.UrlLengthMiddleware',
 'scrapy.spidermiddlewares.depth.DepthMiddleware']
2025-06-22 12:01:42 [scrapy.middleware] INFO: Enabled item pipelines:
['bingo_scrapy.pipelines.CsvPipeline', 'bingo_scrapy.pipelines.DbPipeline']
2025-06-22 12:01:42 [scrapy.core.engine] INFO: Spider opened
2025-06-22 12:01:42 [root] INFO: Opening spider and establishing database connection.
2025-06-22 12:01:43 [root] INFO: DELETE_OLD_DATA: True
2025-06-22 12:01:43 [root] INFO: Table dropped.
2025-06-22 12:01:43 [root] INFO: Checking if table dbo.bingo exists.
2025-06-22 12:01:43 [root] INFO: Table dbo.bingo does not exist. Creating table.
2025-06-22 12:01:43 [root] INFO: Table dbo.bingo created successfully.
2025-06-22 12:01:43 [root] INFO: Database connection established and table checked/created.
2025-06-22 12:01:43 [scrapy.extensions.logstats] INFO: Crawled 0 pages (at 0 pages/min), scraped 0 items (at 0 items/min)
2025-06-22 12:01:43 [scrapy.extensions.telnet] INFO: Telnet console listening on 127.0.0.1:6023
2025-06-22 12:01:43 [root] INFO: Using CRAWL_DATE: ['2025-06-22']
2025-06-22 12:01:43 [root] INFO: 爬取日期: 2025-06-22
2025-06-22 12:01:43 [root] INFO: Processing page: https://api.taiwanlottery.com/TLCAPIWeB/Lottery/BingoResult?openDate=2025-06-22&pageNum=1&pageSize=1
2025-06-22 12:01:45 [root] INFO: Finished processing page: https://api.taiwanlottery.com/TLCAPIWeB/Lottery/BingoResult?openDate=2025-06-22&pageNum=7&pageSize=10
2025-06-22 12:01:48 [root] INFO: Item processed and committed to database.
2025-06-22 12:01:48 [root] INFO: Database connection closed after processing item.
2025-06-22 12:01:48 [scrapy.core.engine] INFO: Closing spider (finished)
2025-06-22 12:01:48 [root] INFO: Database connection closed.
2025-06-22 12:01:48 [scrapy.statscollectors] INFO: Dumping Scrapy stats:
{'downloader/request_bytes': 292,
 'downloader/request_count': 1,
 'downloader/request_method_count/GET': 1,
 'downloader/response_bytes': 1122,
 'downloader/response_count': 1,
 'downloader/response_status_count/200': 1,
 'elapsed_time_seconds': 4.460666,
 'finish_reason': 'finished',
 'finish_time': datetime.datetime(2025, 6, 22, 4, 1, 48, 27059, tzinfo=datetime.timezone.utc),
 'httpcompression/response_bytes': 1899,
 'httpcompression/response_count': 1,
 'item_scraped_count': 1,
 'items_per_minute': None,
 'log_count/INFO': 24,
 'response_received_count': 1,
 'responses_per_minute': None,
 'scheduler/dequeued': 1,
 'scheduler/dequeued/memory': 1,
 'scheduler/enqueued': 1,
 'scheduler/enqueued/memory': 1,
 'start_time': datetime.datetime(2025, 6, 22, 4, 1, 43, 566393, tzinfo=datetime.timezone.utc)}
2025-06-22 12:01:48 [scrapy.core.engine] INFO: Spider closed (finished)
2025-06-22 12:06:42 [scrapy.utils.log] INFO: Scrapy 2.12.0 started (bot: bingo_scrapy)
2025-06-22 12:06:42 [scrapy.utils.log] INFO: Versions: lxml 5.3.1.0, libxml2 2.11.7, cssselect 1.3.0, parsel 1.10.0, w3lib 2.3.1, Twisted 24.11.0, Python 3.11.0 (main, Oct 24 2022, 18:26:48) [MSC v.1933 64 bit (AMD64)], pyOpenSSL 25.0.0 (OpenSSL 3.4.1 11 Feb 2025), cryptography 44.0.2, Platform Windows-10-10.0.26100-SP0
2025-06-22 12:06:42 [scrapy.addons] INFO: Enabled addons:
[]
2025-06-22 12:06:42 [scrapy.extensions.telnet] INFO: Telnet Password: f9ec0527076580ad
2025-06-22 12:06:42 [scrapy.middleware] INFO: Enabled extensions:
['scrapy.extensions.corestats.CoreStats',
 'scrapy.extensions.telnet.TelnetConsole',
 'scrapy.extensions.logstats.LogStats']
2025-06-22 12:06:42 [scrapy.crawler] INFO: Overridden settings:
{'BOT_NAME': 'bingo_scrapy',
 'LOG_FILE': 'bingo_spider.log',
 'LOG_LEVEL': 'INFO',
 'NEWSPIDER_MODULE': 'bingo_scrapy.spiders',
 'SPIDER_MODULES': ['bingo_scrapy.spiders']}
2025-06-22 12:06:42 [scrapy.middleware] INFO: Enabled downloader middlewares:
['scrapy.downloadermiddlewares.offsite.OffsiteMiddleware',
 'scrapy.downloadermiddlewares.httpauth.HttpAuthMiddleware',
 'scrapy.downloadermiddlewares.downloadtimeout.DownloadTimeoutMiddleware',
 'scrapy.downloadermiddlewares.defaultheaders.DefaultHeadersMiddleware',
 'scrapy.downloadermiddlewares.useragent.UserAgentMiddleware',
 'scrapy.downloadermiddlewares.retry.RetryMiddleware',
 'scrapy.downloadermiddlewares.redirect.MetaRefreshMiddleware',
 'scrapy.downloadermiddlewares.httpcompression.HttpCompressionMiddleware',
 'scrapy.downloadermiddlewares.redirect.RedirectMiddleware',
 'scrapy.downloadermiddlewares.cookies.CookiesMiddleware',
 'scrapy.downloadermiddlewares.httpproxy.HttpProxyMiddleware',
 'scrapy.downloadermiddlewares.stats.DownloaderStats']
2025-06-22 12:06:42 [scrapy.middleware] INFO: Enabled spider middlewares:
['scrapy.spidermiddlewares.httperror.HttpErrorMiddleware',
 'scrapy.spidermiddlewares.referer.RefererMiddleware',
 'scrapy.spidermiddlewares.urllength.UrlLengthMiddleware',
 'scrapy.spidermiddlewares.depth.DepthMiddleware']
2025-06-22 12:06:42 [scrapy.middleware] INFO: Enabled item pipelines:
['bingo_scrapy.pipelines.CsvPipeline', 'bingo_scrapy.pipelines.DbPipeline']
2025-06-22 12:06:42 [scrapy.core.engine] INFO: Spider opened
2025-06-22 12:06:42 [root] INFO: Opening spider and establishing database connection.
2025-06-22 12:06:42 [root] INFO: DELETE_OLD_DATA: True
2025-06-22 12:06:42 [root] INFO: Table dropped.
2025-06-22 12:06:42 [root] INFO: Checking if table dbo.bingo exists.
2025-06-22 12:06:42 [root] INFO: Table dbo.bingo does not exist. Creating table.
2025-06-22 12:06:43 [root] INFO: Table dbo.bingo created successfully.
2025-06-22 12:06:43 [root] INFO: Database connection established and table checked/created.
2025-06-22 12:06:43 [scrapy.extensions.logstats] INFO: Crawled 0 pages (at 0 pages/min), scraped 0 items (at 0 items/min)
2025-06-22 12:06:43 [scrapy.extensions.telnet] INFO: Telnet console listening on 127.0.0.1:6023
2025-06-22 12:06:43 [root] INFO: Using CRAWL_DATE: ['2025-06-22']
2025-06-22 12:06:43 [root] INFO: 爬取日期: 2025-06-22
2025-06-22 12:06:43 [root] INFO: Processing page: https://api.taiwanlottery.com/TLCAPIWeB/Lottery/BingoResult?openDate=2025-06-22&pageNum=1&pageSize=1
2025-06-22 12:06:43 [root] INFO: Finished processing page: https://api.taiwanlottery.com/TLCAPIWeB/Lottery/BingoResult?openDate=2025-06-22&pageNum=7&pageSize=10
2025-06-22 12:06:46 [root] INFO: Item processed and committed to database.
2025-06-22 12:06:46 [root] INFO: Database connection closed after processing item.
2025-06-22 12:06:46 [scrapy.core.engine] INFO: Closing spider (finished)
2025-06-22 12:06:46 [root] INFO: Database connection closed.
2025-06-22 12:06:46 [scrapy.statscollectors] INFO: Dumping Scrapy stats:
{'downloader/request_bytes': 292,
 'downloader/request_count': 1,
 'downloader/request_method_count/GET': 1,
 'downloader/response_bytes': 1120,
 'downloader/response_count': 1,
 'downloader/response_status_count/200': 1,
 'elapsed_time_seconds': 3.057426,
 'finish_reason': 'finished',
 'finish_time': datetime.datetime(2025, 6, 22, 4, 6, 46, 114606, tzinfo=datetime.timezone.utc),
 'httpcompression/response_bytes': 1897,
 'httpcompression/response_count': 1,
 'item_scraped_count': 1,
 'items_per_minute': None,
 'log_count/INFO': 24,
 'response_received_count': 1,
 'responses_per_minute': None,
 'scheduler/dequeued': 1,
 'scheduler/dequeued/memory': 1,
 'scheduler/enqueued': 1,
 'scheduler/enqueued/memory': 1,
 'start_time': datetime.datetime(2025, 6, 22, 4, 6, 43, 57180, tzinfo=datetime.timezone.utc)}
2025-06-22 12:06:46 [scrapy.core.engine] INFO: Spider closed (finished)
2025-06-22 12:11:43 [scrapy.utils.log] INFO: Scrapy 2.12.0 started (bot: bingo_scrapy)
2025-06-22 12:11:43 [scrapy.utils.log] INFO: Versions: lxml 5.3.1.0, libxml2 2.11.7, cssselect 1.3.0, parsel 1.10.0, w3lib 2.3.1, Twisted 24.11.0, Python 3.11.0 (main, Oct 24 2022, 18:26:48) [MSC v.1933 64 bit (AMD64)], pyOpenSSL 25.0.0 (OpenSSL 3.4.1 11 Feb 2025), cryptography 44.0.2, Platform Windows-10-10.0.26100-SP0
2025-06-22 12:11:43 [scrapy.addons] INFO: Enabled addons:
[]
2025-06-22 12:11:43 [scrapy.extensions.telnet] INFO: Telnet Password: 518c98e5b3dfddb8
2025-06-22 12:11:43 [scrapy.middleware] INFO: Enabled extensions:
['scrapy.extensions.corestats.CoreStats',
 'scrapy.extensions.telnet.TelnetConsole',
 'scrapy.extensions.logstats.LogStats']
2025-06-22 12:11:43 [scrapy.crawler] INFO: Overridden settings:
{'BOT_NAME': 'bingo_scrapy',
 'LOG_FILE': 'bingo_spider.log',
 'LOG_LEVEL': 'INFO',
 'NEWSPIDER_MODULE': 'bingo_scrapy.spiders',
 'SPIDER_MODULES': ['bingo_scrapy.spiders']}
2025-06-22 12:11:43 [scrapy.middleware] INFO: Enabled downloader middlewares:
['scrapy.downloadermiddlewares.offsite.OffsiteMiddleware',
 'scrapy.downloadermiddlewares.httpauth.HttpAuthMiddleware',
 'scrapy.downloadermiddlewares.downloadtimeout.DownloadTimeoutMiddleware',
 'scrapy.downloadermiddlewares.defaultheaders.DefaultHeadersMiddleware',
 'scrapy.downloadermiddlewares.useragent.UserAgentMiddleware',
 'scrapy.downloadermiddlewares.retry.RetryMiddleware',
 'scrapy.downloadermiddlewares.redirect.MetaRefreshMiddleware',
 'scrapy.downloadermiddlewares.httpcompression.HttpCompressionMiddleware',
 'scrapy.downloadermiddlewares.redirect.RedirectMiddleware',
 'scrapy.downloadermiddlewares.cookies.CookiesMiddleware',
 'scrapy.downloadermiddlewares.httpproxy.HttpProxyMiddleware',
 'scrapy.downloadermiddlewares.stats.DownloaderStats']
2025-06-22 12:11:43 [scrapy.middleware] INFO: Enabled spider middlewares:
['scrapy.spidermiddlewares.httperror.HttpErrorMiddleware',
 'scrapy.spidermiddlewares.referer.RefererMiddleware',
 'scrapy.spidermiddlewares.urllength.UrlLengthMiddleware',
 'scrapy.spidermiddlewares.depth.DepthMiddleware']
2025-06-22 12:11:43 [scrapy.middleware] INFO: Enabled item pipelines:
['bingo_scrapy.pipelines.CsvPipeline', 'bingo_scrapy.pipelines.DbPipeline']
2025-06-22 12:11:43 [scrapy.core.engine] INFO: Spider opened
2025-06-22 12:11:43 [root] INFO: Opening spider and establishing database connection.
2025-06-22 12:11:43 [root] INFO: DELETE_OLD_DATA: True
2025-06-22 12:11:43 [root] INFO: Table dropped.
2025-06-22 12:11:43 [root] INFO: Checking if table dbo.bingo exists.
2025-06-22 12:11:44 [root] INFO: Table dbo.bingo does not exist. Creating table.
2025-06-22 12:11:44 [root] INFO: Table dbo.bingo created successfully.
2025-06-22 12:11:44 [root] INFO: Database connection established and table checked/created.
2025-06-22 12:11:44 [scrapy.extensions.logstats] INFO: Crawled 0 pages (at 0 pages/min), scraped 0 items (at 0 items/min)
2025-06-22 12:11:44 [scrapy.extensions.telnet] INFO: Telnet console listening on 127.0.0.1:6023
2025-06-22 12:11:44 [root] INFO: Using CRAWL_DATE: ['2025-06-22']
2025-06-22 12:11:44 [root] INFO: 爬取日期: 2025-06-22
2025-06-22 12:11:44 [root] INFO: Processing page: https://api.taiwanlottery.com/TLCAPIWeB/Lottery/BingoResult?openDate=2025-06-22&pageNum=1&pageSize=1
2025-06-22 12:11:45 [root] INFO: Finished processing page: https://api.taiwanlottery.com/TLCAPIWeB/Lottery/BingoResult?openDate=2025-06-22&pageNum=7&pageSize=10
2025-06-22 12:11:47 [root] INFO: Item processed and committed to database.
2025-06-22 12:11:47 [root] INFO: Database connection closed after processing item.
2025-06-22 12:11:47 [scrapy.core.engine] INFO: Closing spider (finished)
2025-06-22 12:11:47 [root] INFO: Database connection closed.
2025-06-22 12:11:47 [scrapy.statscollectors] INFO: Dumping Scrapy stats:
{'downloader/request_bytes': 292,
 'downloader/request_count': 1,
 'downloader/request_method_count/GET': 1,
 'downloader/response_bytes': 1123,
 'downloader/response_count': 1,
 'downloader/response_status_count/200': 1,
 'elapsed_time_seconds': 3.00829,
 'finish_reason': 'finished',
 'finish_time': datetime.datetime(2025, 6, 22, 4, 11, 47, 137116, tzinfo=datetime.timezone.utc),
 'httpcompression/response_bytes': 1897,
 'httpcompression/response_count': 1,
 'item_scraped_count': 1,
 'items_per_minute': None,
 'log_count/INFO': 24,
 'response_received_count': 1,
 'responses_per_minute': None,
 'scheduler/dequeued': 1,
 'scheduler/dequeued/memory': 1,
 'scheduler/enqueued': 1,
 'scheduler/enqueued/memory': 1,
 'start_time': datetime.datetime(2025, 6, 22, 4, 11, 44, 128826, tzinfo=datetime.timezone.utc)}
2025-06-22 12:11:47 [scrapy.core.engine] INFO: Spider closed (finished)
2025-06-22 12:16:42 [scrapy.utils.log] INFO: Scrapy 2.12.0 started (bot: bingo_scrapy)
2025-06-22 12:16:42 [scrapy.utils.log] INFO: Versions: lxml 5.3.1.0, libxml2 2.11.7, cssselect 1.3.0, parsel 1.10.0, w3lib 2.3.1, Twisted 24.11.0, Python 3.11.0 (main, Oct 24 2022, 18:26:48) [MSC v.1933 64 bit (AMD64)], pyOpenSSL 25.0.0 (OpenSSL 3.4.1 11 Feb 2025), cryptography 44.0.2, Platform Windows-10-10.0.26100-SP0
2025-06-22 12:16:42 [scrapy.addons] INFO: Enabled addons:
[]
2025-06-22 12:16:42 [scrapy.extensions.telnet] INFO: Telnet Password: 113de5432ef9de04
2025-06-22 12:16:42 [scrapy.middleware] INFO: Enabled extensions:
['scrapy.extensions.corestats.CoreStats',
 'scrapy.extensions.telnet.TelnetConsole',
 'scrapy.extensions.logstats.LogStats']
2025-06-22 12:16:42 [scrapy.crawler] INFO: Overridden settings:
{'BOT_NAME': 'bingo_scrapy',
 'LOG_FILE': 'bingo_spider.log',
 'LOG_LEVEL': 'INFO',
 'NEWSPIDER_MODULE': 'bingo_scrapy.spiders',
 'SPIDER_MODULES': ['bingo_scrapy.spiders']}
2025-06-22 12:16:42 [scrapy.middleware] INFO: Enabled downloader middlewares:
['scrapy.downloadermiddlewares.offsite.OffsiteMiddleware',
 'scrapy.downloadermiddlewares.httpauth.HttpAuthMiddleware',
 'scrapy.downloadermiddlewares.downloadtimeout.DownloadTimeoutMiddleware',
 'scrapy.downloadermiddlewares.defaultheaders.DefaultHeadersMiddleware',
 'scrapy.downloadermiddlewares.useragent.UserAgentMiddleware',
 'scrapy.downloadermiddlewares.retry.RetryMiddleware',
 'scrapy.downloadermiddlewares.redirect.MetaRefreshMiddleware',
 'scrapy.downloadermiddlewares.httpcompression.HttpCompressionMiddleware',
 'scrapy.downloadermiddlewares.redirect.RedirectMiddleware',
 'scrapy.downloadermiddlewares.cookies.CookiesMiddleware',
 'scrapy.downloadermiddlewares.httpproxy.HttpProxyMiddleware',
 'scrapy.downloadermiddlewares.stats.DownloaderStats']
2025-06-22 12:16:42 [scrapy.middleware] INFO: Enabled spider middlewares:
['scrapy.spidermiddlewares.httperror.HttpErrorMiddleware',
 'scrapy.spidermiddlewares.referer.RefererMiddleware',
 'scrapy.spidermiddlewares.urllength.UrlLengthMiddleware',
 'scrapy.spidermiddlewares.depth.DepthMiddleware']
2025-06-22 12:16:42 [scrapy.middleware] INFO: Enabled item pipelines:
['bingo_scrapy.pipelines.CsvPipeline', 'bingo_scrapy.pipelines.DbPipeline']
2025-06-22 12:16:42 [scrapy.core.engine] INFO: Spider opened
2025-06-22 12:16:42 [root] INFO: Opening spider and establishing database connection.
2025-06-22 12:16:43 [root] INFO: DELETE_OLD_DATA: True
2025-06-22 12:16:43 [root] INFO: Table dropped.
2025-06-22 12:16:43 [root] INFO: Checking if table dbo.bingo exists.
2025-06-22 12:16:43 [root] INFO: Table dbo.bingo does not exist. Creating table.
2025-06-22 12:16:43 [root] INFO: Table dbo.bingo created successfully.
2025-06-22 12:16:43 [root] INFO: Database connection established and table checked/created.
2025-06-22 12:16:43 [scrapy.extensions.logstats] INFO: Crawled 0 pages (at 0 pages/min), scraped 0 items (at 0 items/min)
2025-06-22 12:16:43 [scrapy.extensions.telnet] INFO: Telnet console listening on 127.0.0.1:6023
2025-06-22 12:16:43 [root] INFO: Using CRAWL_DATE: ['2025-06-22']
2025-06-22 12:16:43 [root] INFO: 爬取日期: 2025-06-22
2025-06-22 12:16:43 [root] INFO: Processing page: https://api.taiwanlottery.com/TLCAPIWeB/Lottery/BingoResult?openDate=2025-06-22&pageNum=1&pageSize=1
2025-06-22 12:16:44 [root] INFO: Finished processing page: https://api.taiwanlottery.com/TLCAPIWeB/Lottery/BingoResult?openDate=2025-06-22&pageNum=7&pageSize=10
2025-06-22 12:16:47 [root] INFO: Item processed and committed to database.
2025-06-22 12:16:47 [root] INFO: Database connection closed after processing item.
2025-06-22 12:16:47 [scrapy.core.engine] INFO: Closing spider (finished)
2025-06-22 12:16:47 [root] INFO: Database connection closed.
2025-06-22 12:16:47 [scrapy.statscollectors] INFO: Dumping Scrapy stats:
{'downloader/request_bytes': 292,
 'downloader/request_count': 1,
 'downloader/request_method_count/GET': 1,
 'downloader/response_bytes': 1123,
 'downloader/response_count': 1,
 'downloader/response_status_count/200': 1,
 'elapsed_time_seconds': 3.738972,
 'finish_reason': 'finished',
 'finish_time': datetime.datetime(2025, 6, 22, 4, 16, 47, 151018, tzinfo=datetime.timezone.utc),
 'httpcompression/response_bytes': 1895,
 'httpcompression/response_count': 1,
 'item_scraped_count': 1,
 'items_per_minute': None,
 'log_count/INFO': 24,
 'response_received_count': 1,
 'responses_per_minute': None,
 'scheduler/dequeued': 1,
 'scheduler/dequeued/memory': 1,
 'scheduler/enqueued': 1,
 'scheduler/enqueued/memory': 1,
 'start_time': datetime.datetime(2025, 6, 22, 4, 16, 43, 412046, tzinfo=datetime.timezone.utc)}
2025-06-22 12:16:47 [scrapy.core.engine] INFO: Spider closed (finished)
2025-06-22 12:21:42 [scrapy.utils.log] INFO: Scrapy 2.12.0 started (bot: bingo_scrapy)
2025-06-22 12:21:42 [scrapy.utils.log] INFO: Versions: lxml 5.3.1.0, libxml2 2.11.7, cssselect 1.3.0, parsel 1.10.0, w3lib 2.3.1, Twisted 24.11.0, Python 3.11.0 (main, Oct 24 2022, 18:26:48) [MSC v.1933 64 bit (AMD64)], pyOpenSSL 25.0.0 (OpenSSL 3.4.1 11 Feb 2025), cryptography 44.0.2, Platform Windows-10-10.0.26100-SP0
2025-06-22 12:21:42 [scrapy.addons] INFO: Enabled addons:
[]
2025-06-22 12:21:42 [scrapy.extensions.telnet] INFO: Telnet Password: 7ebbe91e162eab81
2025-06-22 12:21:42 [scrapy.middleware] INFO: Enabled extensions:
['scrapy.extensions.corestats.CoreStats',
 'scrapy.extensions.telnet.TelnetConsole',
 'scrapy.extensions.logstats.LogStats']
2025-06-22 12:21:42 [scrapy.crawler] INFO: Overridden settings:
{'BOT_NAME': 'bingo_scrapy',
 'LOG_FILE': 'bingo_spider.log',
 'LOG_LEVEL': 'INFO',
 'NEWSPIDER_MODULE': 'bingo_scrapy.spiders',
 'SPIDER_MODULES': ['bingo_scrapy.spiders']}
2025-06-22 12:21:42 [scrapy.middleware] INFO: Enabled downloader middlewares:
['scrapy.downloadermiddlewares.offsite.OffsiteMiddleware',
 'scrapy.downloadermiddlewares.httpauth.HttpAuthMiddleware',
 'scrapy.downloadermiddlewares.downloadtimeout.DownloadTimeoutMiddleware',
 'scrapy.downloadermiddlewares.defaultheaders.DefaultHeadersMiddleware',
 'scrapy.downloadermiddlewares.useragent.UserAgentMiddleware',
 'scrapy.downloadermiddlewares.retry.RetryMiddleware',
 'scrapy.downloadermiddlewares.redirect.MetaRefreshMiddleware',
 'scrapy.downloadermiddlewares.httpcompression.HttpCompressionMiddleware',
 'scrapy.downloadermiddlewares.redirect.RedirectMiddleware',
 'scrapy.downloadermiddlewares.cookies.CookiesMiddleware',
 'scrapy.downloadermiddlewares.httpproxy.HttpProxyMiddleware',
 'scrapy.downloadermiddlewares.stats.DownloaderStats']
2025-06-22 12:21:42 [scrapy.middleware] INFO: Enabled spider middlewares:
['scrapy.spidermiddlewares.httperror.HttpErrorMiddleware',
 'scrapy.spidermiddlewares.referer.RefererMiddleware',
 'scrapy.spidermiddlewares.urllength.UrlLengthMiddleware',
 'scrapy.spidermiddlewares.depth.DepthMiddleware']
2025-06-22 12:21:42 [scrapy.middleware] INFO: Enabled item pipelines:
['bingo_scrapy.pipelines.CsvPipeline', 'bingo_scrapy.pipelines.DbPipeline']
2025-06-22 12:21:42 [scrapy.core.engine] INFO: Spider opened
2025-06-22 12:21:42 [root] INFO: Opening spider and establishing database connection.
2025-06-22 12:21:42 [root] INFO: DELETE_OLD_DATA: True
2025-06-22 12:21:42 [root] INFO: Table dropped.
2025-06-22 12:21:42 [root] INFO: Checking if table dbo.bingo exists.
2025-06-22 12:21:42 [root] INFO: Table dbo.bingo does not exist. Creating table.
2025-06-22 12:21:43 [root] INFO: Table dbo.bingo created successfully.
2025-06-22 12:21:43 [root] INFO: Database connection established and table checked/created.
2025-06-22 12:21:43 [scrapy.extensions.logstats] INFO: Crawled 0 pages (at 0 pages/min), scraped 0 items (at 0 items/min)
2025-06-22 12:21:43 [scrapy.extensions.telnet] INFO: Telnet console listening on 127.0.0.1:6023
2025-06-22 12:21:43 [root] INFO: Using CRAWL_DATE: ['2025-06-22']
2025-06-22 12:21:43 [root] INFO: 爬取日期: 2025-06-22
2025-06-22 12:21:43 [root] INFO: Processing page: https://api.taiwanlottery.com/TLCAPIWeB/Lottery/BingoResult?openDate=2025-06-22&pageNum=1&pageSize=1
2025-06-22 12:21:44 [root] INFO: Finished processing page: https://api.taiwanlottery.com/TLCAPIWeB/Lottery/BingoResult?openDate=2025-06-22&pageNum=7&pageSize=10
2025-06-22 12:21:47 [root] INFO: Item processed and committed to database.
2025-06-22 12:21:47 [root] INFO: Database connection closed after processing item.
2025-06-22 12:21:47 [scrapy.core.engine] INFO: Closing spider (finished)
2025-06-22 12:21:47 [root] INFO: Database connection closed.
2025-06-22 12:21:47 [scrapy.statscollectors] INFO: Dumping Scrapy stats:
{'downloader/request_bytes': 292,
 'downloader/request_count': 1,
 'downloader/request_method_count/GET': 1,
 'downloader/response_bytes': 1128,
 'downloader/response_count': 1,
 'downloader/response_status_count/200': 1,
 'elapsed_time_seconds': 3.905121,
 'finish_reason': 'finished',
 'finish_time': datetime.datetime(2025, 6, 22, 4, 21, 47, 79517, tzinfo=datetime.timezone.utc),
 'httpcompression/response_bytes': 1896,
 'httpcompression/response_count': 1,
 'item_scraped_count': 1,
 'items_per_minute': None,
 'log_count/INFO': 24,
 'response_received_count': 1,
 'responses_per_minute': None,
 'scheduler/dequeued': 1,
 'scheduler/dequeued/memory': 1,
 'scheduler/enqueued': 1,
 'scheduler/enqueued/memory': 1,
 'start_time': datetime.datetime(2025, 6, 22, 4, 21, 43, 174396, tzinfo=datetime.timezone.utc)}
2025-06-22 12:21:47 [scrapy.core.engine] INFO: Spider closed (finished)
2025-06-22 12:26:42 [scrapy.utils.log] INFO: Scrapy 2.12.0 started (bot: bingo_scrapy)
2025-06-22 12:26:42 [scrapy.utils.log] INFO: Versions: lxml 5.3.1.0, libxml2 2.11.7, cssselect 1.3.0, parsel 1.10.0, w3lib 2.3.1, Twisted 24.11.0, Python 3.11.0 (main, Oct 24 2022, 18:26:48) [MSC v.1933 64 bit (AMD64)], pyOpenSSL 25.0.0 (OpenSSL 3.4.1 11 Feb 2025), cryptography 44.0.2, Platform Windows-10-10.0.26100-SP0
2025-06-22 12:26:42 [scrapy.addons] INFO: Enabled addons:
[]
2025-06-22 12:26:42 [scrapy.extensions.telnet] INFO: Telnet Password: da4e0e149a6cf080
2025-06-22 12:26:42 [scrapy.middleware] INFO: Enabled extensions:
['scrapy.extensions.corestats.CoreStats',
 'scrapy.extensions.telnet.TelnetConsole',
 'scrapy.extensions.logstats.LogStats']
2025-06-22 12:26:42 [scrapy.crawler] INFO: Overridden settings:
{'BOT_NAME': 'bingo_scrapy',
 'LOG_FILE': 'bingo_spider.log',
 'LOG_LEVEL': 'INFO',
 'NEWSPIDER_MODULE': 'bingo_scrapy.spiders',
 'SPIDER_MODULES': ['bingo_scrapy.spiders']}
2025-06-22 12:26:42 [scrapy.middleware] INFO: Enabled downloader middlewares:
['scrapy.downloadermiddlewares.offsite.OffsiteMiddleware',
 'scrapy.downloadermiddlewares.httpauth.HttpAuthMiddleware',
 'scrapy.downloadermiddlewares.downloadtimeout.DownloadTimeoutMiddleware',
 'scrapy.downloadermiddlewares.defaultheaders.DefaultHeadersMiddleware',
 'scrapy.downloadermiddlewares.useragent.UserAgentMiddleware',
 'scrapy.downloadermiddlewares.retry.RetryMiddleware',
 'scrapy.downloadermiddlewares.redirect.MetaRefreshMiddleware',
 'scrapy.downloadermiddlewares.httpcompression.HttpCompressionMiddleware',
 'scrapy.downloadermiddlewares.redirect.RedirectMiddleware',
 'scrapy.downloadermiddlewares.cookies.CookiesMiddleware',
 'scrapy.downloadermiddlewares.httpproxy.HttpProxyMiddleware',
 'scrapy.downloadermiddlewares.stats.DownloaderStats']
2025-06-22 12:26:42 [scrapy.middleware] INFO: Enabled spider middlewares:
['scrapy.spidermiddlewares.httperror.HttpErrorMiddleware',
 'scrapy.spidermiddlewares.referer.RefererMiddleware',
 'scrapy.spidermiddlewares.urllength.UrlLengthMiddleware',
 'scrapy.spidermiddlewares.depth.DepthMiddleware']
2025-06-22 12:26:42 [scrapy.middleware] INFO: Enabled item pipelines:
['bingo_scrapy.pipelines.CsvPipeline', 'bingo_scrapy.pipelines.DbPipeline']
2025-06-22 12:26:42 [scrapy.core.engine] INFO: Spider opened
2025-06-22 12:26:42 [root] INFO: Opening spider and establishing database connection.
2025-06-22 12:26:43 [root] INFO: DELETE_OLD_DATA: True
2025-06-22 12:26:44 [root] INFO: Table dropped.
2025-06-22 12:26:44 [root] INFO: Checking if table dbo.bingo exists.
2025-06-22 12:26:44 [root] INFO: Table dbo.bingo does not exist. Creating table.
2025-06-22 12:26:44 [root] INFO: Table dbo.bingo created successfully.
2025-06-22 12:26:44 [root] INFO: Database connection established and table checked/created.
2025-06-22 12:26:44 [scrapy.extensions.logstats] INFO: Crawled 0 pages (at 0 pages/min), scraped 0 items (at 0 items/min)
2025-06-22 12:26:44 [scrapy.extensions.telnet] INFO: Telnet console listening on 127.0.0.1:6023
2025-06-22 12:26:44 [root] INFO: Using CRAWL_DATE: ['2025-06-22']
2025-06-22 12:26:44 [root] INFO: 爬取日期: 2025-06-22
2025-06-22 12:26:44 [root] INFO: Processing page: https://api.taiwanlottery.com/TLCAPIWeB/Lottery/BingoResult?openDate=2025-06-22&pageNum=1&pageSize=1
2025-06-22 12:26:45 [root] INFO: Finished processing page: https://api.taiwanlottery.com/TLCAPIWeB/Lottery/BingoResult?openDate=2025-06-22&pageNum=7&pageSize=10
2025-06-22 12:26:47 [root] INFO: Item processed and committed to database.
2025-06-22 12:26:47 [root] INFO: Database connection closed after processing item.
2025-06-22 12:26:47 [scrapy.core.engine] INFO: Closing spider (finished)
2025-06-22 12:26:47 [root] INFO: Database connection closed.
2025-06-22 12:26:47 [scrapy.statscollectors] INFO: Dumping Scrapy stats:
{'downloader/request_bytes': 292,
 'downloader/request_count': 1,
 'downloader/request_method_count/GET': 1,
 'downloader/response_bytes': 1129,
 'downloader/response_count': 1,
 'downloader/response_status_count/200': 1,
 'elapsed_time_seconds': 3.337743,
 'finish_reason': 'finished',
 'finish_time': datetime.datetime(2025, 6, 22, 4, 26, 47, 523085, tzinfo=datetime.timezone.utc),
 'httpcompression/response_bytes': 1895,
 'httpcompression/response_count': 1,
 'item_scraped_count': 1,
 'items_per_minute': None,
 'log_count/INFO': 24,
 'response_received_count': 1,
 'responses_per_minute': None,
 'scheduler/dequeued': 1,
 'scheduler/dequeued/memory': 1,
 'scheduler/enqueued': 1,
 'scheduler/enqueued/memory': 1,
 'start_time': datetime.datetime(2025, 6, 22, 4, 26, 44, 185342, tzinfo=datetime.timezone.utc)}
2025-06-22 12:26:47 [scrapy.core.engine] INFO: Spider closed (finished)
2025-06-22 12:31:42 [scrapy.utils.log] INFO: Scrapy 2.12.0 started (bot: bingo_scrapy)
2025-06-22 12:31:42 [scrapy.utils.log] INFO: Versions: lxml 5.3.1.0, libxml2 2.11.7, cssselect 1.3.0, parsel 1.10.0, w3lib 2.3.1, Twisted 24.11.0, Python 3.11.0 (main, Oct 24 2022, 18:26:48) [MSC v.1933 64 bit (AMD64)], pyOpenSSL 25.0.0 (OpenSSL 3.4.1 11 Feb 2025), cryptography 44.0.2, Platform Windows-10-10.0.26100-SP0
2025-06-22 12:31:42 [scrapy.addons] INFO: Enabled addons:
[]
2025-06-22 12:31:42 [scrapy.extensions.telnet] INFO: Telnet Password: 5cf0556de699a8e1
2025-06-22 12:31:42 [scrapy.middleware] INFO: Enabled extensions:
['scrapy.extensions.corestats.CoreStats',
 'scrapy.extensions.telnet.TelnetConsole',
 'scrapy.extensions.logstats.LogStats']
2025-06-22 12:31:42 [scrapy.crawler] INFO: Overridden settings:
{'BOT_NAME': 'bingo_scrapy',
 'LOG_FILE': 'bingo_spider.log',
 'LOG_LEVEL': 'INFO',
 'NEWSPIDER_MODULE': 'bingo_scrapy.spiders',
 'SPIDER_MODULES': ['bingo_scrapy.spiders']}
2025-06-22 12:31:42 [scrapy.middleware] INFO: Enabled downloader middlewares:
['scrapy.downloadermiddlewares.offsite.OffsiteMiddleware',
 'scrapy.downloadermiddlewares.httpauth.HttpAuthMiddleware',
 'scrapy.downloadermiddlewares.downloadtimeout.DownloadTimeoutMiddleware',
 'scrapy.downloadermiddlewares.defaultheaders.DefaultHeadersMiddleware',
 'scrapy.downloadermiddlewares.useragent.UserAgentMiddleware',
 'scrapy.downloadermiddlewares.retry.RetryMiddleware',
 'scrapy.downloadermiddlewares.redirect.MetaRefreshMiddleware',
 'scrapy.downloadermiddlewares.httpcompression.HttpCompressionMiddleware',
 'scrapy.downloadermiddlewares.redirect.RedirectMiddleware',
 'scrapy.downloadermiddlewares.cookies.CookiesMiddleware',
 'scrapy.downloadermiddlewares.httpproxy.HttpProxyMiddleware',
 'scrapy.downloadermiddlewares.stats.DownloaderStats']
2025-06-22 12:31:42 [scrapy.middleware] INFO: Enabled spider middlewares:
['scrapy.spidermiddlewares.httperror.HttpErrorMiddleware',
 'scrapy.spidermiddlewares.referer.RefererMiddleware',
 'scrapy.spidermiddlewares.urllength.UrlLengthMiddleware',
 'scrapy.spidermiddlewares.depth.DepthMiddleware']
2025-06-22 12:31:42 [scrapy.middleware] INFO: Enabled item pipelines:
['bingo_scrapy.pipelines.CsvPipeline', 'bingo_scrapy.pipelines.DbPipeline']
2025-06-22 12:31:42 [scrapy.core.engine] INFO: Spider opened
2025-06-22 12:31:42 [root] INFO: Opening spider and establishing database connection.
2025-06-22 12:31:42 [root] INFO: DELETE_OLD_DATA: True
2025-06-22 12:31:43 [root] INFO: Table dropped.
2025-06-22 12:31:43 [root] INFO: Checking if table dbo.bingo exists.
2025-06-22 12:31:43 [root] INFO: Table dbo.bingo does not exist. Creating table.
2025-06-22 12:31:43 [root] INFO: Table dbo.bingo created successfully.
2025-06-22 12:31:43 [root] INFO: Database connection established and table checked/created.
2025-06-22 12:31:43 [scrapy.extensions.logstats] INFO: Crawled 0 pages (at 0 pages/min), scraped 0 items (at 0 items/min)
2025-06-22 12:31:43 [scrapy.extensions.telnet] INFO: Telnet console listening on 127.0.0.1:6023
2025-06-22 12:31:43 [root] INFO: Using CRAWL_DATE: ['2025-06-22']
2025-06-22 12:31:43 [root] INFO: 爬取日期: 2025-06-22
2025-06-22 12:31:43 [root] INFO: Processing page: https://api.taiwanlottery.com/TLCAPIWeB/Lottery/BingoResult?openDate=2025-06-22&pageNum=1&pageSize=1
2025-06-22 12:31:50 [root] INFO: Finished processing page: https://api.taiwanlottery.com/TLCAPIWeB/Lottery/BingoResult?openDate=2025-06-22&pageNum=7&pageSize=10
2025-06-22 12:31:57 [root] INFO: Item processed and committed to database.
2025-06-22 12:31:57 [root] INFO: Database connection closed after processing item.
2025-06-22 12:31:57 [scrapy.core.engine] INFO: Closing spider (finished)
2025-06-22 12:31:57 [root] INFO: Database connection closed.
2025-06-22 12:31:57 [scrapy.statscollectors] INFO: Dumping Scrapy stats:
{'downloader/request_bytes': 292,
 'downloader/request_count': 1,
 'downloader/request_method_count/GET': 1,
 'downloader/response_bytes': 1118,
 'downloader/response_count': 1,
 'downloader/response_status_count/200': 1,
 'elapsed_time_seconds': 13.988604,
 'finish_reason': 'finished',
 'finish_time': datetime.datetime(2025, 6, 22, 4, 31, 57, 494973, tzinfo=datetime.timezone.utc),
 'httpcompression/response_bytes': 1895,
 'httpcompression/response_count': 1,
 'item_scraped_count': 1,
 'items_per_minute': None,
 'log_count/INFO': 24,
 'response_received_count': 1,
 'responses_per_minute': None,
 'scheduler/dequeued': 1,
 'scheduler/dequeued/memory': 1,
 'scheduler/enqueued': 1,
 'scheduler/enqueued/memory': 1,
 'start_time': datetime.datetime(2025, 6, 22, 4, 31, 43, 506369, tzinfo=datetime.timezone.utc)}
2025-06-22 12:31:57 [scrapy.core.engine] INFO: Spider closed (finished)
2025-06-22 12:36:42 [scrapy.utils.log] INFO: Scrapy 2.12.0 started (bot: bingo_scrapy)
2025-06-22 12:36:42 [scrapy.utils.log] INFO: Versions: lxml 5.3.1.0, libxml2 2.11.7, cssselect 1.3.0, parsel 1.10.0, w3lib 2.3.1, Twisted 24.11.0, Python 3.11.0 (main, Oct 24 2022, 18:26:48) [MSC v.1933 64 bit (AMD64)], pyOpenSSL 25.0.0 (OpenSSL 3.4.1 11 Feb 2025), cryptography 44.0.2, Platform Windows-10-10.0.26100-SP0
2025-06-22 12:36:42 [scrapy.addons] INFO: Enabled addons:
[]
2025-06-22 12:36:42 [scrapy.extensions.telnet] INFO: Telnet Password: 2124eacf83a4a4cd
2025-06-22 12:36:42 [scrapy.middleware] INFO: Enabled extensions:
['scrapy.extensions.corestats.CoreStats',
 'scrapy.extensions.telnet.TelnetConsole',
 'scrapy.extensions.logstats.LogStats']
2025-06-22 12:36:42 [scrapy.crawler] INFO: Overridden settings:
{'BOT_NAME': 'bingo_scrapy',
 'LOG_FILE': 'bingo_spider.log',
 'LOG_LEVEL': 'INFO',
 'NEWSPIDER_MODULE': 'bingo_scrapy.spiders',
 'SPIDER_MODULES': ['bingo_scrapy.spiders']}
2025-06-22 12:36:42 [scrapy.middleware] INFO: Enabled downloader middlewares:
['scrapy.downloadermiddlewares.offsite.OffsiteMiddleware',
 'scrapy.downloadermiddlewares.httpauth.HttpAuthMiddleware',
 'scrapy.downloadermiddlewares.downloadtimeout.DownloadTimeoutMiddleware',
 'scrapy.downloadermiddlewares.defaultheaders.DefaultHeadersMiddleware',
 'scrapy.downloadermiddlewares.useragent.UserAgentMiddleware',
 'scrapy.downloadermiddlewares.retry.RetryMiddleware',
 'scrapy.downloadermiddlewares.redirect.MetaRefreshMiddleware',
 'scrapy.downloadermiddlewares.httpcompression.HttpCompressionMiddleware',
 'scrapy.downloadermiddlewares.redirect.RedirectMiddleware',
 'scrapy.downloadermiddlewares.cookies.CookiesMiddleware',
 'scrapy.downloadermiddlewares.httpproxy.HttpProxyMiddleware',
 'scrapy.downloadermiddlewares.stats.DownloaderStats']
2025-06-22 12:36:42 [scrapy.middleware] INFO: Enabled spider middlewares:
['scrapy.spidermiddlewares.httperror.HttpErrorMiddleware',
 'scrapy.spidermiddlewares.referer.RefererMiddleware',
 'scrapy.spidermiddlewares.urllength.UrlLengthMiddleware',
 'scrapy.spidermiddlewares.depth.DepthMiddleware']
2025-06-22 12:36:42 [scrapy.middleware] INFO: Enabled item pipelines:
['bingo_scrapy.pipelines.CsvPipeline', 'bingo_scrapy.pipelines.DbPipeline']
2025-06-22 12:36:42 [scrapy.core.engine] INFO: Spider opened
2025-06-22 12:36:42 [root] INFO: Opening spider and establishing database connection.
2025-06-22 12:36:43 [root] INFO: DELETE_OLD_DATA: True
2025-06-22 12:36:43 [root] INFO: Table dropped.
2025-06-22 12:36:43 [root] INFO: Checking if table dbo.bingo exists.
2025-06-22 12:36:43 [root] INFO: Table dbo.bingo does not exist. Creating table.
2025-06-22 12:36:43 [root] INFO: Table dbo.bingo created successfully.
2025-06-22 12:36:43 [root] INFO: Database connection established and table checked/created.
2025-06-22 12:36:43 [scrapy.extensions.logstats] INFO: Crawled 0 pages (at 0 pages/min), scraped 0 items (at 0 items/min)
2025-06-22 12:36:43 [scrapy.extensions.telnet] INFO: Telnet console listening on 127.0.0.1:6023
2025-06-22 12:36:43 [root] INFO: Using CRAWL_DATE: ['2025-06-22']
2025-06-22 12:36:43 [root] INFO: 爬取日期: 2025-06-22
2025-06-22 12:36:44 [root] INFO: Processing page: https://api.taiwanlottery.com/TLCAPIWeB/Lottery/BingoResult?openDate=2025-06-22&pageNum=1&pageSize=1
2025-06-22 12:36:45 [root] INFO: Finished processing page: https://api.taiwanlottery.com/TLCAPIWeB/Lottery/BingoResult?openDate=2025-06-22&pageNum=7&pageSize=10
2025-06-22 12:36:48 [root] INFO: Item processed and committed to database.
2025-06-22 12:36:48 [root] INFO: Database connection closed after processing item.
2025-06-22 12:36:48 [scrapy.core.engine] INFO: Closing spider (finished)
2025-06-22 12:36:48 [root] INFO: Database connection closed.
2025-06-22 12:36:48 [scrapy.statscollectors] INFO: Dumping Scrapy stats:
{'downloader/request_bytes': 292,
 'downloader/request_count': 1,
 'downloader/request_method_count/GET': 1,
 'downloader/response_bytes': 1118,
 'downloader/response_count': 1,
 'downloader/response_status_count/200': 1,
 'elapsed_time_seconds': 4.432162,
 'finish_reason': 'finished',
 'finish_time': datetime.datetime(2025, 6, 22, 4, 36, 48, 228867, tzinfo=datetime.timezone.utc),
 'httpcompression/response_bytes': 1893,
 'httpcompression/response_count': 1,
 'item_scraped_count': 1,
 'items_per_minute': None,
 'log_count/INFO': 24,
 'response_received_count': 1,
 'responses_per_minute': None,
 'scheduler/dequeued': 1,
 'scheduler/dequeued/memory': 1,
 'scheduler/enqueued': 1,
 'scheduler/enqueued/memory': 1,
 'start_time': datetime.datetime(2025, 6, 22, 4, 36, 43, 796705, tzinfo=datetime.timezone.utc)}
2025-06-22 12:36:48 [scrapy.core.engine] INFO: Spider closed (finished)
2025-06-22 12:41:42 [scrapy.utils.log] INFO: Scrapy 2.12.0 started (bot: bingo_scrapy)
2025-06-22 12:41:42 [scrapy.utils.log] INFO: Versions: lxml 5.3.1.0, libxml2 2.11.7, cssselect 1.3.0, parsel 1.10.0, w3lib 2.3.1, Twisted 24.11.0, Python 3.11.0 (main, Oct 24 2022, 18:26:48) [MSC v.1933 64 bit (AMD64)], pyOpenSSL 25.0.0 (OpenSSL 3.4.1 11 Feb 2025), cryptography 44.0.2, Platform Windows-10-10.0.26100-SP0
2025-06-22 12:41:42 [scrapy.addons] INFO: Enabled addons:
[]
2025-06-22 12:41:42 [scrapy.extensions.telnet] INFO: Telnet Password: 182ba556f000ba6d
2025-06-22 12:41:42 [scrapy.middleware] INFO: Enabled extensions:
['scrapy.extensions.corestats.CoreStats',
 'scrapy.extensions.telnet.TelnetConsole',
 'scrapy.extensions.logstats.LogStats']
2025-06-22 12:41:42 [scrapy.crawler] INFO: Overridden settings:
{'BOT_NAME': 'bingo_scrapy',
 'LOG_FILE': 'bingo_spider.log',
 'LOG_LEVEL': 'INFO',
 'NEWSPIDER_MODULE': 'bingo_scrapy.spiders',
 'SPIDER_MODULES': ['bingo_scrapy.spiders']}
2025-06-22 12:41:42 [scrapy.middleware] INFO: Enabled downloader middlewares:
['scrapy.downloadermiddlewares.offsite.OffsiteMiddleware',
 'scrapy.downloadermiddlewares.httpauth.HttpAuthMiddleware',
 'scrapy.downloadermiddlewares.downloadtimeout.DownloadTimeoutMiddleware',
 'scrapy.downloadermiddlewares.defaultheaders.DefaultHeadersMiddleware',
 'scrapy.downloadermiddlewares.useragent.UserAgentMiddleware',
 'scrapy.downloadermiddlewares.retry.RetryMiddleware',
 'scrapy.downloadermiddlewares.redirect.MetaRefreshMiddleware',
 'scrapy.downloadermiddlewares.httpcompression.HttpCompressionMiddleware',
 'scrapy.downloadermiddlewares.redirect.RedirectMiddleware',
 'scrapy.downloadermiddlewares.cookies.CookiesMiddleware',
 'scrapy.downloadermiddlewares.httpproxy.HttpProxyMiddleware',
 'scrapy.downloadermiddlewares.stats.DownloaderStats']
2025-06-22 12:41:42 [scrapy.middleware] INFO: Enabled spider middlewares:
['scrapy.spidermiddlewares.httperror.HttpErrorMiddleware',
 'scrapy.spidermiddlewares.referer.RefererMiddleware',
 'scrapy.spidermiddlewares.urllength.UrlLengthMiddleware',
 'scrapy.spidermiddlewares.depth.DepthMiddleware']
2025-06-22 12:41:42 [scrapy.middleware] INFO: Enabled item pipelines:
['bingo_scrapy.pipelines.CsvPipeline', 'bingo_scrapy.pipelines.DbPipeline']
2025-06-22 12:41:42 [scrapy.core.engine] INFO: Spider opened
2025-06-22 12:41:42 [root] INFO: Opening spider and establishing database connection.
2025-06-22 12:41:42 [root] INFO: DELETE_OLD_DATA: True
2025-06-22 12:41:43 [root] INFO: Table dropped.
2025-06-22 12:41:43 [root] INFO: Checking if table dbo.bingo exists.
2025-06-22 12:41:43 [root] INFO: Table dbo.bingo does not exist. Creating table.
2025-06-22 12:41:43 [root] INFO: Table dbo.bingo created successfully.
2025-06-22 12:41:43 [root] INFO: Database connection established and table checked/created.
2025-06-22 12:41:43 [scrapy.extensions.logstats] INFO: Crawled 0 pages (at 0 pages/min), scraped 0 items (at 0 items/min)
2025-06-22 12:41:43 [scrapy.extensions.telnet] INFO: Telnet console listening on 127.0.0.1:6023
2025-06-22 12:41:43 [root] INFO: Using CRAWL_DATE: ['2025-06-22']
2025-06-22 12:41:43 [root] INFO: 爬取日期: 2025-06-22
2025-06-22 12:41:43 [root] INFO: Processing page: https://api.taiwanlottery.com/TLCAPIWeB/Lottery/BingoResult?openDate=2025-06-22&pageNum=1&pageSize=1
2025-06-22 12:41:44 [root] INFO: Finished processing page: https://api.taiwanlottery.com/TLCAPIWeB/Lottery/BingoResult?openDate=2025-06-22&pageNum=7&pageSize=10
2025-06-22 12:41:47 [root] INFO: Item processed and committed to database.
2025-06-22 12:41:47 [root] INFO: Database connection closed after processing item.
2025-06-22 12:41:47 [scrapy.core.engine] INFO: Closing spider (finished)
2025-06-22 12:41:47 [root] INFO: Database connection closed.
2025-06-22 12:41:47 [scrapy.statscollectors] INFO: Dumping Scrapy stats:
{'downloader/request_bytes': 292,
 'downloader/request_count': 1,
 'downloader/request_method_count/GET': 1,
 'downloader/response_bytes': 1122,
 'downloader/response_count': 1,
 'downloader/response_status_count/200': 1,
 'elapsed_time_seconds': 3.928974,
 'finish_reason': 'finished',
 'finish_time': datetime.datetime(2025, 6, 22, 4, 41, 47, 199253, tzinfo=datetime.timezone.utc),
 'httpcompression/response_bytes': 1900,
 'httpcompression/response_count': 1,
 'item_scraped_count': 1,
 'items_per_minute': None,
 'log_count/INFO': 24,
 'response_received_count': 1,
 'responses_per_minute': None,
 'scheduler/dequeued': 1,
 'scheduler/dequeued/memory': 1,
 'scheduler/enqueued': 1,
 'scheduler/enqueued/memory': 1,
 'start_time': datetime.datetime(2025, 6, 22, 4, 41, 43, 270279, tzinfo=datetime.timezone.utc)}
2025-06-22 12:41:47 [scrapy.core.engine] INFO: Spider closed (finished)
2025-06-22 12:46:42 [scrapy.utils.log] INFO: Scrapy 2.12.0 started (bot: bingo_scrapy)
2025-06-22 12:46:42 [scrapy.utils.log] INFO: Versions: lxml 5.3.1.0, libxml2 2.11.7, cssselect 1.3.0, parsel 1.10.0, w3lib 2.3.1, Twisted 24.11.0, Python 3.11.0 (main, Oct 24 2022, 18:26:48) [MSC v.1933 64 bit (AMD64)], pyOpenSSL 25.0.0 (OpenSSL 3.4.1 11 Feb 2025), cryptography 44.0.2, Platform Windows-10-10.0.26100-SP0
2025-06-22 12:46:42 [scrapy.addons] INFO: Enabled addons:
[]
2025-06-22 12:46:42 [scrapy.extensions.telnet] INFO: Telnet Password: 2ae5dacbcadae310
2025-06-22 12:46:42 [scrapy.middleware] INFO: Enabled extensions:
['scrapy.extensions.corestats.CoreStats',
 'scrapy.extensions.telnet.TelnetConsole',
 'scrapy.extensions.logstats.LogStats']
2025-06-22 12:46:42 [scrapy.crawler] INFO: Overridden settings:
{'BOT_NAME': 'bingo_scrapy',
 'LOG_FILE': 'bingo_spider.log',
 'LOG_LEVEL': 'INFO',
 'NEWSPIDER_MODULE': 'bingo_scrapy.spiders',
 'SPIDER_MODULES': ['bingo_scrapy.spiders']}
2025-06-22 12:46:42 [scrapy.middleware] INFO: Enabled downloader middlewares:
['scrapy.downloadermiddlewares.offsite.OffsiteMiddleware',
 'scrapy.downloadermiddlewares.httpauth.HttpAuthMiddleware',
 'scrapy.downloadermiddlewares.downloadtimeout.DownloadTimeoutMiddleware',
 'scrapy.downloadermiddlewares.defaultheaders.DefaultHeadersMiddleware',
 'scrapy.downloadermiddlewares.useragent.UserAgentMiddleware',
 'scrapy.downloadermiddlewares.retry.RetryMiddleware',
 'scrapy.downloadermiddlewares.redirect.MetaRefreshMiddleware',
 'scrapy.downloadermiddlewares.httpcompression.HttpCompressionMiddleware',
 'scrapy.downloadermiddlewares.redirect.RedirectMiddleware',
 'scrapy.downloadermiddlewares.cookies.CookiesMiddleware',
 'scrapy.downloadermiddlewares.httpproxy.HttpProxyMiddleware',
 'scrapy.downloadermiddlewares.stats.DownloaderStats']
2025-06-22 12:46:42 [scrapy.middleware] INFO: Enabled spider middlewares:
['scrapy.spidermiddlewares.httperror.HttpErrorMiddleware',
 'scrapy.spidermiddlewares.referer.RefererMiddleware',
 'scrapy.spidermiddlewares.urllength.UrlLengthMiddleware',
 'scrapy.spidermiddlewares.depth.DepthMiddleware']
2025-06-22 12:46:42 [scrapy.middleware] INFO: Enabled item pipelines:
['bingo_scrapy.pipelines.CsvPipeline', 'bingo_scrapy.pipelines.DbPipeline']
2025-06-22 12:46:42 [scrapy.core.engine] INFO: Spider opened
2025-06-22 12:46:42 [root] INFO: Opening spider and establishing database connection.
2025-06-22 12:46:43 [root] INFO: DELETE_OLD_DATA: True
2025-06-22 12:46:43 [root] INFO: Table dropped.
2025-06-22 12:46:43 [root] INFO: Checking if table dbo.bingo exists.
2025-06-22 12:46:43 [root] INFO: Table dbo.bingo does not exist. Creating table.
2025-06-22 12:46:43 [root] INFO: Table dbo.bingo created successfully.
2025-06-22 12:46:43 [root] INFO: Database connection established and table checked/created.
2025-06-22 12:46:43 [scrapy.extensions.logstats] INFO: Crawled 0 pages (at 0 pages/min), scraped 0 items (at 0 items/min)
2025-06-22 12:46:43 [scrapy.extensions.telnet] INFO: Telnet console listening on 127.0.0.1:6023
2025-06-22 12:46:43 [root] INFO: Using CRAWL_DATE: ['2025-06-22']
2025-06-22 12:46:43 [root] INFO: 爬取日期: 2025-06-22
2025-06-22 12:46:43 [root] INFO: Processing page: https://api.taiwanlottery.com/TLCAPIWeB/Lottery/BingoResult?openDate=2025-06-22&pageNum=1&pageSize=1
2025-06-22 12:46:44 [root] INFO: Finished processing page: https://api.taiwanlottery.com/TLCAPIWeB/Lottery/BingoResult?openDate=2025-06-22&pageNum=7&pageSize=10
2025-06-22 12:46:47 [root] INFO: Item processed and committed to database.
2025-06-22 12:46:47 [root] INFO: Database connection closed after processing item.
2025-06-22 12:46:47 [scrapy.core.engine] INFO: Closing spider (finished)
2025-06-22 12:46:47 [root] INFO: Database connection closed.
2025-06-22 12:46:47 [scrapy.statscollectors] INFO: Dumping Scrapy stats:
{'downloader/request_bytes': 292,
 'downloader/request_count': 1,
 'downloader/request_method_count/GET': 1,
 'downloader/response_bytes': 1127,
 'downloader/response_count': 1,
 'downloader/response_status_count/200': 1,
 'elapsed_time_seconds': 4.032915,
 'finish_reason': 'finished',
 'finish_time': datetime.datetime(2025, 6, 22, 4, 46, 47, 506828, tzinfo=datetime.timezone.utc),
 'httpcompression/response_bytes': 1894,
 'httpcompression/response_count': 1,
 'item_scraped_count': 1,
 'items_per_minute': None,
 'log_count/INFO': 24,
 'response_received_count': 1,
 'responses_per_minute': None,
 'scheduler/dequeued': 1,
 'scheduler/dequeued/memory': 1,
 'scheduler/enqueued': 1,
 'scheduler/enqueued/memory': 1,
 'start_time': datetime.datetime(2025, 6, 22, 4, 46, 43, 473913, tzinfo=datetime.timezone.utc)}
2025-06-22 12:46:47 [scrapy.core.engine] INFO: Spider closed (finished)
2025-06-22 12:51:42 [scrapy.utils.log] INFO: Scrapy 2.12.0 started (bot: bingo_scrapy)
2025-06-22 12:51:42 [scrapy.utils.log] INFO: Versions: lxml 5.3.1.0, libxml2 2.11.7, cssselect 1.3.0, parsel 1.10.0, w3lib 2.3.1, Twisted 24.11.0, Python 3.11.0 (main, Oct 24 2022, 18:26:48) [MSC v.1933 64 bit (AMD64)], pyOpenSSL 25.0.0 (OpenSSL 3.4.1 11 Feb 2025), cryptography 44.0.2, Platform Windows-10-10.0.26100-SP0
2025-06-22 12:51:42 [scrapy.addons] INFO: Enabled addons:
[]
2025-06-22 12:51:42 [scrapy.extensions.telnet] INFO: Telnet Password: 9c6fcc43e240b444
2025-06-22 12:51:42 [scrapy.middleware] INFO: Enabled extensions:
['scrapy.extensions.corestats.CoreStats',
 'scrapy.extensions.telnet.TelnetConsole',
 'scrapy.extensions.logstats.LogStats']
2025-06-22 12:51:42 [scrapy.crawler] INFO: Overridden settings:
{'BOT_NAME': 'bingo_scrapy',
 'LOG_FILE': 'bingo_spider.log',
 'LOG_LEVEL': 'INFO',
 'NEWSPIDER_MODULE': 'bingo_scrapy.spiders',
 'SPIDER_MODULES': ['bingo_scrapy.spiders']}
2025-06-22 12:51:42 [scrapy.middleware] INFO: Enabled downloader middlewares:
['scrapy.downloadermiddlewares.offsite.OffsiteMiddleware',
 'scrapy.downloadermiddlewares.httpauth.HttpAuthMiddleware',
 'scrapy.downloadermiddlewares.downloadtimeout.DownloadTimeoutMiddleware',
 'scrapy.downloadermiddlewares.defaultheaders.DefaultHeadersMiddleware',
 'scrapy.downloadermiddlewares.useragent.UserAgentMiddleware',
 'scrapy.downloadermiddlewares.retry.RetryMiddleware',
 'scrapy.downloadermiddlewares.redirect.MetaRefreshMiddleware',
 'scrapy.downloadermiddlewares.httpcompression.HttpCompressionMiddleware',
 'scrapy.downloadermiddlewares.redirect.RedirectMiddleware',
 'scrapy.downloadermiddlewares.cookies.CookiesMiddleware',
 'scrapy.downloadermiddlewares.httpproxy.HttpProxyMiddleware',
 'scrapy.downloadermiddlewares.stats.DownloaderStats']
2025-06-22 12:51:42 [scrapy.middleware] INFO: Enabled spider middlewares:
['scrapy.spidermiddlewares.httperror.HttpErrorMiddleware',
 'scrapy.spidermiddlewares.referer.RefererMiddleware',
 'scrapy.spidermiddlewares.urllength.UrlLengthMiddleware',
 'scrapy.spidermiddlewares.depth.DepthMiddleware']
2025-06-22 12:51:42 [scrapy.middleware] INFO: Enabled item pipelines:
['bingo_scrapy.pipelines.CsvPipeline', 'bingo_scrapy.pipelines.DbPipeline']
2025-06-22 12:51:42 [scrapy.core.engine] INFO: Spider opened
2025-06-22 12:51:43 [root] INFO: Opening spider and establishing database connection.
2025-06-22 12:51:43 [root] INFO: DELETE_OLD_DATA: True
2025-06-22 12:51:43 [root] INFO: Table dropped.
2025-06-22 12:51:43 [root] INFO: Checking if table dbo.bingo exists.
2025-06-22 12:51:43 [root] INFO: Table dbo.bingo does not exist. Creating table.
2025-06-22 12:51:43 [root] INFO: Table dbo.bingo created successfully.
2025-06-22 12:51:43 [root] INFO: Database connection established and table checked/created.
2025-06-22 12:51:43 [scrapy.extensions.logstats] INFO: Crawled 0 pages (at 0 pages/min), scraped 0 items (at 0 items/min)
2025-06-22 12:51:43 [scrapy.extensions.telnet] INFO: Telnet console listening on 127.0.0.1:6023
2025-06-22 12:51:43 [root] INFO: Using CRAWL_DATE: ['2025-06-22']
2025-06-22 12:51:43 [root] INFO: 爬取日期: 2025-06-22
2025-06-22 12:51:43 [root] INFO: Processing page: https://api.taiwanlottery.com/TLCAPIWeB/Lottery/BingoResult?openDate=2025-06-22&pageNum=1&pageSize=1
2025-06-22 12:51:44 [root] INFO: Finished processing page: https://api.taiwanlottery.com/TLCAPIWeB/Lottery/BingoResult?openDate=2025-06-22&pageNum=8&pageSize=10
2025-06-22 12:51:47 [root] INFO: Item processed and committed to database.
2025-06-22 12:51:47 [root] INFO: Database connection closed after processing item.
2025-06-22 12:51:47 [scrapy.core.engine] INFO: Closing spider (finished)
2025-06-22 12:51:47 [root] INFO: Database connection closed.
2025-06-22 12:51:47 [scrapy.statscollectors] INFO: Dumping Scrapy stats:
{'downloader/request_bytes': 292,
 'downloader/request_count': 1,
 'downloader/request_method_count/GET': 1,
 'downloader/response_bytes': 1111,
 'downloader/response_count': 1,
 'downloader/response_status_count/200': 1,
 'elapsed_time_seconds': 4.058015,
 'finish_reason': 'finished',
 'finish_time': datetime.datetime(2025, 6, 22, 4, 51, 47, 578885, tzinfo=datetime.timezone.utc),
 'httpcompression/response_bytes': 1895,
 'httpcompression/response_count': 1,
 'item_scraped_count': 1,
 'items_per_minute': None,
 'log_count/INFO': 24,
 'response_received_count': 1,
 'responses_per_minute': None,
 'scheduler/dequeued': 1,
 'scheduler/dequeued/memory': 1,
 'scheduler/enqueued': 1,
 'scheduler/enqueued/memory': 1,
 'start_time': datetime.datetime(2025, 6, 22, 4, 51, 43, 520870, tzinfo=datetime.timezone.utc)}
2025-06-22 12:51:47 [scrapy.core.engine] INFO: Spider closed (finished)
2025-06-22 12:56:42 [scrapy.utils.log] INFO: Scrapy 2.12.0 started (bot: bingo_scrapy)
2025-06-22 12:56:42 [scrapy.utils.log] INFO: Versions: lxml 5.3.1.0, libxml2 2.11.7, cssselect 1.3.0, parsel 1.10.0, w3lib 2.3.1, Twisted 24.11.0, Python 3.11.0 (main, Oct 24 2022, 18:26:48) [MSC v.1933 64 bit (AMD64)], pyOpenSSL 25.0.0 (OpenSSL 3.4.1 11 Feb 2025), cryptography 44.0.2, Platform Windows-10-10.0.26100-SP0
2025-06-22 12:56:42 [scrapy.addons] INFO: Enabled addons:
[]
2025-06-22 12:56:42 [scrapy.extensions.telnet] INFO: Telnet Password: e088f07157c7a668
2025-06-22 12:56:42 [scrapy.middleware] INFO: Enabled extensions:
['scrapy.extensions.corestats.CoreStats',
 'scrapy.extensions.telnet.TelnetConsole',
 'scrapy.extensions.logstats.LogStats']
2025-06-22 12:56:42 [scrapy.crawler] INFO: Overridden settings:
{'BOT_NAME': 'bingo_scrapy',
 'LOG_FILE': 'bingo_spider.log',
 'LOG_LEVEL': 'INFO',
 'NEWSPIDER_MODULE': 'bingo_scrapy.spiders',
 'SPIDER_MODULES': ['bingo_scrapy.spiders']}
2025-06-22 12:56:42 [scrapy.middleware] INFO: Enabled downloader middlewares:
['scrapy.downloadermiddlewares.offsite.OffsiteMiddleware',
 'scrapy.downloadermiddlewares.httpauth.HttpAuthMiddleware',
 'scrapy.downloadermiddlewares.downloadtimeout.DownloadTimeoutMiddleware',
 'scrapy.downloadermiddlewares.defaultheaders.DefaultHeadersMiddleware',
 'scrapy.downloadermiddlewares.useragent.UserAgentMiddleware',
 'scrapy.downloadermiddlewares.retry.RetryMiddleware',
 'scrapy.downloadermiddlewares.redirect.MetaRefreshMiddleware',
 'scrapy.downloadermiddlewares.httpcompression.HttpCompressionMiddleware',
 'scrapy.downloadermiddlewares.redirect.RedirectMiddleware',
 'scrapy.downloadermiddlewares.cookies.CookiesMiddleware',
 'scrapy.downloadermiddlewares.httpproxy.HttpProxyMiddleware',
 'scrapy.downloadermiddlewares.stats.DownloaderStats']
2025-06-22 12:56:42 [scrapy.middleware] INFO: Enabled spider middlewares:
['scrapy.spidermiddlewares.httperror.HttpErrorMiddleware',
 'scrapy.spidermiddlewares.referer.RefererMiddleware',
 'scrapy.spidermiddlewares.urllength.UrlLengthMiddleware',
 'scrapy.spidermiddlewares.depth.DepthMiddleware']
2025-06-22 12:56:42 [scrapy.middleware] INFO: Enabled item pipelines:
['bingo_scrapy.pipelines.CsvPipeline', 'bingo_scrapy.pipelines.DbPipeline']
2025-06-22 12:56:42 [scrapy.core.engine] INFO: Spider opened
2025-06-22 12:56:42 [root] INFO: Opening spider and establishing database connection.
2025-06-22 12:56:54 [root] INFO: DELETE_OLD_DATA: True
2025-06-22 12:56:54 [root] INFO: Table dropped.
2025-06-22 12:56:54 [root] INFO: Checking if table dbo.bingo exists.
2025-06-22 12:56:54 [root] INFO: Table dbo.bingo does not exist. Creating table.
2025-06-22 12:56:54 [root] INFO: Table dbo.bingo created successfully.
2025-06-22 12:56:55 [root] INFO: Database connection established and table checked/created.
2025-06-22 12:56:55 [scrapy.extensions.logstats] INFO: Crawled 0 pages (at 0 pages/min), scraped 0 items (at 0 items/min)
2025-06-22 12:56:55 [scrapy.extensions.telnet] INFO: Telnet console listening on 127.0.0.1:6023
2025-06-22 12:56:55 [root] INFO: Using CRAWL_DATE: ['2025-06-22']
2025-06-22 12:56:55 [root] INFO: 爬取日期: 2025-06-22
2025-06-22 12:57:02 [root] INFO: Processing page: https://api.taiwanlottery.com/TLCAPIWeB/Lottery/BingoResult?openDate=2025-06-22&pageNum=1&pageSize=1
2025-06-22 12:57:05 [root] INFO: Finished processing page: https://api.taiwanlottery.com/TLCAPIWeB/Lottery/BingoResult?openDate=2025-06-22&pageNum=8&pageSize=10
2025-06-22 12:57:08 [root] INFO: Item processed and committed to database.
2025-06-22 12:57:08 [root] INFO: Database connection closed after processing item.
2025-06-22 12:57:08 [scrapy.core.engine] INFO: Closing spider (finished)
2025-06-22 12:57:08 [root] INFO: Database connection closed.
2025-06-22 12:57:08 [scrapy.statscollectors] INFO: Dumping Scrapy stats:
{'downloader/request_bytes': 292,
 'downloader/request_count': 1,
 'downloader/request_method_count/GET': 1,
 'downloader/response_bytes': 1131,
 'downloader/response_count': 1,
 'downloader/response_status_count/200': 1,
 'elapsed_time_seconds': 13.657306,
 'finish_reason': 'finished',
 'finish_time': datetime.datetime(2025, 6, 22, 4, 57, 8, 846678, tzinfo=datetime.timezone.utc),
 'httpcompression/response_bytes': 1897,
 'httpcompression/response_count': 1,
 'item_scraped_count': 1,
 'items_per_minute': None,
 'log_count/INFO': 24,
 'response_received_count': 1,
 'responses_per_minute': None,
 'scheduler/dequeued': 1,
 'scheduler/dequeued/memory': 1,
 'scheduler/enqueued': 1,
 'scheduler/enqueued/memory': 1,
 'start_time': datetime.datetime(2025, 6, 22, 4, 56, 55, 189372, tzinfo=datetime.timezone.utc)}
2025-06-22 12:57:08 [scrapy.core.engine] INFO: Spider closed (finished)
2025-06-22 13:01:42 [scrapy.utils.log] INFO: Scrapy 2.12.0 started (bot: bingo_scrapy)
2025-06-22 13:01:42 [scrapy.utils.log] INFO: Versions: lxml 5.3.1.0, libxml2 2.11.7, cssselect 1.3.0, parsel 1.10.0, w3lib 2.3.1, Twisted 24.11.0, Python 3.11.0 (main, Oct 24 2022, 18:26:48) [MSC v.1933 64 bit (AMD64)], pyOpenSSL 25.0.0 (OpenSSL 3.4.1 11 Feb 2025), cryptography 44.0.2, Platform Windows-10-10.0.26100-SP0
2025-06-22 13:01:42 [scrapy.addons] INFO: Enabled addons:
[]
2025-06-22 13:01:42 [scrapy.extensions.telnet] INFO: Telnet Password: 2f36c5825ebac9b3
2025-06-22 13:01:42 [scrapy.middleware] INFO: Enabled extensions:
['scrapy.extensions.corestats.CoreStats',
 'scrapy.extensions.telnet.TelnetConsole',
 'scrapy.extensions.logstats.LogStats']
2025-06-22 13:01:42 [scrapy.crawler] INFO: Overridden settings:
{'BOT_NAME': 'bingo_scrapy',
 'LOG_FILE': 'bingo_spider.log',
 'LOG_LEVEL': 'INFO',
 'NEWSPIDER_MODULE': 'bingo_scrapy.spiders',
 'SPIDER_MODULES': ['bingo_scrapy.spiders']}
2025-06-22 13:01:42 [scrapy.middleware] INFO: Enabled downloader middlewares:
['scrapy.downloadermiddlewares.offsite.OffsiteMiddleware',
 'scrapy.downloadermiddlewares.httpauth.HttpAuthMiddleware',
 'scrapy.downloadermiddlewares.downloadtimeout.DownloadTimeoutMiddleware',
 'scrapy.downloadermiddlewares.defaultheaders.DefaultHeadersMiddleware',
 'scrapy.downloadermiddlewares.useragent.UserAgentMiddleware',
 'scrapy.downloadermiddlewares.retry.RetryMiddleware',
 'scrapy.downloadermiddlewares.redirect.MetaRefreshMiddleware',
 'scrapy.downloadermiddlewares.httpcompression.HttpCompressionMiddleware',
 'scrapy.downloadermiddlewares.redirect.RedirectMiddleware',
 'scrapy.downloadermiddlewares.cookies.CookiesMiddleware',
 'scrapy.downloadermiddlewares.httpproxy.HttpProxyMiddleware',
 'scrapy.downloadermiddlewares.stats.DownloaderStats']
2025-06-22 13:01:42 [scrapy.middleware] INFO: Enabled spider middlewares:
['scrapy.spidermiddlewares.httperror.HttpErrorMiddleware',
 'scrapy.spidermiddlewares.referer.RefererMiddleware',
 'scrapy.spidermiddlewares.urllength.UrlLengthMiddleware',
 'scrapy.spidermiddlewares.depth.DepthMiddleware']
2025-06-22 13:01:42 [scrapy.middleware] INFO: Enabled item pipelines:
['bingo_scrapy.pipelines.CsvPipeline', 'bingo_scrapy.pipelines.DbPipeline']
2025-06-22 13:01:42 [scrapy.core.engine] INFO: Spider opened
2025-06-22 13:01:42 [root] INFO: Opening spider and establishing database connection.
2025-06-22 13:01:43 [root] INFO: DELETE_OLD_DATA: True
2025-06-22 13:01:43 [root] INFO: Table dropped.
2025-06-22 13:01:43 [root] INFO: Checking if table dbo.bingo exists.
2025-06-22 13:01:43 [root] INFO: Table dbo.bingo does not exist. Creating table.
2025-06-22 13:01:44 [root] INFO: Table dbo.bingo created successfully.
2025-06-22 13:01:44 [root] INFO: Database connection established and table checked/created.
2025-06-22 13:01:44 [scrapy.extensions.logstats] INFO: Crawled 0 pages (at 0 pages/min), scraped 0 items (at 0 items/min)
2025-06-22 13:01:44 [scrapy.extensions.telnet] INFO: Telnet console listening on 127.0.0.1:6023
2025-06-22 13:01:44 [root] INFO: Using CRAWL_DATE: ['2025-06-22']
2025-06-22 13:01:44 [root] INFO: 爬取日期: 2025-06-22
2025-06-22 13:01:45 [root] INFO: Processing page: https://api.taiwanlottery.com/TLCAPIWeB/Lottery/BingoResult?openDate=2025-06-22&pageNum=1&pageSize=1
2025-06-22 13:01:45 [root] INFO: Finished processing page: https://api.taiwanlottery.com/TLCAPIWeB/Lottery/BingoResult?openDate=2025-06-22&pageNum=8&pageSize=10
2025-06-22 13:01:48 [root] INFO: Item processed and committed to database.
2025-06-22 13:01:48 [root] INFO: Database connection closed after processing item.
2025-06-22 13:01:48 [scrapy.core.engine] INFO: Closing spider (finished)
2025-06-22 13:01:48 [root] INFO: Database connection closed.
2025-06-22 13:01:48 [scrapy.statscollectors] INFO: Dumping Scrapy stats:
{'downloader/request_bytes': 292,
 'downloader/request_count': 1,
 'downloader/request_method_count/GET': 1,
 'downloader/response_bytes': 1134,
 'downloader/response_count': 1,
 'downloader/response_status_count/200': 1,
 'elapsed_time_seconds': 3.486068,
 'finish_reason': 'finished',
 'finish_time': datetime.datetime(2025, 6, 22, 5, 1, 48, 286845, tzinfo=datetime.timezone.utc),
 'httpcompression/response_bytes': 1897,
 'httpcompression/response_count': 1,
 'item_scraped_count': 1,
 'items_per_minute': None,
 'log_count/INFO': 24,
 'response_received_count': 1,
 'responses_per_minute': None,
 'scheduler/dequeued': 1,
 'scheduler/dequeued/memory': 1,
 'scheduler/enqueued': 1,
 'scheduler/enqueued/memory': 1,
 'start_time': datetime.datetime(2025, 6, 22, 5, 1, 44, 800777, tzinfo=datetime.timezone.utc)}
2025-06-22 13:01:48 [scrapy.core.engine] INFO: Spider closed (finished)
2025-06-22 13:06:42 [scrapy.utils.log] INFO: Scrapy 2.12.0 started (bot: bingo_scrapy)
2025-06-22 13:06:42 [scrapy.utils.log] INFO: Versions: lxml 5.3.1.0, libxml2 2.11.7, cssselect 1.3.0, parsel 1.10.0, w3lib 2.3.1, Twisted 24.11.0, Python 3.11.0 (main, Oct 24 2022, 18:26:48) [MSC v.1933 64 bit (AMD64)], pyOpenSSL 25.0.0 (OpenSSL 3.4.1 11 Feb 2025), cryptography 44.0.2, Platform Windows-10-10.0.26100-SP0
2025-06-22 13:06:42 [scrapy.addons] INFO: Enabled addons:
[]
2025-06-22 13:06:42 [scrapy.extensions.telnet] INFO: Telnet Password: 5c8ba9ae7fb93ce7
2025-06-22 13:06:42 [scrapy.middleware] INFO: Enabled extensions:
['scrapy.extensions.corestats.CoreStats',
 'scrapy.extensions.telnet.TelnetConsole',
 'scrapy.extensions.logstats.LogStats']
2025-06-22 13:06:42 [scrapy.crawler] INFO: Overridden settings:
{'BOT_NAME': 'bingo_scrapy',
 'LOG_FILE': 'bingo_spider.log',
 'LOG_LEVEL': 'INFO',
 'NEWSPIDER_MODULE': 'bingo_scrapy.spiders',
 'SPIDER_MODULES': ['bingo_scrapy.spiders']}
2025-06-22 13:06:42 [scrapy.middleware] INFO: Enabled downloader middlewares:
['scrapy.downloadermiddlewares.offsite.OffsiteMiddleware',
 'scrapy.downloadermiddlewares.httpauth.HttpAuthMiddleware',
 'scrapy.downloadermiddlewares.downloadtimeout.DownloadTimeoutMiddleware',
 'scrapy.downloadermiddlewares.defaultheaders.DefaultHeadersMiddleware',
 'scrapy.downloadermiddlewares.useragent.UserAgentMiddleware',
 'scrapy.downloadermiddlewares.retry.RetryMiddleware',
 'scrapy.downloadermiddlewares.redirect.MetaRefreshMiddleware',
 'scrapy.downloadermiddlewares.httpcompression.HttpCompressionMiddleware',
 'scrapy.downloadermiddlewares.redirect.RedirectMiddleware',
 'scrapy.downloadermiddlewares.cookies.CookiesMiddleware',
 'scrapy.downloadermiddlewares.httpproxy.HttpProxyMiddleware',
 'scrapy.downloadermiddlewares.stats.DownloaderStats']
2025-06-22 13:06:42 [scrapy.middleware] INFO: Enabled spider middlewares:
['scrapy.spidermiddlewares.httperror.HttpErrorMiddleware',
 'scrapy.spidermiddlewares.referer.RefererMiddleware',
 'scrapy.spidermiddlewares.urllength.UrlLengthMiddleware',
 'scrapy.spidermiddlewares.depth.DepthMiddleware']
2025-06-22 13:06:42 [scrapy.middleware] INFO: Enabled item pipelines:
['bingo_scrapy.pipelines.CsvPipeline', 'bingo_scrapy.pipelines.DbPipeline']
2025-06-22 13:06:42 [scrapy.core.engine] INFO: Spider opened
2025-06-22 13:06:42 [root] INFO: Opening spider and establishing database connection.
2025-06-22 13:06:43 [root] INFO: DELETE_OLD_DATA: True
2025-06-22 13:06:43 [root] INFO: Table dropped.
2025-06-22 13:06:43 [root] INFO: Checking if table dbo.bingo exists.
2025-06-22 13:06:43 [root] INFO: Table dbo.bingo does not exist. Creating table.
2025-06-22 13:06:43 [root] INFO: Table dbo.bingo created successfully.
2025-06-22 13:06:43 [root] INFO: Database connection established and table checked/created.
2025-06-22 13:06:43 [scrapy.extensions.logstats] INFO: Crawled 0 pages (at 0 pages/min), scraped 0 items (at 0 items/min)
2025-06-22 13:06:43 [scrapy.extensions.telnet] INFO: Telnet console listening on 127.0.0.1:6023
2025-06-22 13:06:43 [root] INFO: Using CRAWL_DATE: ['2025-06-22']
2025-06-22 13:06:43 [root] INFO: 爬取日期: 2025-06-22
2025-06-22 13:06:43 [root] INFO: Processing page: https://api.taiwanlottery.com/TLCAPIWeB/Lottery/BingoResult?openDate=2025-06-22&pageNum=1&pageSize=1
2025-06-22 13:06:44 [root] INFO: Finished processing page: https://api.taiwanlottery.com/TLCAPIWeB/Lottery/BingoResult?openDate=2025-06-22&pageNum=8&pageSize=10
2025-06-22 13:06:47 [root] INFO: Item processed and committed to database.
2025-06-22 13:06:47 [root] INFO: Database connection closed after processing item.
2025-06-22 13:06:47 [scrapy.core.engine] INFO: Closing spider (finished)
2025-06-22 13:06:47 [root] INFO: Database connection closed.
2025-06-22 13:06:47 [scrapy.statscollectors] INFO: Dumping Scrapy stats:
{'downloader/request_bytes': 292,
 'downloader/request_count': 1,
 'downloader/request_method_count/GET': 1,
 'downloader/response_bytes': 1130,
 'downloader/response_count': 1,
 'downloader/response_status_count/200': 1,
 'elapsed_time_seconds': 3.893328,
 'finish_reason': 'finished',
 'finish_time': datetime.datetime(2025, 6, 22, 5, 6, 47, 322100, tzinfo=datetime.timezone.utc),
 'httpcompression/response_bytes': 1903,
 'httpcompression/response_count': 1,
 'item_scraped_count': 1,
 'items_per_minute': None,
 'log_count/INFO': 24,
 'response_received_count': 1,
 'responses_per_minute': None,
 'scheduler/dequeued': 1,
 'scheduler/dequeued/memory': 1,
 'scheduler/enqueued': 1,
 'scheduler/enqueued/memory': 1,
 'start_time': datetime.datetime(2025, 6, 22, 5, 6, 43, 428772, tzinfo=datetime.timezone.utc)}
2025-06-22 13:06:47 [scrapy.core.engine] INFO: Spider closed (finished)
2025-06-22 13:11:42 [scrapy.utils.log] INFO: Scrapy 2.12.0 started (bot: bingo_scrapy)
2025-06-22 13:11:42 [scrapy.utils.log] INFO: Versions: lxml 5.3.1.0, libxml2 2.11.7, cssselect 1.3.0, parsel 1.10.0, w3lib 2.3.1, Twisted 24.11.0, Python 3.11.0 (main, Oct 24 2022, 18:26:48) [MSC v.1933 64 bit (AMD64)], pyOpenSSL 25.0.0 (OpenSSL 3.4.1 11 Feb 2025), cryptography 44.0.2, Platform Windows-10-10.0.26100-SP0
2025-06-22 13:11:42 [scrapy.addons] INFO: Enabled addons:
[]
2025-06-22 13:11:42 [scrapy.extensions.telnet] INFO: Telnet Password: 62693898e13c73d8
2025-06-22 13:11:42 [scrapy.middleware] INFO: Enabled extensions:
['scrapy.extensions.corestats.CoreStats',
 'scrapy.extensions.telnet.TelnetConsole',
 'scrapy.extensions.logstats.LogStats']
2025-06-22 13:11:42 [scrapy.crawler] INFO: Overridden settings:
{'BOT_NAME': 'bingo_scrapy',
 'LOG_FILE': 'bingo_spider.log',
 'LOG_LEVEL': 'INFO',
 'NEWSPIDER_MODULE': 'bingo_scrapy.spiders',
 'SPIDER_MODULES': ['bingo_scrapy.spiders']}
2025-06-22 13:11:42 [scrapy.middleware] INFO: Enabled downloader middlewares:
['scrapy.downloadermiddlewares.offsite.OffsiteMiddleware',
 'scrapy.downloadermiddlewares.httpauth.HttpAuthMiddleware',
 'scrapy.downloadermiddlewares.downloadtimeout.DownloadTimeoutMiddleware',
 'scrapy.downloadermiddlewares.defaultheaders.DefaultHeadersMiddleware',
 'scrapy.downloadermiddlewares.useragent.UserAgentMiddleware',
 'scrapy.downloadermiddlewares.retry.RetryMiddleware',
 'scrapy.downloadermiddlewares.redirect.MetaRefreshMiddleware',
 'scrapy.downloadermiddlewares.httpcompression.HttpCompressionMiddleware',
 'scrapy.downloadermiddlewares.redirect.RedirectMiddleware',
 'scrapy.downloadermiddlewares.cookies.CookiesMiddleware',
 'scrapy.downloadermiddlewares.httpproxy.HttpProxyMiddleware',
 'scrapy.downloadermiddlewares.stats.DownloaderStats']
2025-06-22 13:11:42 [scrapy.middleware] INFO: Enabled spider middlewares:
['scrapy.spidermiddlewares.httperror.HttpErrorMiddleware',
 'scrapy.spidermiddlewares.referer.RefererMiddleware',
 'scrapy.spidermiddlewares.urllength.UrlLengthMiddleware',
 'scrapy.spidermiddlewares.depth.DepthMiddleware']
2025-06-22 13:11:42 [scrapy.middleware] INFO: Enabled item pipelines:
['bingo_scrapy.pipelines.CsvPipeline', 'bingo_scrapy.pipelines.DbPipeline']
2025-06-22 13:11:42 [scrapy.core.engine] INFO: Spider opened
2025-06-22 13:11:42 [root] INFO: Opening spider and establishing database connection.
2025-06-22 13:11:44 [root] INFO: DELETE_OLD_DATA: True
2025-06-22 13:11:44 [root] INFO: Table dropped.
2025-06-22 13:11:44 [root] INFO: Checking if table dbo.bingo exists.
2025-06-22 13:11:44 [root] INFO: Table dbo.bingo does not exist. Creating table.
2025-06-22 13:11:45 [root] INFO: Table dbo.bingo created successfully.
2025-06-22 13:11:45 [root] INFO: Database connection established and table checked/created.
2025-06-22 13:11:45 [scrapy.extensions.logstats] INFO: Crawled 0 pages (at 0 pages/min), scraped 0 items (at 0 items/min)
2025-06-22 13:11:45 [scrapy.extensions.telnet] INFO: Telnet console listening on 127.0.0.1:6023
2025-06-22 13:11:45 [root] INFO: Using CRAWL_DATE: ['2025-06-22']
2025-06-22 13:11:45 [root] INFO: 爬取日期: 2025-06-22
2025-06-22 13:11:47 [root] INFO: Processing page: https://api.taiwanlottery.com/TLCAPIWeB/Lottery/BingoResult?openDate=2025-06-22&pageNum=1&pageSize=1
2025-06-22 13:11:51 [root] INFO: Finished processing page: https://api.taiwanlottery.com/TLCAPIWeB/Lottery/BingoResult?openDate=2025-06-22&pageNum=8&pageSize=10
2025-06-22 13:11:55 [root] INFO: Item processed and committed to database.
2025-06-22 13:11:55 [root] INFO: Database connection closed after processing item.
2025-06-22 13:11:55 [scrapy.core.engine] INFO: Closing spider (finished)
2025-06-22 13:11:55 [root] INFO: Database connection closed.
2025-06-22 13:11:55 [scrapy.statscollectors] INFO: Dumping Scrapy stats:
{'downloader/request_bytes': 292,
 'downloader/request_count': 1,
 'downloader/request_method_count/GET': 1,
 'downloader/response_bytes': 1121,
 'downloader/response_count': 1,
 'downloader/response_status_count/200': 1,
 'elapsed_time_seconds': 9.953677,
 'finish_reason': 'finished',
 'finish_time': datetime.datetime(2025, 6, 22, 5, 11, 55, 276853, tzinfo=datetime.timezone.utc),
 'httpcompression/response_bytes': 1903,
 'httpcompression/response_count': 1,
 'item_scraped_count': 1,
 'items_per_minute': None,
 'log_count/INFO': 24,
 'response_received_count': 1,
 'responses_per_minute': None,
 'scheduler/dequeued': 1,
 'scheduler/dequeued/memory': 1,
 'scheduler/enqueued': 1,
 'scheduler/enqueued/memory': 1,
 'start_time': datetime.datetime(2025, 6, 22, 5, 11, 45, 323176, tzinfo=datetime.timezone.utc)}
2025-06-22 13:11:55 [scrapy.core.engine] INFO: Spider closed (finished)
2025-06-22 13:16:42 [scrapy.utils.log] INFO: Scrapy 2.12.0 started (bot: bingo_scrapy)
2025-06-22 13:16:42 [scrapy.utils.log] INFO: Versions: lxml 5.3.1.0, libxml2 2.11.7, cssselect 1.3.0, parsel 1.10.0, w3lib 2.3.1, Twisted 24.11.0, Python 3.11.0 (main, Oct 24 2022, 18:26:48) [MSC v.1933 64 bit (AMD64)], pyOpenSSL 25.0.0 (OpenSSL 3.4.1 11 Feb 2025), cryptography 44.0.2, Platform Windows-10-10.0.26100-SP0
2025-06-22 13:16:42 [scrapy.addons] INFO: Enabled addons:
[]
2025-06-22 13:16:42 [scrapy.extensions.telnet] INFO: Telnet Password: ec30ba1f7e8135fb
2025-06-22 13:16:42 [scrapy.middleware] INFO: Enabled extensions:
['scrapy.extensions.corestats.CoreStats',
 'scrapy.extensions.telnet.TelnetConsole',
 'scrapy.extensions.logstats.LogStats']
2025-06-22 13:16:42 [scrapy.crawler] INFO: Overridden settings:
{'BOT_NAME': 'bingo_scrapy',
 'LOG_FILE': 'bingo_spider.log',
 'LOG_LEVEL': 'INFO',
 'NEWSPIDER_MODULE': 'bingo_scrapy.spiders',
 'SPIDER_MODULES': ['bingo_scrapy.spiders']}
2025-06-22 13:16:42 [scrapy.middleware] INFO: Enabled downloader middlewares:
['scrapy.downloadermiddlewares.offsite.OffsiteMiddleware',
 'scrapy.downloadermiddlewares.httpauth.HttpAuthMiddleware',
 'scrapy.downloadermiddlewares.downloadtimeout.DownloadTimeoutMiddleware',
 'scrapy.downloadermiddlewares.defaultheaders.DefaultHeadersMiddleware',
 'scrapy.downloadermiddlewares.useragent.UserAgentMiddleware',
 'scrapy.downloadermiddlewares.retry.RetryMiddleware',
 'scrapy.downloadermiddlewares.redirect.MetaRefreshMiddleware',
 'scrapy.downloadermiddlewares.httpcompression.HttpCompressionMiddleware',
 'scrapy.downloadermiddlewares.redirect.RedirectMiddleware',
 'scrapy.downloadermiddlewares.cookies.CookiesMiddleware',
 'scrapy.downloadermiddlewares.httpproxy.HttpProxyMiddleware',
 'scrapy.downloadermiddlewares.stats.DownloaderStats']
2025-06-22 13:16:42 [scrapy.middleware] INFO: Enabled spider middlewares:
['scrapy.spidermiddlewares.httperror.HttpErrorMiddleware',
 'scrapy.spidermiddlewares.referer.RefererMiddleware',
 'scrapy.spidermiddlewares.urllength.UrlLengthMiddleware',
 'scrapy.spidermiddlewares.depth.DepthMiddleware']
2025-06-22 13:16:42 [scrapy.middleware] INFO: Enabled item pipelines:
['bingo_scrapy.pipelines.CsvPipeline', 'bingo_scrapy.pipelines.DbPipeline']
2025-06-22 13:16:42 [scrapy.core.engine] INFO: Spider opened
2025-06-22 13:16:42 [root] INFO: Opening spider and establishing database connection.
2025-06-22 13:16:42 [root] INFO: DELETE_OLD_DATA: True
2025-06-22 13:16:42 [root] INFO: Table dropped.
2025-06-22 13:16:42 [root] INFO: Checking if table dbo.bingo exists.
2025-06-22 13:16:42 [root] INFO: Table dbo.bingo does not exist. Creating table.
2025-06-22 13:16:43 [root] INFO: Table dbo.bingo created successfully.
2025-06-22 13:16:43 [root] INFO: Database connection established and table checked/created.
2025-06-22 13:16:43 [scrapy.extensions.logstats] INFO: Crawled 0 pages (at 0 pages/min), scraped 0 items (at 0 items/min)
2025-06-22 13:16:43 [scrapy.extensions.telnet] INFO: Telnet console listening on 127.0.0.1:6023
2025-06-22 13:16:43 [root] INFO: Using CRAWL_DATE: ['2025-06-22']
2025-06-22 13:16:43 [root] INFO: 爬取日期: 2025-06-22
2025-06-22 13:16:43 [root] INFO: Processing page: https://api.taiwanlottery.com/TLCAPIWeB/Lottery/BingoResult?openDate=2025-06-22&pageNum=1&pageSize=1
2025-06-22 13:16:44 [root] INFO: Finished processing page: https://api.taiwanlottery.com/TLCAPIWeB/Lottery/BingoResult?openDate=2025-06-22&pageNum=8&pageSize=10
2025-06-22 13:16:47 [root] INFO: Item processed and committed to database.
2025-06-22 13:16:47 [root] INFO: Database connection closed after processing item.
2025-06-22 13:16:47 [scrapy.core.engine] INFO: Closing spider (finished)
2025-06-22 13:16:47 [root] INFO: Database connection closed.
2025-06-22 13:16:47 [scrapy.statscollectors] INFO: Dumping Scrapy stats:
{'downloader/request_bytes': 292,
 'downloader/request_count': 1,
 'downloader/request_method_count/GET': 1,
 'downloader/response_bytes': 1124,
 'downloader/response_count': 1,
 'downloader/response_status_count/200': 1,
 'elapsed_time_seconds': 4.1171,
 'finish_reason': 'finished',
 'finish_time': datetime.datetime(2025, 6, 22, 5, 16, 47, 266086, tzinfo=datetime.timezone.utc),
 'httpcompression/response_bytes': 1898,
 'httpcompression/response_count': 1,
 'item_scraped_count': 1,
 'items_per_minute': None,
 'log_count/INFO': 24,
 'response_received_count': 1,
 'responses_per_minute': None,
 'scheduler/dequeued': 1,
 'scheduler/dequeued/memory': 1,
 'scheduler/enqueued': 1,
 'scheduler/enqueued/memory': 1,
 'start_time': datetime.datetime(2025, 6, 22, 5, 16, 43, 148986, tzinfo=datetime.timezone.utc)}
2025-06-22 13:16:47 [scrapy.core.engine] INFO: Spider closed (finished)
2025-06-22 13:21:42 [scrapy.utils.log] INFO: Scrapy 2.12.0 started (bot: bingo_scrapy)
2025-06-22 13:21:42 [scrapy.utils.log] INFO: Versions: lxml 5.3.1.0, libxml2 2.11.7, cssselect 1.3.0, parsel 1.10.0, w3lib 2.3.1, Twisted 24.11.0, Python 3.11.0 (main, Oct 24 2022, 18:26:48) [MSC v.1933 64 bit (AMD64)], pyOpenSSL 25.0.0 (OpenSSL 3.4.1 11 Feb 2025), cryptography 44.0.2, Platform Windows-10-10.0.26100-SP0
2025-06-22 13:21:42 [scrapy.addons] INFO: Enabled addons:
[]
2025-06-22 13:21:42 [scrapy.extensions.telnet] INFO: Telnet Password: ad0bd1f956f93d26
2025-06-22 13:21:42 [scrapy.middleware] INFO: Enabled extensions:
['scrapy.extensions.corestats.CoreStats',
 'scrapy.extensions.telnet.TelnetConsole',
 'scrapy.extensions.logstats.LogStats']
2025-06-22 13:21:42 [scrapy.crawler] INFO: Overridden settings:
{'BOT_NAME': 'bingo_scrapy',
 'LOG_FILE': 'bingo_spider.log',
 'LOG_LEVEL': 'INFO',
 'NEWSPIDER_MODULE': 'bingo_scrapy.spiders',
 'SPIDER_MODULES': ['bingo_scrapy.spiders']}
2025-06-22 13:21:42 [scrapy.middleware] INFO: Enabled downloader middlewares:
['scrapy.downloadermiddlewares.offsite.OffsiteMiddleware',
 'scrapy.downloadermiddlewares.httpauth.HttpAuthMiddleware',
 'scrapy.downloadermiddlewares.downloadtimeout.DownloadTimeoutMiddleware',
 'scrapy.downloadermiddlewares.defaultheaders.DefaultHeadersMiddleware',
 'scrapy.downloadermiddlewares.useragent.UserAgentMiddleware',
 'scrapy.downloadermiddlewares.retry.RetryMiddleware',
 'scrapy.downloadermiddlewares.redirect.MetaRefreshMiddleware',
 'scrapy.downloadermiddlewares.httpcompression.HttpCompressionMiddleware',
 'scrapy.downloadermiddlewares.redirect.RedirectMiddleware',
 'scrapy.downloadermiddlewares.cookies.CookiesMiddleware',
 'scrapy.downloadermiddlewares.httpproxy.HttpProxyMiddleware',
 'scrapy.downloadermiddlewares.stats.DownloaderStats']
2025-06-22 13:21:42 [scrapy.middleware] INFO: Enabled spider middlewares:
['scrapy.spidermiddlewares.httperror.HttpErrorMiddleware',
 'scrapy.spidermiddlewares.referer.RefererMiddleware',
 'scrapy.spidermiddlewares.urllength.UrlLengthMiddleware',
 'scrapy.spidermiddlewares.depth.DepthMiddleware']
2025-06-22 13:21:42 [scrapy.middleware] INFO: Enabled item pipelines:
['bingo_scrapy.pipelines.CsvPipeline', 'bingo_scrapy.pipelines.DbPipeline']
2025-06-22 13:21:42 [scrapy.core.engine] INFO: Spider opened
2025-06-22 13:21:42 [root] INFO: Opening spider and establishing database connection.
2025-06-22 13:21:43 [root] INFO: DELETE_OLD_DATA: True
2025-06-22 13:21:43 [root] INFO: Table dropped.
2025-06-22 13:21:43 [root] INFO: Checking if table dbo.bingo exists.
2025-06-22 13:21:43 [root] INFO: Table dbo.bingo does not exist. Creating table.
2025-06-22 13:21:43 [root] INFO: Table dbo.bingo created successfully.
2025-06-22 13:21:43 [root] INFO: Database connection established and table checked/created.
2025-06-22 13:21:43 [scrapy.extensions.logstats] INFO: Crawled 0 pages (at 0 pages/min), scraped 0 items (at 0 items/min)
2025-06-22 13:21:43 [scrapy.extensions.telnet] INFO: Telnet console listening on 127.0.0.1:6023
2025-06-22 13:21:43 [root] INFO: Using CRAWL_DATE: ['2025-06-22']
2025-06-22 13:21:43 [root] INFO: 爬取日期: 2025-06-22
2025-06-22 13:21:43 [root] INFO: Processing page: https://api.taiwanlottery.com/TLCAPIWeB/Lottery/BingoResult?openDate=2025-06-22&pageNum=1&pageSize=1
2025-06-22 13:21:44 [root] INFO: Finished processing page: https://api.taiwanlottery.com/TLCAPIWeB/Lottery/BingoResult?openDate=2025-06-22&pageNum=8&pageSize=10
2025-06-22 13:21:47 [root] INFO: Item processed and committed to database.
2025-06-22 13:21:47 [root] INFO: Database connection closed after processing item.
2025-06-22 13:21:47 [scrapy.core.engine] INFO: Closing spider (finished)
2025-06-22 13:21:47 [root] INFO: Database connection closed.
2025-06-22 13:21:47 [scrapy.statscollectors] INFO: Dumping Scrapy stats:
{'downloader/request_bytes': 292,
 'downloader/request_count': 1,
 'downloader/request_method_count/GET': 1,
 'downloader/response_bytes': 1130,
 'downloader/response_count': 1,
 'downloader/response_status_count/200': 1,
 'elapsed_time_seconds': 4.457981,
 'finish_reason': 'finished',
 'finish_time': datetime.datetime(2025, 6, 22, 5, 21, 47, 782627, tzinfo=datetime.timezone.utc),
 'httpcompression/response_bytes': 1894,
 'httpcompression/response_count': 1,
 'item_scraped_count': 1,
 'items_per_minute': None,
 'log_count/INFO': 24,
 'response_received_count': 1,
 'responses_per_minute': None,
 'scheduler/dequeued': 1,
 'scheduler/dequeued/memory': 1,
 'scheduler/enqueued': 1,
 'scheduler/enqueued/memory': 1,
 'start_time': datetime.datetime(2025, 6, 22, 5, 21, 43, 324646, tzinfo=datetime.timezone.utc)}
2025-06-22 13:21:47 [scrapy.core.engine] INFO: Spider closed (finished)
2025-06-22 13:26:42 [scrapy.utils.log] INFO: Scrapy 2.12.0 started (bot: bingo_scrapy)
2025-06-22 13:26:46 [scrapy.utils.log] INFO: Versions: lxml 5.3.1.0, libxml2 2.11.7, cssselect 1.3.0, parsel 1.10.0, w3lib 2.3.1, Twisted 24.11.0, Python 3.11.0 (main, Oct 24 2022, 18:26:48) [MSC v.1933 64 bit (AMD64)], pyOpenSSL 25.0.0 (OpenSSL 3.4.1 11 Feb 2025), cryptography 44.0.2, Platform Windows-10-10.0.26100-SP0
2025-06-22 13:26:46 [scrapy.addons] INFO: Enabled addons:
[]
2025-06-22 13:26:46 [scrapy.extensions.telnet] INFO: Telnet Password: a9cf2d0ae8639650
2025-06-22 13:26:46 [scrapy.middleware] INFO: Enabled extensions:
['scrapy.extensions.corestats.CoreStats',
 'scrapy.extensions.telnet.TelnetConsole',
 'scrapy.extensions.logstats.LogStats']
2025-06-22 13:26:46 [scrapy.crawler] INFO: Overridden settings:
{'BOT_NAME': 'bingo_scrapy',
 'LOG_FILE': 'bingo_spider.log',
 'LOG_LEVEL': 'INFO',
 'NEWSPIDER_MODULE': 'bingo_scrapy.spiders',
 'SPIDER_MODULES': ['bingo_scrapy.spiders']}
2025-06-22 13:26:46 [scrapy.middleware] INFO: Enabled downloader middlewares:
['scrapy.downloadermiddlewares.offsite.OffsiteMiddleware',
 'scrapy.downloadermiddlewares.httpauth.HttpAuthMiddleware',
 'scrapy.downloadermiddlewares.downloadtimeout.DownloadTimeoutMiddleware',
 'scrapy.downloadermiddlewares.defaultheaders.DefaultHeadersMiddleware',
 'scrapy.downloadermiddlewares.useragent.UserAgentMiddleware',
 'scrapy.downloadermiddlewares.retry.RetryMiddleware',
 'scrapy.downloadermiddlewares.redirect.MetaRefreshMiddleware',
 'scrapy.downloadermiddlewares.httpcompression.HttpCompressionMiddleware',
 'scrapy.downloadermiddlewares.redirect.RedirectMiddleware',
 'scrapy.downloadermiddlewares.cookies.CookiesMiddleware',
 'scrapy.downloadermiddlewares.httpproxy.HttpProxyMiddleware',
 'scrapy.downloadermiddlewares.stats.DownloaderStats']
2025-06-22 13:26:46 [scrapy.middleware] INFO: Enabled spider middlewares:
['scrapy.spidermiddlewares.httperror.HttpErrorMiddleware',
 'scrapy.spidermiddlewares.referer.RefererMiddleware',
 'scrapy.spidermiddlewares.urllength.UrlLengthMiddleware',
 'scrapy.spidermiddlewares.depth.DepthMiddleware']
2025-06-22 13:26:46 [scrapy.middleware] INFO: Enabled item pipelines:
['bingo_scrapy.pipelines.CsvPipeline', 'bingo_scrapy.pipelines.DbPipeline']
2025-06-22 13:26:46 [scrapy.core.engine] INFO: Spider opened
2025-06-22 13:26:46 [root] INFO: Opening spider and establishing database connection.
2025-06-22 13:26:47 [root] INFO: DELETE_OLD_DATA: True
2025-06-22 13:26:47 [root] INFO: Table dropped.
2025-06-22 13:26:47 [root] INFO: Checking if table dbo.bingo exists.
2025-06-22 13:26:47 [root] INFO: Table dbo.bingo does not exist. Creating table.
2025-06-22 13:26:47 [root] INFO: Table dbo.bingo created successfully.
2025-06-22 13:26:47 [root] INFO: Database connection established and table checked/created.
2025-06-22 13:26:47 [scrapy.extensions.logstats] INFO: Crawled 0 pages (at 0 pages/min), scraped 0 items (at 0 items/min)
2025-06-22 13:26:47 [scrapy.extensions.telnet] INFO: Telnet console listening on 127.0.0.1:6023
2025-06-22 13:26:47 [root] INFO: Using CRAWL_DATE: ['2025-06-22']
2025-06-22 13:26:47 [root] INFO: 爬取日期: 2025-06-22
2025-06-22 13:26:47 [root] INFO: Processing page: https://api.taiwanlottery.com/TLCAPIWeB/Lottery/BingoResult?openDate=2025-06-22&pageNum=1&pageSize=1
2025-06-22 13:26:48 [root] INFO: Finished processing page: https://api.taiwanlottery.com/TLCAPIWeB/Lottery/BingoResult?openDate=2025-06-22&pageNum=8&pageSize=10
2025-06-22 13:26:51 [root] INFO: Item processed and committed to database.
2025-06-22 13:26:51 [root] INFO: Database connection closed after processing item.
2025-06-22 13:26:51 [scrapy.core.engine] INFO: Closing spider (finished)
2025-06-22 13:26:51 [root] INFO: Database connection closed.
2025-06-22 13:26:51 [scrapy.statscollectors] INFO: Dumping Scrapy stats:
{'downloader/request_bytes': 292,
 'downloader/request_count': 1,
 'downloader/request_method_count/GET': 1,
 'downloader/response_bytes': 1129,
 'downloader/response_count': 1,
 'downloader/response_status_count/200': 1,
 'elapsed_time_seconds': 4.061721,
 'finish_reason': 'finished',
 'finish_time': datetime.datetime(2025, 6, 22, 5, 26, 51, 348183, tzinfo=datetime.timezone.utc),
 'httpcompression/response_bytes': 1894,
 'httpcompression/response_count': 1,
 'item_scraped_count': 1,
 'items_per_minute': None,
 'log_count/INFO': 24,
 'response_received_count': 1,
 'responses_per_minute': None,
 'scheduler/dequeued': 1,
 'scheduler/dequeued/memory': 1,
 'scheduler/enqueued': 1,
 'scheduler/enqueued/memory': 1,
 'start_time': datetime.datetime(2025, 6, 22, 5, 26, 47, 286462, tzinfo=datetime.timezone.utc)}
2025-06-22 13:26:51 [scrapy.core.engine] INFO: Spider closed (finished)
2025-06-22 15:21:42 [scrapy.utils.log] INFO: Scrapy 2.12.0 started (bot: bingo_scrapy)
2025-06-22 15:21:42 [scrapy.utils.log] INFO: Versions: lxml 5.3.1.0, libxml2 2.11.7, cssselect 1.3.0, parsel 1.10.0, w3lib 2.3.1, Twisted 24.11.0, Python 3.11.0 (main, Oct 24 2022, 18:26:48) [MSC v.1933 64 bit (AMD64)], pyOpenSSL 25.0.0 (OpenSSL 3.4.1 11 Feb 2025), cryptography 44.0.2, Platform Windows-10-10.0.26100-SP0
2025-06-22 15:21:42 [scrapy.addons] INFO: Enabled addons:
[]
2025-06-22 15:21:42 [scrapy.extensions.telnet] INFO: Telnet Password: 05c5d3986f01358e
2025-06-22 15:21:42 [scrapy.middleware] INFO: Enabled extensions:
['scrapy.extensions.corestats.CoreStats',
 'scrapy.extensions.telnet.TelnetConsole',
 'scrapy.extensions.logstats.LogStats']
2025-06-22 15:21:42 [scrapy.crawler] INFO: Overridden settings:
{'BOT_NAME': 'bingo_scrapy',
 'LOG_FILE': 'bingo_spider.log',
 'LOG_LEVEL': 'INFO',
 'NEWSPIDER_MODULE': 'bingo_scrapy.spiders',
 'SPIDER_MODULES': ['bingo_scrapy.spiders']}
2025-06-22 15:21:42 [scrapy.middleware] INFO: Enabled downloader middlewares:
['scrapy.downloadermiddlewares.offsite.OffsiteMiddleware',
 'scrapy.downloadermiddlewares.httpauth.HttpAuthMiddleware',
 'scrapy.downloadermiddlewares.downloadtimeout.DownloadTimeoutMiddleware',
 'scrapy.downloadermiddlewares.defaultheaders.DefaultHeadersMiddleware',
 'scrapy.downloadermiddlewares.useragent.UserAgentMiddleware',
 'scrapy.downloadermiddlewares.retry.RetryMiddleware',
 'scrapy.downloadermiddlewares.redirect.MetaRefreshMiddleware',
 'scrapy.downloadermiddlewares.httpcompression.HttpCompressionMiddleware',
 'scrapy.downloadermiddlewares.redirect.RedirectMiddleware',
 'scrapy.downloadermiddlewares.cookies.CookiesMiddleware',
 'scrapy.downloadermiddlewares.httpproxy.HttpProxyMiddleware',
 'scrapy.downloadermiddlewares.stats.DownloaderStats']
2025-06-22 15:21:42 [scrapy.middleware] INFO: Enabled spider middlewares:
['scrapy.spidermiddlewares.httperror.HttpErrorMiddleware',
 'scrapy.spidermiddlewares.referer.RefererMiddleware',
 'scrapy.spidermiddlewares.urllength.UrlLengthMiddleware',
 'scrapy.spidermiddlewares.depth.DepthMiddleware']
2025-06-22 15:21:42 [scrapy.middleware] INFO: Enabled item pipelines:
['bingo_scrapy.pipelines.CsvPipeline', 'bingo_scrapy.pipelines.DbPipeline']
2025-06-22 15:21:42 [scrapy.core.engine] INFO: Spider opened
2025-06-22 15:21:42 [root] INFO: Opening spider and establishing database connection.
2025-06-22 15:21:42 [root] ERROR: Error connecting to database: (20009, b'DB-Lib error message 20009, severity 9:\nUnable to connect: Adaptive Server is unavailable or does not exist (wpdb2.hihosting.hinet.net)\n')
2025-06-22 15:21:42 [root] INFO: DELETE_OLD_DATA: True
2025-06-22 15:21:42 [scrapy.core.engine] INFO: Closing spider (shutdown)
2025-06-22 15:21:42 [scrapy.core.engine] ERROR: Scraper close failure
Traceback (most recent call last):
  File "scrapy\crawler.py", line 154, in crawl
  File "twisted\internet\defer.py", line 2013, in _inlineCallbacks
  File "twisted\python\failure.py", line 467, in throwExceptionIntoGenerator
  File "scrapy\core\engine.py", line 395, in open_spider
  File "twisted\internet\defer.py", line 2013, in _inlineCallbacks
  File "twisted\python\failure.py", line 467, in throwExceptionIntoGenerator
  File "scrapy\core\scraper.py", line 112, in open_spider
  File "twisted\internet\defer.py", line 1088, in _runCallbacks
  File "C:\Programs\bingo\home\bingo_scrapy\bingo_scrapy\bingo_scrapy\pipelines.py", line 58, in open_spider
    self.cursor.execute(f'DROP TABLE IF EXISTS {self.schema}.{self.table}')
    ^^^^^^^^^^^
AttributeError: 'DbPipeline' object has no attribute 'cursor'

During handling of the above exception, another exception occurred:

Traceback (most recent call last):
  File "twisted\internet\defer.py", line 1088, in _runCallbacks
  File "C:\Programs\bingo\home\bingo_scrapy\bingo_scrapy\bingo_scrapy\pipelines.py", line 82, in close_spider
    self.conn.close()
    ^^^^^^^^^
AttributeError: 'DbPipeline' object has no attribute 'conn'
2025-06-22 15:21:42 [scrapy.utils.signal] ERROR: Error caught on signal handler: <bound method CoreStats.spider_closed of <scrapy.extensions.corestats.CoreStats object at 0x000001BB535A0850>>
Traceback (most recent call last):
  File "scrapy\crawler.py", line 154, in crawl
  File "twisted\internet\defer.py", line 2013, in _inlineCallbacks
  File "twisted\python\failure.py", line 467, in throwExceptionIntoGenerator
  File "scrapy\core\engine.py", line 395, in open_spider
  File "twisted\internet\defer.py", line 2013, in _inlineCallbacks
  File "twisted\python\failure.py", line 467, in throwExceptionIntoGenerator
  File "scrapy\core\scraper.py", line 112, in open_spider
  File "twisted\internet\defer.py", line 1088, in _runCallbacks
  File "C:\Programs\bingo\home\bingo_scrapy\bingo_scrapy\bingo_scrapy\pipelines.py", line 58, in open_spider
    self.cursor.execute(f'DROP TABLE IF EXISTS {self.schema}.{self.table}')
    ^^^^^^^^^^^
AttributeError: 'DbPipeline' object has no attribute 'cursor'

During handling of the above exception, another exception occurred:

Traceback (most recent call last):
  File "scrapy\utils\defer.py", line 400, in maybeDeferred_coro
  File "pydispatch\robustapply.py", line 55, in robustApply
  File "scrapy\extensions\corestats.py", line 41, in spider_closed
AssertionError
2025-06-22 15:21:42 [scrapy.statscollectors] INFO: Dumping Scrapy stats:
{'items_per_minute': None,
 'log_count/ERROR': 3,
 'log_count/INFO': 10,
 'responses_per_minute': None}
2025-06-22 15:21:42 [scrapy.core.engine] INFO: Spider closed (shutdown)
2025-06-22 15:21:42 [twisted] CRITICAL: Unhandled error in Deferred:
2025-06-22 15:21:42 [twisted] CRITICAL: 
Traceback (most recent call last):
  File "twisted\internet\defer.py", line 2017, in _inlineCallbacks
  File "scrapy\crawler.py", line 154, in crawl
  File "twisted\internet\defer.py", line 2013, in _inlineCallbacks
  File "twisted\python\failure.py", line 467, in throwExceptionIntoGenerator
  File "scrapy\core\engine.py", line 395, in open_spider
  File "twisted\internet\defer.py", line 2013, in _inlineCallbacks
  File "twisted\python\failure.py", line 467, in throwExceptionIntoGenerator
  File "scrapy\core\scraper.py", line 112, in open_spider
  File "twisted\internet\defer.py", line 1088, in _runCallbacks
  File "C:\Programs\bingo\home\bingo_scrapy\bingo_scrapy\bingo_scrapy\pipelines.py", line 58, in open_spider
    self.cursor.execute(f'DROP TABLE IF EXISTS {self.schema}.{self.table}')
    ^^^^^^^^^^^
AttributeError: 'DbPipeline' object has no attribute 'cursor'
2025-06-22 15:26:42 [scrapy.utils.log] INFO: Scrapy 2.12.0 started (bot: bingo_scrapy)
2025-06-22 15:26:42 [scrapy.utils.log] INFO: Versions: lxml 5.3.1.0, libxml2 2.11.7, cssselect 1.3.0, parsel 1.10.0, w3lib 2.3.1, Twisted 24.11.0, Python 3.11.0 (main, Oct 24 2022, 18:26:48) [MSC v.1933 64 bit (AMD64)], pyOpenSSL 25.0.0 (OpenSSL 3.4.1 11 Feb 2025), cryptography 44.0.2, Platform Windows-10-10.0.26100-SP0
2025-06-22 15:26:42 [scrapy.addons] INFO: Enabled addons:
[]
2025-06-22 15:26:42 [scrapy.extensions.telnet] INFO: Telnet Password: f2d18249428352e1
2025-06-22 15:26:42 [scrapy.middleware] INFO: Enabled extensions:
['scrapy.extensions.corestats.CoreStats',
 'scrapy.extensions.telnet.TelnetConsole',
 'scrapy.extensions.logstats.LogStats']
2025-06-22 15:26:42 [scrapy.crawler] INFO: Overridden settings:
{'BOT_NAME': 'bingo_scrapy',
 'LOG_FILE': 'bingo_spider.log',
 'LOG_LEVEL': 'INFO',
 'NEWSPIDER_MODULE': 'bingo_scrapy.spiders',
 'SPIDER_MODULES': ['bingo_scrapy.spiders']}
2025-06-22 15:26:42 [scrapy.middleware] INFO: Enabled downloader middlewares:
['scrapy.downloadermiddlewares.offsite.OffsiteMiddleware',
 'scrapy.downloadermiddlewares.httpauth.HttpAuthMiddleware',
 'scrapy.downloadermiddlewares.downloadtimeout.DownloadTimeoutMiddleware',
 'scrapy.downloadermiddlewares.defaultheaders.DefaultHeadersMiddleware',
 'scrapy.downloadermiddlewares.useragent.UserAgentMiddleware',
 'scrapy.downloadermiddlewares.retry.RetryMiddleware',
 'scrapy.downloadermiddlewares.redirect.MetaRefreshMiddleware',
 'scrapy.downloadermiddlewares.httpcompression.HttpCompressionMiddleware',
 'scrapy.downloadermiddlewares.redirect.RedirectMiddleware',
 'scrapy.downloadermiddlewares.cookies.CookiesMiddleware',
 'scrapy.downloadermiddlewares.httpproxy.HttpProxyMiddleware',
 'scrapy.downloadermiddlewares.stats.DownloaderStats']
2025-06-22 15:26:42 [scrapy.middleware] INFO: Enabled spider middlewares:
['scrapy.spidermiddlewares.httperror.HttpErrorMiddleware',
 'scrapy.spidermiddlewares.referer.RefererMiddleware',
 'scrapy.spidermiddlewares.urllength.UrlLengthMiddleware',
 'scrapy.spidermiddlewares.depth.DepthMiddleware']
2025-06-22 15:26:42 [scrapy.middleware] INFO: Enabled item pipelines:
['bingo_scrapy.pipelines.CsvPipeline', 'bingo_scrapy.pipelines.DbPipeline']
2025-06-22 15:26:42 [scrapy.core.engine] INFO: Spider opened
2025-06-22 15:26:42 [root] INFO: Opening spider and establishing database connection.
2025-06-22 15:26:45 [root] ERROR: Error connecting to database: (20009, b'DB-Lib error message 20009, severity 9:\nUnable to connect: Adaptive Server is unavailable or does not exist (wpdb2.hihosting.hinet.net)\nNet-Lib error during Unknown error (10061)\nDB-Lib error message 20009, severity 9:\nUnable to connect: Adaptive Server is unavailable or does not exist (wpdb2.hihosting.hinet.net)\nNet-Lib error during Unknown error (10061)\n')
2025-06-22 15:26:45 [root] INFO: DELETE_OLD_DATA: True
2025-06-22 15:26:45 [scrapy.core.engine] INFO: Closing spider (shutdown)
2025-06-22 15:26:45 [scrapy.core.engine] ERROR: Scraper close failure
Traceback (most recent call last):
  File "scrapy\crawler.py", line 154, in crawl
  File "twisted\internet\defer.py", line 2013, in _inlineCallbacks
  File "twisted\python\failure.py", line 467, in throwExceptionIntoGenerator
  File "scrapy\core\engine.py", line 395, in open_spider
  File "twisted\internet\defer.py", line 2013, in _inlineCallbacks
  File "twisted\python\failure.py", line 467, in throwExceptionIntoGenerator
  File "scrapy\core\scraper.py", line 112, in open_spider
  File "twisted\internet\defer.py", line 1088, in _runCallbacks
  File "C:\Programs\bingo\home\bingo_scrapy\bingo_scrapy\bingo_scrapy\pipelines.py", line 58, in open_spider
    self.cursor.execute(f'DROP TABLE IF EXISTS {self.schema}.{self.table}')
    ^^^^^^^^^^^
AttributeError: 'DbPipeline' object has no attribute 'cursor'

During handling of the above exception, another exception occurred:

Traceback (most recent call last):
  File "twisted\internet\defer.py", line 1088, in _runCallbacks
  File "C:\Programs\bingo\home\bingo_scrapy\bingo_scrapy\bingo_scrapy\pipelines.py", line 82, in close_spider
    self.conn.close()
    ^^^^^^^^^
AttributeError: 'DbPipeline' object has no attribute 'conn'
2025-06-22 15:26:45 [scrapy.utils.signal] ERROR: Error caught on signal handler: <bound method CoreStats.spider_closed of <scrapy.extensions.corestats.CoreStats object at 0x0000023FB322F390>>
Traceback (most recent call last):
  File "scrapy\crawler.py", line 154, in crawl
  File "twisted\internet\defer.py", line 2013, in _inlineCallbacks
  File "twisted\python\failure.py", line 467, in throwExceptionIntoGenerator
  File "scrapy\core\engine.py", line 395, in open_spider
  File "twisted\internet\defer.py", line 2013, in _inlineCallbacks
  File "twisted\python\failure.py", line 467, in throwExceptionIntoGenerator
  File "scrapy\core\scraper.py", line 112, in open_spider
  File "twisted\internet\defer.py", line 1088, in _runCallbacks
  File "C:\Programs\bingo\home\bingo_scrapy\bingo_scrapy\bingo_scrapy\pipelines.py", line 58, in open_spider
    self.cursor.execute(f'DROP TABLE IF EXISTS {self.schema}.{self.table}')
    ^^^^^^^^^^^
AttributeError: 'DbPipeline' object has no attribute 'cursor'

During handling of the above exception, another exception occurred:

Traceback (most recent call last):
  File "scrapy\utils\defer.py", line 400, in maybeDeferred_coro
  File "pydispatch\robustapply.py", line 55, in robustApply
  File "scrapy\extensions\corestats.py", line 41, in spider_closed
AssertionError
2025-06-22 15:26:46 [scrapy.statscollectors] INFO: Dumping Scrapy stats:
{'items_per_minute': None,
 'log_count/ERROR': 3,
 'log_count/INFO': 10,
 'responses_per_minute': None}
2025-06-22 15:26:46 [scrapy.core.engine] INFO: Spider closed (shutdown)
2025-06-22 15:26:46 [twisted] CRITICAL: Unhandled error in Deferred:
2025-06-22 15:26:46 [twisted] CRITICAL: 
Traceback (most recent call last):
  File "twisted\internet\defer.py", line 2017, in _inlineCallbacks
  File "scrapy\crawler.py", line 154, in crawl
  File "twisted\internet\defer.py", line 2013, in _inlineCallbacks
  File "twisted\python\failure.py", line 467, in throwExceptionIntoGenerator
  File "scrapy\core\engine.py", line 395, in open_spider
  File "twisted\internet\defer.py", line 2013, in _inlineCallbacks
  File "twisted\python\failure.py", line 467, in throwExceptionIntoGenerator
  File "scrapy\core\scraper.py", line 112, in open_spider
  File "twisted\internet\defer.py", line 1088, in _runCallbacks
  File "C:\Programs\bingo\home\bingo_scrapy\bingo_scrapy\bingo_scrapy\pipelines.py", line 58, in open_spider
    self.cursor.execute(f'DROP TABLE IF EXISTS {self.schema}.{self.table}')
    ^^^^^^^^^^^
AttributeError: 'DbPipeline' object has no attribute 'cursor'
2025-06-22 15:31:42 [scrapy.utils.log] INFO: Scrapy 2.12.0 started (bot: bingo_scrapy)
2025-06-22 15:31:42 [scrapy.utils.log] INFO: Versions: lxml 5.3.1.0, libxml2 2.11.7, cssselect 1.3.0, parsel 1.10.0, w3lib 2.3.1, Twisted 24.11.0, Python 3.11.0 (main, Oct 24 2022, 18:26:48) [MSC v.1933 64 bit (AMD64)], pyOpenSSL 25.0.0 (OpenSSL 3.4.1 11 Feb 2025), cryptography 44.0.2, Platform Windows-10-10.0.26100-SP0
2025-06-22 15:31:42 [scrapy.addons] INFO: Enabled addons:
[]
2025-06-22 15:31:42 [scrapy.extensions.telnet] INFO: Telnet Password: 6ceba45c3edf4ad6
2025-06-22 15:31:42 [scrapy.middleware] INFO: Enabled extensions:
['scrapy.extensions.corestats.CoreStats',
 'scrapy.extensions.telnet.TelnetConsole',
 'scrapy.extensions.logstats.LogStats']
2025-06-22 15:31:42 [scrapy.crawler] INFO: Overridden settings:
{'BOT_NAME': 'bingo_scrapy',
 'LOG_FILE': 'bingo_spider.log',
 'LOG_LEVEL': 'INFO',
 'NEWSPIDER_MODULE': 'bingo_scrapy.spiders',
 'SPIDER_MODULES': ['bingo_scrapy.spiders']}
2025-06-22 15:31:42 [scrapy.middleware] INFO: Enabled downloader middlewares:
['scrapy.downloadermiddlewares.offsite.OffsiteMiddleware',
 'scrapy.downloadermiddlewares.httpauth.HttpAuthMiddleware',
 'scrapy.downloadermiddlewares.downloadtimeout.DownloadTimeoutMiddleware',
 'scrapy.downloadermiddlewares.defaultheaders.DefaultHeadersMiddleware',
 'scrapy.downloadermiddlewares.useragent.UserAgentMiddleware',
 'scrapy.downloadermiddlewares.retry.RetryMiddleware',
 'scrapy.downloadermiddlewares.redirect.MetaRefreshMiddleware',
 'scrapy.downloadermiddlewares.httpcompression.HttpCompressionMiddleware',
 'scrapy.downloadermiddlewares.redirect.RedirectMiddleware',
 'scrapy.downloadermiddlewares.cookies.CookiesMiddleware',
 'scrapy.downloadermiddlewares.httpproxy.HttpProxyMiddleware',
 'scrapy.downloadermiddlewares.stats.DownloaderStats']
2025-06-22 15:31:42 [scrapy.middleware] INFO: Enabled spider middlewares:
['scrapy.spidermiddlewares.httperror.HttpErrorMiddleware',
 'scrapy.spidermiddlewares.referer.RefererMiddleware',
 'scrapy.spidermiddlewares.urllength.UrlLengthMiddleware',
 'scrapy.spidermiddlewares.depth.DepthMiddleware']
2025-06-22 15:31:42 [scrapy.middleware] INFO: Enabled item pipelines:
['bingo_scrapy.pipelines.CsvPipeline', 'bingo_scrapy.pipelines.DbPipeline']
2025-06-22 15:31:42 [scrapy.core.engine] INFO: Spider opened
2025-06-22 15:31:42 [root] INFO: Opening spider and establishing database connection.
2025-06-22 15:41:48 [scrapy.utils.log] INFO: Scrapy 2.12.0 started (bot: bingo_scrapy)
2025-06-22 15:41:48 [scrapy.utils.log] INFO: Versions: lxml 5.3.1.0, libxml2 2.11.7, cssselect 1.3.0, parsel 1.10.0, w3lib 2.3.1, Twisted 24.11.0, Python 3.11.0 (main, Oct 24 2022, 18:26:48) [MSC v.1933 64 bit (AMD64)], pyOpenSSL 25.0.0 (OpenSSL 3.4.1 11 Feb 2025), cryptography 44.0.2, Platform Windows-10-10.0.26100-SP0
2025-06-22 15:41:48 [scrapy.addons] INFO: Enabled addons:
[]
2025-06-22 15:41:48 [scrapy.extensions.telnet] INFO: Telnet Password: 8c0e6594478f9e99
2025-06-22 15:41:48 [scrapy.middleware] INFO: Enabled extensions:
['scrapy.extensions.corestats.CoreStats',
 'scrapy.extensions.telnet.TelnetConsole',
 'scrapy.extensions.logstats.LogStats']
2025-06-22 15:41:48 [scrapy.crawler] INFO: Overridden settings:
{'BOT_NAME': 'bingo_scrapy',
 'LOG_FILE': 'bingo_spider.log',
 'LOG_LEVEL': 'INFO',
 'NEWSPIDER_MODULE': 'bingo_scrapy.spiders',
 'SPIDER_MODULES': ['bingo_scrapy.spiders']}
2025-06-22 15:41:48 [scrapy.middleware] INFO: Enabled downloader middlewares:
['scrapy.downloadermiddlewares.offsite.OffsiteMiddleware',
 'scrapy.downloadermiddlewares.httpauth.HttpAuthMiddleware',
 'scrapy.downloadermiddlewares.downloadtimeout.DownloadTimeoutMiddleware',
 'scrapy.downloadermiddlewares.defaultheaders.DefaultHeadersMiddleware',
 'scrapy.downloadermiddlewares.useragent.UserAgentMiddleware',
 'scrapy.downloadermiddlewares.retry.RetryMiddleware',
 'scrapy.downloadermiddlewares.redirect.MetaRefreshMiddleware',
 'scrapy.downloadermiddlewares.httpcompression.HttpCompressionMiddleware',
 'scrapy.downloadermiddlewares.redirect.RedirectMiddleware',
 'scrapy.downloadermiddlewares.cookies.CookiesMiddleware',
 'scrapy.downloadermiddlewares.httpproxy.HttpProxyMiddleware',
 'scrapy.downloadermiddlewares.stats.DownloaderStats']
2025-06-22 15:41:48 [scrapy.middleware] INFO: Enabled spider middlewares:
['scrapy.spidermiddlewares.httperror.HttpErrorMiddleware',
 'scrapy.spidermiddlewares.referer.RefererMiddleware',
 'scrapy.spidermiddlewares.urllength.UrlLengthMiddleware',
 'scrapy.spidermiddlewares.depth.DepthMiddleware']
2025-06-22 15:41:48 [scrapy.middleware] INFO: Enabled item pipelines:
['bingo_scrapy.pipelines.CsvPipeline', 'bingo_scrapy.pipelines.DbPipeline']
2025-06-22 15:41:48 [scrapy.core.engine] INFO: Spider opened
2025-06-22 15:41:48 [root] INFO: Opening spider and establishing database connection.
2025-06-22 15:41:48 [root] ERROR: Error connecting to database: (20009, b'DB-Lib error message 20009, severity 9:\nUnable to connect: Adaptive Server is unavailable or does not exist (wpdb2.hihosting.hinet.net)\n')
2025-06-22 15:41:48 [root] INFO: DELETE_OLD_DATA: True
2025-06-22 15:41:48 [scrapy.core.engine] INFO: Closing spider (shutdown)
2025-06-22 15:41:48 [scrapy.core.engine] ERROR: Scraper close failure
Traceback (most recent call last):
  File "scrapy\crawler.py", line 154, in crawl
  File "twisted\internet\defer.py", line 2013, in _inlineCallbacks
  File "twisted\python\failure.py", line 467, in throwExceptionIntoGenerator
  File "scrapy\core\engine.py", line 395, in open_spider
  File "twisted\internet\defer.py", line 2013, in _inlineCallbacks
  File "twisted\python\failure.py", line 467, in throwExceptionIntoGenerator
  File "scrapy\core\scraper.py", line 112, in open_spider
  File "twisted\internet\defer.py", line 1088, in _runCallbacks
  File "C:\Programs\bingo\home\bingo_scrapy\bingo_scrapy\bingo_scrapy\pipelines.py", line 58, in open_spider
    self.cursor.execute(f'DROP TABLE IF EXISTS {self.schema}.{self.table}')
    ^^^^^^^^^^^
AttributeError: 'DbPipeline' object has no attribute 'cursor'

During handling of the above exception, another exception occurred:

Traceback (most recent call last):
  File "twisted\internet\defer.py", line 1088, in _runCallbacks
  File "C:\Programs\bingo\home\bingo_scrapy\bingo_scrapy\bingo_scrapy\pipelines.py", line 82, in close_spider
    self.conn.close()
    ^^^^^^^^^
AttributeError: 'DbPipeline' object has no attribute 'conn'
2025-06-22 15:41:48 [scrapy.utils.signal] ERROR: Error caught on signal handler: <bound method CoreStats.spider_closed of <scrapy.extensions.corestats.CoreStats object at 0x0000023CEB25F210>>
Traceback (most recent call last):
  File "scrapy\crawler.py", line 154, in crawl
  File "twisted\internet\defer.py", line 2013, in _inlineCallbacks
  File "twisted\python\failure.py", line 467, in throwExceptionIntoGenerator
  File "scrapy\core\engine.py", line 395, in open_spider
  File "twisted\internet\defer.py", line 2013, in _inlineCallbacks
  File "twisted\python\failure.py", line 467, in throwExceptionIntoGenerator
  File "scrapy\core\scraper.py", line 112, in open_spider
  File "twisted\internet\defer.py", line 1088, in _runCallbacks
  File "C:\Programs\bingo\home\bingo_scrapy\bingo_scrapy\bingo_scrapy\pipelines.py", line 58, in open_spider
    self.cursor.execute(f'DROP TABLE IF EXISTS {self.schema}.{self.table}')
    ^^^^^^^^^^^
AttributeError: 'DbPipeline' object has no attribute 'cursor'

During handling of the above exception, another exception occurred:

Traceback (most recent call last):
  File "scrapy\utils\defer.py", line 400, in maybeDeferred_coro
  File "pydispatch\robustapply.py", line 55, in robustApply
  File "scrapy\extensions\corestats.py", line 41, in spider_closed
AssertionError
2025-06-22 15:41:48 [scrapy.statscollectors] INFO: Dumping Scrapy stats:
{'items_per_minute': None,
 'log_count/ERROR': 3,
 'log_count/INFO': 10,
 'responses_per_minute': None}
2025-06-22 15:41:48 [scrapy.core.engine] INFO: Spider closed (shutdown)
2025-06-22 15:41:48 [twisted] CRITICAL: Unhandled error in Deferred:
2025-06-22 15:41:48 [twisted] CRITICAL: 
Traceback (most recent call last):
  File "twisted\internet\defer.py", line 2017, in _inlineCallbacks
  File "scrapy\crawler.py", line 154, in crawl
  File "twisted\internet\defer.py", line 2013, in _inlineCallbacks
  File "twisted\python\failure.py", line 467, in throwExceptionIntoGenerator
  File "scrapy\core\engine.py", line 395, in open_spider
  File "twisted\internet\defer.py", line 2013, in _inlineCallbacks
  File "twisted\python\failure.py", line 467, in throwExceptionIntoGenerator
  File "scrapy\core\scraper.py", line 112, in open_spider
  File "twisted\internet\defer.py", line 1088, in _runCallbacks
  File "C:\Programs\bingo\home\bingo_scrapy\bingo_scrapy\bingo_scrapy\pipelines.py", line 58, in open_spider
    self.cursor.execute(f'DROP TABLE IF EXISTS {self.schema}.{self.table}')
    ^^^^^^^^^^^
AttributeError: 'DbPipeline' object has no attribute 'cursor'
2025-06-22 15:44:44 [scrapy.utils.log] INFO: Scrapy 2.12.0 started (bot: bingo_scrapy)
2025-06-22 15:44:44 [scrapy.utils.log] INFO: Versions: lxml 5.3.1.0, libxml2 2.11.7, cssselect 1.3.0, parsel 1.10.0, w3lib 2.3.1, Twisted 24.11.0, Python 3.11.0 (main, Oct 24 2022, 18:26:48) [MSC v.1933 64 bit (AMD64)], pyOpenSSL 25.0.0 (OpenSSL 3.4.1 11 Feb 2025), cryptography 44.0.2, Platform Windows-10-10.0.26100-SP0
2025-06-22 15:44:44 [scrapy.addons] INFO: Enabled addons:
[]
2025-06-22 15:44:44 [scrapy.extensions.telnet] INFO: Telnet Password: d1e231d17f5fb530
2025-06-22 15:44:44 [scrapy.middleware] INFO: Enabled extensions:
['scrapy.extensions.corestats.CoreStats',
 'scrapy.extensions.telnet.TelnetConsole',
 'scrapy.extensions.logstats.LogStats']
2025-06-22 15:44:44 [scrapy.crawler] INFO: Overridden settings:
{'BOT_NAME': 'bingo_scrapy',
 'LOG_FILE': 'bingo_spider.log',
 'LOG_LEVEL': 'INFO',
 'NEWSPIDER_MODULE': 'bingo_scrapy.spiders',
 'SPIDER_MODULES': ['bingo_scrapy.spiders']}
2025-06-22 15:44:44 [scrapy.middleware] INFO: Enabled downloader middlewares:
['scrapy.downloadermiddlewares.offsite.OffsiteMiddleware',
 'scrapy.downloadermiddlewares.httpauth.HttpAuthMiddleware',
 'scrapy.downloadermiddlewares.downloadtimeout.DownloadTimeoutMiddleware',
 'scrapy.downloadermiddlewares.defaultheaders.DefaultHeadersMiddleware',
 'scrapy.downloadermiddlewares.useragent.UserAgentMiddleware',
 'scrapy.downloadermiddlewares.retry.RetryMiddleware',
 'scrapy.downloadermiddlewares.redirect.MetaRefreshMiddleware',
 'scrapy.downloadermiddlewares.httpcompression.HttpCompressionMiddleware',
 'scrapy.downloadermiddlewares.redirect.RedirectMiddleware',
 'scrapy.downloadermiddlewares.cookies.CookiesMiddleware',
 'scrapy.downloadermiddlewares.httpproxy.HttpProxyMiddleware',
 'scrapy.downloadermiddlewares.stats.DownloaderStats']
2025-06-22 15:44:44 [scrapy.middleware] INFO: Enabled spider middlewares:
['scrapy.spidermiddlewares.httperror.HttpErrorMiddleware',
 'scrapy.spidermiddlewares.referer.RefererMiddleware',
 'scrapy.spidermiddlewares.urllength.UrlLengthMiddleware',
 'scrapy.spidermiddlewares.depth.DepthMiddleware']
2025-06-22 15:44:45 [scrapy.middleware] INFO: Enabled item pipelines:
['bingo_scrapy.pipelines.CsvPipeline', 'bingo_scrapy.pipelines.DbPipeline']
2025-06-22 15:44:45 [scrapy.core.engine] INFO: Spider opened
2025-06-22 15:44:45 [root] INFO: Opening spider and establishing database connection.
2025-06-22 15:44:45 [root] INFO: DELETE_OLD_DATA: True
2025-06-22 15:44:45 [root] INFO: Table dropped.
2025-06-22 15:44:45 [root] INFO: Checking if table dbo.bingo exists.
2025-06-22 15:44:45 [root] INFO: Table dbo.bingo does not exist. Creating table.
2025-06-22 15:44:45 [root] INFO: Table dbo.bingo created successfully.
2025-06-22 15:44:46 [root] INFO: Database connection established and table checked/created.
2025-06-22 15:44:46 [scrapy.extensions.logstats] INFO: Crawled 0 pages (at 0 pages/min), scraped 0 items (at 0 items/min)
2025-06-22 15:44:46 [scrapy.extensions.telnet] INFO: Telnet console listening on 127.0.0.1:6023
2025-06-22 15:44:46 [root] INFO: Using CRAWL_DATE: ['2025-06-22']
2025-06-22 15:44:46 [root] INFO: 爬取日期: 2025-06-22
2025-06-22 15:44:48 [root] INFO: Processing page: https://api.taiwanlottery.com/TLCAPIWeB/Lottery/BingoResult?openDate=2025-06-22&pageNum=1&pageSize=1
2025-06-22 15:44:49 [root] INFO: Finished processing page: https://api.taiwanlottery.com/TLCAPIWeB/Lottery/BingoResult?openDate=2025-06-22&pageNum=11&pageSize=10
2025-06-22 15:45:00 [root] INFO: Item processed and committed to database.
2025-06-22 15:45:00 [root] INFO: Database connection closed after processing item.
2025-06-22 15:45:00 [scrapy.core.engine] INFO: Closing spider (finished)
2025-06-22 15:45:00 [root] INFO: Database connection closed.
2025-06-22 15:45:00 [scrapy.statscollectors] INFO: Dumping Scrapy stats:
{'downloader/request_bytes': 292,
 'downloader/request_count': 1,
 'downloader/request_method_count/GET': 1,
 'downloader/response_bytes': 1133,
 'downloader/response_count': 1,
 'downloader/response_status_count/200': 1,
 'elapsed_time_seconds': 14.163782,
 'finish_reason': 'finished',
 'finish_time': datetime.datetime(2025, 6, 22, 7, 45, 0, 541849, tzinfo=datetime.timezone.utc),
 'httpcompression/response_bytes': 1899,
 'httpcompression/response_count': 1,
 'item_scraped_count': 1,
 'items_per_minute': None,
 'log_count/INFO': 24,
 'response_received_count': 1,
 'responses_per_minute': None,
 'scheduler/dequeued': 1,
 'scheduler/dequeued/memory': 1,
 'scheduler/enqueued': 1,
 'scheduler/enqueued/memory': 1,
 'start_time': datetime.datetime(2025, 6, 22, 7, 44, 46, 378067, tzinfo=datetime.timezone.utc)}
2025-06-22 15:45:00 [scrapy.core.engine] INFO: Spider closed (finished)
2025-06-22 15:46:42 [scrapy.utils.log] INFO: Scrapy 2.12.0 started (bot: bingo_scrapy)
2025-06-22 15:46:42 [scrapy.utils.log] INFO: Versions: lxml 5.3.1.0, libxml2 2.11.7, cssselect 1.3.0, parsel 1.10.0, w3lib 2.3.1, Twisted 24.11.0, Python 3.11.0 (main, Oct 24 2022, 18:26:48) [MSC v.1933 64 bit (AMD64)], pyOpenSSL 25.0.0 (OpenSSL 3.4.1 11 Feb 2025), cryptography 44.0.2, Platform Windows-10-10.0.26100-SP0
2025-06-22 15:46:42 [scrapy.addons] INFO: Enabled addons:
[]
2025-06-22 15:46:42 [scrapy.extensions.telnet] INFO: Telnet Password: 9d12bc0739858e72
2025-06-22 15:46:42 [scrapy.middleware] INFO: Enabled extensions:
['scrapy.extensions.corestats.CoreStats',
 'scrapy.extensions.telnet.TelnetConsole',
 'scrapy.extensions.logstats.LogStats']
2025-06-22 15:46:42 [scrapy.crawler] INFO: Overridden settings:
{'BOT_NAME': 'bingo_scrapy',
 'LOG_FILE': 'bingo_spider.log',
 'LOG_LEVEL': 'INFO',
 'NEWSPIDER_MODULE': 'bingo_scrapy.spiders',
 'SPIDER_MODULES': ['bingo_scrapy.spiders']}
2025-06-22 15:46:42 [scrapy.middleware] INFO: Enabled downloader middlewares:
['scrapy.downloadermiddlewares.offsite.OffsiteMiddleware',
 'scrapy.downloadermiddlewares.httpauth.HttpAuthMiddleware',
 'scrapy.downloadermiddlewares.downloadtimeout.DownloadTimeoutMiddleware',
 'scrapy.downloadermiddlewares.defaultheaders.DefaultHeadersMiddleware',
 'scrapy.downloadermiddlewares.useragent.UserAgentMiddleware',
 'scrapy.downloadermiddlewares.retry.RetryMiddleware',
 'scrapy.downloadermiddlewares.redirect.MetaRefreshMiddleware',
 'scrapy.downloadermiddlewares.httpcompression.HttpCompressionMiddleware',
 'scrapy.downloadermiddlewares.redirect.RedirectMiddleware',
 'scrapy.downloadermiddlewares.cookies.CookiesMiddleware',
 'scrapy.downloadermiddlewares.httpproxy.HttpProxyMiddleware',
 'scrapy.downloadermiddlewares.stats.DownloaderStats']
2025-06-22 15:46:42 [scrapy.middleware] INFO: Enabled spider middlewares:
['scrapy.spidermiddlewares.httperror.HttpErrorMiddleware',
 'scrapy.spidermiddlewares.referer.RefererMiddleware',
 'scrapy.spidermiddlewares.urllength.UrlLengthMiddleware',
 'scrapy.spidermiddlewares.depth.DepthMiddleware']
2025-06-22 15:46:42 [scrapy.middleware] INFO: Enabled item pipelines:
['bingo_scrapy.pipelines.CsvPipeline', 'bingo_scrapy.pipelines.DbPipeline']
2025-06-22 15:46:42 [scrapy.core.engine] INFO: Spider opened
2025-06-22 15:46:42 [root] INFO: Opening spider and establishing database connection.
2025-06-22 15:46:42 [root] INFO: DELETE_OLD_DATA: True
2025-06-22 15:46:42 [root] INFO: Table dropped.
2025-06-22 15:46:42 [root] INFO: Checking if table dbo.bingo exists.
2025-06-22 15:46:42 [root] INFO: Table dbo.bingo does not exist. Creating table.
2025-06-22 15:46:42 [root] INFO: Table dbo.bingo created successfully.
2025-06-22 15:46:43 [root] INFO: Database connection established and table checked/created.
2025-06-22 15:46:43 [scrapy.extensions.logstats] INFO: Crawled 0 pages (at 0 pages/min), scraped 0 items (at 0 items/min)
2025-06-22 15:46:43 [scrapy.extensions.telnet] INFO: Telnet console listening on 127.0.0.1:6023
2025-06-22 15:46:43 [root] INFO: Using CRAWL_DATE: ['2025-06-22']
2025-06-22 15:46:43 [root] INFO: 爬取日期: 2025-06-22
2025-06-22 15:46:43 [root] INFO: Processing page: https://api.taiwanlottery.com/TLCAPIWeB/Lottery/BingoResult?openDate=2025-06-22&pageNum=1&pageSize=1
2025-06-22 15:46:45 [root] INFO: Finished processing page: https://api.taiwanlottery.com/TLCAPIWeB/Lottery/BingoResult?openDate=2025-06-22&pageNum=11&pageSize=10
2025-06-22 15:46:48 [root] INFO: Item processed and committed to database.
2025-06-22 15:46:48 [root] INFO: Database connection closed after processing item.
2025-06-22 15:46:48 [scrapy.core.engine] INFO: Closing spider (finished)
2025-06-22 15:46:48 [root] INFO: Database connection closed.
2025-06-22 15:46:48 [scrapy.statscollectors] INFO: Dumping Scrapy stats:
{'downloader/request_bytes': 292,
 'downloader/request_count': 1,
 'downloader/request_method_count/GET': 1,
 'downloader/response_bytes': 1131,
 'downloader/response_count': 1,
 'downloader/response_status_count/200': 1,
 'elapsed_time_seconds': 5.708359,
 'finish_reason': 'finished',
 'finish_time': datetime.datetime(2025, 6, 22, 7, 46, 48, 716514, tzinfo=datetime.timezone.utc),
 'httpcompression/response_bytes': 1901,
 'httpcompression/response_count': 1,
 'item_scraped_count': 1,
 'items_per_minute': None,
 'log_count/INFO': 24,
 'response_received_count': 1,
 'responses_per_minute': None,
 'scheduler/dequeued': 1,
 'scheduler/dequeued/memory': 1,
 'scheduler/enqueued': 1,
 'scheduler/enqueued/memory': 1,
 'start_time': datetime.datetime(2025, 6, 22, 7, 46, 43, 8155, tzinfo=datetime.timezone.utc)}
2025-06-22 15:46:48 [scrapy.core.engine] INFO: Spider closed (finished)
2025-06-22 15:51:42 [scrapy.utils.log] INFO: Scrapy 2.12.0 started (bot: bingo_scrapy)
2025-06-22 15:51:42 [scrapy.utils.log] INFO: Versions: lxml 5.3.1.0, libxml2 2.11.7, cssselect 1.3.0, parsel 1.10.0, w3lib 2.3.1, Twisted 24.11.0, Python 3.11.0 (main, Oct 24 2022, 18:26:48) [MSC v.1933 64 bit (AMD64)], pyOpenSSL 25.0.0 (OpenSSL 3.4.1 11 Feb 2025), cryptography 44.0.2, Platform Windows-10-10.0.26100-SP0
2025-06-22 15:51:42 [scrapy.addons] INFO: Enabled addons:
[]
2025-06-22 15:51:42 [scrapy.extensions.telnet] INFO: Telnet Password: 86eb661cb33fac04
2025-06-22 15:51:42 [scrapy.middleware] INFO: Enabled extensions:
['scrapy.extensions.corestats.CoreStats',
 'scrapy.extensions.telnet.TelnetConsole',
 'scrapy.extensions.logstats.LogStats']
2025-06-22 15:51:42 [scrapy.crawler] INFO: Overridden settings:
{'BOT_NAME': 'bingo_scrapy',
 'LOG_FILE': 'bingo_spider.log',
 'LOG_LEVEL': 'INFO',
 'NEWSPIDER_MODULE': 'bingo_scrapy.spiders',
 'SPIDER_MODULES': ['bingo_scrapy.spiders']}
2025-06-22 15:51:42 [scrapy.middleware] INFO: Enabled downloader middlewares:
['scrapy.downloadermiddlewares.offsite.OffsiteMiddleware',
 'scrapy.downloadermiddlewares.httpauth.HttpAuthMiddleware',
 'scrapy.downloadermiddlewares.downloadtimeout.DownloadTimeoutMiddleware',
 'scrapy.downloadermiddlewares.defaultheaders.DefaultHeadersMiddleware',
 'scrapy.downloadermiddlewares.useragent.UserAgentMiddleware',
 'scrapy.downloadermiddlewares.retry.RetryMiddleware',
 'scrapy.downloadermiddlewares.redirect.MetaRefreshMiddleware',
 'scrapy.downloadermiddlewares.httpcompression.HttpCompressionMiddleware',
 'scrapy.downloadermiddlewares.redirect.RedirectMiddleware',
 'scrapy.downloadermiddlewares.cookies.CookiesMiddleware',
 'scrapy.downloadermiddlewares.httpproxy.HttpProxyMiddleware',
 'scrapy.downloadermiddlewares.stats.DownloaderStats']
2025-06-22 15:51:42 [scrapy.middleware] INFO: Enabled spider middlewares:
['scrapy.spidermiddlewares.httperror.HttpErrorMiddleware',
 'scrapy.spidermiddlewares.referer.RefererMiddleware',
 'scrapy.spidermiddlewares.urllength.UrlLengthMiddleware',
 'scrapy.spidermiddlewares.depth.DepthMiddleware']
2025-06-22 15:51:42 [scrapy.middleware] INFO: Enabled item pipelines:
['bingo_scrapy.pipelines.CsvPipeline', 'bingo_scrapy.pipelines.DbPipeline']
2025-06-22 15:51:42 [scrapy.core.engine] INFO: Spider opened
2025-06-22 15:51:42 [root] INFO: Opening spider and establishing database connection.
2025-06-22 15:51:43 [root] INFO: DELETE_OLD_DATA: True
2025-06-22 15:51:43 [root] INFO: Table dropped.
2025-06-22 15:51:43 [root] INFO: Checking if table dbo.bingo exists.
2025-06-22 15:51:43 [root] INFO: Table dbo.bingo does not exist. Creating table.
2025-06-22 15:51:43 [root] INFO: Table dbo.bingo created successfully.
2025-06-22 15:51:43 [root] INFO: Database connection established and table checked/created.
2025-06-22 15:51:43 [scrapy.extensions.logstats] INFO: Crawled 0 pages (at 0 pages/min), scraped 0 items (at 0 items/min)
2025-06-22 15:51:43 [scrapy.extensions.telnet] INFO: Telnet console listening on 127.0.0.1:6023
2025-06-22 15:51:43 [root] INFO: Using CRAWL_DATE: ['2025-06-22']
2025-06-22 15:51:43 [root] INFO: 爬取日期: 2025-06-22
2025-06-22 15:51:43 [root] INFO: Processing page: https://api.taiwanlottery.com/TLCAPIWeB/Lottery/BingoResult?openDate=2025-06-22&pageNum=1&pageSize=1
2025-06-22 15:51:45 [root] INFO: Finished processing page: https://api.taiwanlottery.com/TLCAPIWeB/Lottery/BingoResult?openDate=2025-06-22&pageNum=11&pageSize=10
2025-06-22 15:51:49 [root] INFO: Item processed and committed to database.
2025-06-22 15:51:49 [root] INFO: Database connection closed after processing item.
2025-06-22 15:51:49 [scrapy.core.engine] INFO: Closing spider (finished)
2025-06-22 15:51:49 [root] INFO: Database connection closed.
2025-06-22 15:51:49 [scrapy.statscollectors] INFO: Dumping Scrapy stats:
{'downloader/request_bytes': 292,
 'downloader/request_count': 1,
 'downloader/request_method_count/GET': 1,
 'downloader/response_bytes': 1135,
 'downloader/response_count': 1,
 'downloader/response_status_count/200': 1,
 'elapsed_time_seconds': 5.785287,
 'finish_reason': 'finished',
 'finish_time': datetime.datetime(2025, 6, 22, 7, 51, 49, 71972, tzinfo=datetime.timezone.utc),
 'httpcompression/response_bytes': 1899,
 'httpcompression/response_count': 1,
 'item_scraped_count': 1,
 'items_per_minute': None,
 'log_count/INFO': 24,
 'response_received_count': 1,
 'responses_per_minute': None,
 'scheduler/dequeued': 1,
 'scheduler/dequeued/memory': 1,
 'scheduler/enqueued': 1,
 'scheduler/enqueued/memory': 1,
 'start_time': datetime.datetime(2025, 6, 22, 7, 51, 43, 286685, tzinfo=datetime.timezone.utc)}
2025-06-22 15:51:49 [scrapy.core.engine] INFO: Spider closed (finished)
2025-06-22 15:56:42 [scrapy.utils.log] INFO: Scrapy 2.12.0 started (bot: bingo_scrapy)
2025-06-22 15:56:42 [scrapy.utils.log] INFO: Versions: lxml 5.3.1.0, libxml2 2.11.7, cssselect 1.3.0, parsel 1.10.0, w3lib 2.3.1, Twisted 24.11.0, Python 3.11.0 (main, Oct 24 2022, 18:26:48) [MSC v.1933 64 bit (AMD64)], pyOpenSSL 25.0.0 (OpenSSL 3.4.1 11 Feb 2025), cryptography 44.0.2, Platform Windows-10-10.0.26100-SP0
2025-06-22 15:56:42 [scrapy.addons] INFO: Enabled addons:
[]
2025-06-22 15:56:42 [scrapy.extensions.telnet] INFO: Telnet Password: fe636f69d3bf2cc9
2025-06-22 15:56:42 [scrapy.middleware] INFO: Enabled extensions:
['scrapy.extensions.corestats.CoreStats',
 'scrapy.extensions.telnet.TelnetConsole',
 'scrapy.extensions.logstats.LogStats']
2025-06-22 15:56:42 [scrapy.crawler] INFO: Overridden settings:
{'BOT_NAME': 'bingo_scrapy',
 'LOG_FILE': 'bingo_spider.log',
 'LOG_LEVEL': 'INFO',
 'NEWSPIDER_MODULE': 'bingo_scrapy.spiders',
 'SPIDER_MODULES': ['bingo_scrapy.spiders']}
2025-06-22 15:56:42 [scrapy.middleware] INFO: Enabled downloader middlewares:
['scrapy.downloadermiddlewares.offsite.OffsiteMiddleware',
 'scrapy.downloadermiddlewares.httpauth.HttpAuthMiddleware',
 'scrapy.downloadermiddlewares.downloadtimeout.DownloadTimeoutMiddleware',
 'scrapy.downloadermiddlewares.defaultheaders.DefaultHeadersMiddleware',
 'scrapy.downloadermiddlewares.useragent.UserAgentMiddleware',
 'scrapy.downloadermiddlewares.retry.RetryMiddleware',
 'scrapy.downloadermiddlewares.redirect.MetaRefreshMiddleware',
 'scrapy.downloadermiddlewares.httpcompression.HttpCompressionMiddleware',
 'scrapy.downloadermiddlewares.redirect.RedirectMiddleware',
 'scrapy.downloadermiddlewares.cookies.CookiesMiddleware',
 'scrapy.downloadermiddlewares.httpproxy.HttpProxyMiddleware',
 'scrapy.downloadermiddlewares.stats.DownloaderStats']
2025-06-22 15:56:42 [scrapy.middleware] INFO: Enabled spider middlewares:
['scrapy.spidermiddlewares.httperror.HttpErrorMiddleware',
 'scrapy.spidermiddlewares.referer.RefererMiddleware',
 'scrapy.spidermiddlewares.urllength.UrlLengthMiddleware',
 'scrapy.spidermiddlewares.depth.DepthMiddleware']
2025-06-22 15:56:42 [scrapy.middleware] INFO: Enabled item pipelines:
['bingo_scrapy.pipelines.CsvPipeline', 'bingo_scrapy.pipelines.DbPipeline']
2025-06-22 15:56:42 [scrapy.core.engine] INFO: Spider opened
2025-06-22 15:56:42 [root] INFO: Opening spider and establishing database connection.
2025-06-22 15:56:43 [root] INFO: DELETE_OLD_DATA: True
2025-06-22 15:56:43 [root] INFO: Table dropped.
2025-06-22 15:56:43 [root] INFO: Checking if table dbo.bingo exists.
2025-06-22 15:56:43 [root] INFO: Table dbo.bingo does not exist. Creating table.
2025-06-22 15:56:43 [root] INFO: Table dbo.bingo created successfully.
2025-06-22 15:56:43 [root] INFO: Database connection established and table checked/created.
2025-06-22 15:56:43 [scrapy.extensions.logstats] INFO: Crawled 0 pages (at 0 pages/min), scraped 0 items (at 0 items/min)
2025-06-22 15:56:43 [scrapy.extensions.telnet] INFO: Telnet console listening on 127.0.0.1:6023
2025-06-22 15:56:43 [root] INFO: Using CRAWL_DATE: ['2025-06-22']
2025-06-22 15:56:43 [root] INFO: 爬取日期: 2025-06-22
2025-06-22 15:56:43 [root] INFO: Processing page: https://api.taiwanlottery.com/TLCAPIWeB/Lottery/BingoResult?openDate=2025-06-22&pageNum=1&pageSize=1
2025-06-22 15:56:44 [root] INFO: Finished processing page: https://api.taiwanlottery.com/TLCAPIWeB/Lottery/BingoResult?openDate=2025-06-22&pageNum=11&pageSize=10
2025-06-22 15:56:48 [root] INFO: Item processed and committed to database.
2025-06-22 15:56:48 [root] INFO: Database connection closed after processing item.
2025-06-22 15:56:48 [scrapy.core.engine] INFO: Closing spider (finished)
2025-06-22 15:56:48 [root] INFO: Database connection closed.
2025-06-22 15:56:48 [scrapy.statscollectors] INFO: Dumping Scrapy stats:
{'downloader/request_bytes': 292,
 'downloader/request_count': 1,
 'downloader/request_method_count/GET': 1,
 'downloader/response_bytes': 1141,
 'downloader/response_count': 1,
 'downloader/response_status_count/200': 1,
 'elapsed_time_seconds': 5.483601,
 'finish_reason': 'finished',
 'finish_time': datetime.datetime(2025, 6, 22, 7, 56, 48, 838521, tzinfo=datetime.timezone.utc),
 'httpcompression/response_bytes': 1899,
 'httpcompression/response_count': 1,
 'item_scraped_count': 1,
 'items_per_minute': None,
 'log_count/INFO': 24,
 'response_received_count': 1,
 'responses_per_minute': None,
 'scheduler/dequeued': 1,
 'scheduler/dequeued/memory': 1,
 'scheduler/enqueued': 1,
 'scheduler/enqueued/memory': 1,
 'start_time': datetime.datetime(2025, 6, 22, 7, 56, 43, 354920, tzinfo=datetime.timezone.utc)}
2025-06-22 15:56:48 [scrapy.core.engine] INFO: Spider closed (finished)
2025-06-22 16:01:42 [scrapy.utils.log] INFO: Scrapy 2.12.0 started (bot: bingo_scrapy)
2025-06-22 16:01:42 [scrapy.utils.log] INFO: Versions: lxml 5.3.1.0, libxml2 2.11.7, cssselect 1.3.0, parsel 1.10.0, w3lib 2.3.1, Twisted 24.11.0, Python 3.11.0 (main, Oct 24 2022, 18:26:48) [MSC v.1933 64 bit (AMD64)], pyOpenSSL 25.0.0 (OpenSSL 3.4.1 11 Feb 2025), cryptography 44.0.2, Platform Windows-10-10.0.26100-SP0
2025-06-22 16:01:42 [scrapy.addons] INFO: Enabled addons:
[]
2025-06-22 16:01:42 [scrapy.extensions.telnet] INFO: Telnet Password: 94aea15c140c0227
2025-06-22 16:01:42 [scrapy.middleware] INFO: Enabled extensions:
['scrapy.extensions.corestats.CoreStats',
 'scrapy.extensions.telnet.TelnetConsole',
 'scrapy.extensions.logstats.LogStats']
2025-06-22 16:01:42 [scrapy.crawler] INFO: Overridden settings:
{'BOT_NAME': 'bingo_scrapy',
 'LOG_FILE': 'bingo_spider.log',
 'LOG_LEVEL': 'INFO',
 'NEWSPIDER_MODULE': 'bingo_scrapy.spiders',
 'SPIDER_MODULES': ['bingo_scrapy.spiders']}
2025-06-22 16:01:42 [scrapy.middleware] INFO: Enabled downloader middlewares:
['scrapy.downloadermiddlewares.offsite.OffsiteMiddleware',
 'scrapy.downloadermiddlewares.httpauth.HttpAuthMiddleware',
 'scrapy.downloadermiddlewares.downloadtimeout.DownloadTimeoutMiddleware',
 'scrapy.downloadermiddlewares.defaultheaders.DefaultHeadersMiddleware',
 'scrapy.downloadermiddlewares.useragent.UserAgentMiddleware',
 'scrapy.downloadermiddlewares.retry.RetryMiddleware',
 'scrapy.downloadermiddlewares.redirect.MetaRefreshMiddleware',
 'scrapy.downloadermiddlewares.httpcompression.HttpCompressionMiddleware',
 'scrapy.downloadermiddlewares.redirect.RedirectMiddleware',
 'scrapy.downloadermiddlewares.cookies.CookiesMiddleware',
 'scrapy.downloadermiddlewares.httpproxy.HttpProxyMiddleware',
 'scrapy.downloadermiddlewares.stats.DownloaderStats']
2025-06-22 16:01:42 [scrapy.middleware] INFO: Enabled spider middlewares:
['scrapy.spidermiddlewares.httperror.HttpErrorMiddleware',
 'scrapy.spidermiddlewares.referer.RefererMiddleware',
 'scrapy.spidermiddlewares.urllength.UrlLengthMiddleware',
 'scrapy.spidermiddlewares.depth.DepthMiddleware']
2025-06-22 16:01:42 [scrapy.middleware] INFO: Enabled item pipelines:
['bingo_scrapy.pipelines.CsvPipeline', 'bingo_scrapy.pipelines.DbPipeline']
2025-06-22 16:01:42 [scrapy.core.engine] INFO: Spider opened
2025-06-22 16:01:42 [root] INFO: Opening spider and establishing database connection.
2025-06-22 16:01:43 [root] INFO: DELETE_OLD_DATA: True
2025-06-22 16:01:43 [root] INFO: Table dropped.
2025-06-22 16:01:43 [root] INFO: Checking if table dbo.bingo exists.
2025-06-22 16:01:43 [root] INFO: Table dbo.bingo does not exist. Creating table.
2025-06-22 16:01:43 [root] INFO: Table dbo.bingo created successfully.
2025-06-22 16:01:43 [root] INFO: Database connection established and table checked/created.
2025-06-22 16:01:43 [scrapy.extensions.logstats] INFO: Crawled 0 pages (at 0 pages/min), scraped 0 items (at 0 items/min)
2025-06-22 16:01:43 [scrapy.extensions.telnet] INFO: Telnet console listening on 127.0.0.1:6023
2025-06-22 16:01:43 [root] INFO: Using CRAWL_DATE: ['2025-06-22']
2025-06-22 16:01:43 [root] INFO: 爬取日期: 2025-06-22
2025-06-22 16:01:43 [root] INFO: Processing page: https://api.taiwanlottery.com/TLCAPIWeB/Lottery/BingoResult?openDate=2025-06-22&pageNum=1&pageSize=1
2025-06-22 16:01:45 [root] INFO: Finished processing page: https://api.taiwanlottery.com/TLCAPIWeB/Lottery/BingoResult?openDate=2025-06-22&pageNum=11&pageSize=10
2025-06-22 16:01:48 [root] INFO: Item processed and committed to database.
2025-06-22 16:01:48 [root] INFO: Database connection closed after processing item.
2025-06-22 16:01:48 [scrapy.core.engine] INFO: Closing spider (finished)
2025-06-22 16:01:48 [root] INFO: Database connection closed.
2025-06-22 16:01:48 [scrapy.statscollectors] INFO: Dumping Scrapy stats:
{'downloader/request_bytes': 292,
 'downloader/request_count': 1,
 'downloader/request_method_count/GET': 1,
 'downloader/response_bytes': 1123,
 'downloader/response_count': 1,
 'downloader/response_status_count/200': 1,
 'elapsed_time_seconds': 5.522108,
 'finish_reason': 'finished',
 'finish_time': datetime.datetime(2025, 6, 22, 8, 1, 48, 955642, tzinfo=datetime.timezone.utc),
 'httpcompression/response_bytes': 1899,
 'httpcompression/response_count': 1,
 'item_scraped_count': 1,
 'items_per_minute': None,
 'log_count/INFO': 24,
 'response_received_count': 1,
 'responses_per_minute': None,
 'scheduler/dequeued': 1,
 'scheduler/dequeued/memory': 1,
 'scheduler/enqueued': 1,
 'scheduler/enqueued/memory': 1,
 'start_time': datetime.datetime(2025, 6, 22, 8, 1, 43, 433534, tzinfo=datetime.timezone.utc)}
2025-06-22 16:01:48 [scrapy.core.engine] INFO: Spider closed (finished)
2025-06-22 16:06:42 [scrapy.utils.log] INFO: Scrapy 2.12.0 started (bot: bingo_scrapy)
2025-06-22 16:06:42 [scrapy.utils.log] INFO: Versions: lxml 5.3.1.0, libxml2 2.11.7, cssselect 1.3.0, parsel 1.10.0, w3lib 2.3.1, Twisted 24.11.0, Python 3.11.0 (main, Oct 24 2022, 18:26:48) [MSC v.1933 64 bit (AMD64)], pyOpenSSL 25.0.0 (OpenSSL 3.4.1 11 Feb 2025), cryptography 44.0.2, Platform Windows-10-10.0.26100-SP0
2025-06-22 16:06:42 [scrapy.addons] INFO: Enabled addons:
[]
2025-06-22 16:06:42 [scrapy.extensions.telnet] INFO: Telnet Password: 47135699bdbfd648
2025-06-22 16:06:42 [scrapy.middleware] INFO: Enabled extensions:
['scrapy.extensions.corestats.CoreStats',
 'scrapy.extensions.telnet.TelnetConsole',
 'scrapy.extensions.logstats.LogStats']
2025-06-22 16:06:42 [scrapy.crawler] INFO: Overridden settings:
{'BOT_NAME': 'bingo_scrapy',
 'LOG_FILE': 'bingo_spider.log',
 'LOG_LEVEL': 'INFO',
 'NEWSPIDER_MODULE': 'bingo_scrapy.spiders',
 'SPIDER_MODULES': ['bingo_scrapy.spiders']}
2025-06-22 16:06:42 [scrapy.middleware] INFO: Enabled downloader middlewares:
['scrapy.downloadermiddlewares.offsite.OffsiteMiddleware',
 'scrapy.downloadermiddlewares.httpauth.HttpAuthMiddleware',
 'scrapy.downloadermiddlewares.downloadtimeout.DownloadTimeoutMiddleware',
 'scrapy.downloadermiddlewares.defaultheaders.DefaultHeadersMiddleware',
 'scrapy.downloadermiddlewares.useragent.UserAgentMiddleware',
 'scrapy.downloadermiddlewares.retry.RetryMiddleware',
 'scrapy.downloadermiddlewares.redirect.MetaRefreshMiddleware',
 'scrapy.downloadermiddlewares.httpcompression.HttpCompressionMiddleware',
 'scrapy.downloadermiddlewares.redirect.RedirectMiddleware',
 'scrapy.downloadermiddlewares.cookies.CookiesMiddleware',
 'scrapy.downloadermiddlewares.httpproxy.HttpProxyMiddleware',
 'scrapy.downloadermiddlewares.stats.DownloaderStats']
2025-06-22 16:06:42 [scrapy.middleware] INFO: Enabled spider middlewares:
['scrapy.spidermiddlewares.httperror.HttpErrorMiddleware',
 'scrapy.spidermiddlewares.referer.RefererMiddleware',
 'scrapy.spidermiddlewares.urllength.UrlLengthMiddleware',
 'scrapy.spidermiddlewares.depth.DepthMiddleware']
2025-06-22 16:06:42 [scrapy.middleware] INFO: Enabled item pipelines:
['bingo_scrapy.pipelines.CsvPipeline', 'bingo_scrapy.pipelines.DbPipeline']
2025-06-22 16:06:42 [scrapy.core.engine] INFO: Spider opened
2025-06-22 16:06:42 [root] INFO: Opening spider and establishing database connection.
2025-06-22 16:06:43 [root] INFO: DELETE_OLD_DATA: True
2025-06-22 16:06:43 [root] INFO: Table dropped.
2025-06-22 16:06:43 [root] INFO: Checking if table dbo.bingo exists.
2025-06-22 16:06:43 [root] INFO: Table dbo.bingo does not exist. Creating table.
2025-06-22 16:06:43 [root] INFO: Table dbo.bingo created successfully.
2025-06-22 16:06:43 [root] INFO: Database connection established and table checked/created.
2025-06-22 16:06:43 [scrapy.extensions.logstats] INFO: Crawled 0 pages (at 0 pages/min), scraped 0 items (at 0 items/min)
2025-06-22 16:06:43 [scrapy.extensions.telnet] INFO: Telnet console listening on 127.0.0.1:6023
2025-06-22 16:06:43 [root] INFO: Using CRAWL_DATE: ['2025-06-22']
2025-06-22 16:06:43 [root] INFO: 爬取日期: 2025-06-22
2025-06-22 16:06:43 [root] INFO: Processing page: https://api.taiwanlottery.com/TLCAPIWeB/Lottery/BingoResult?openDate=2025-06-22&pageNum=1&pageSize=1
2025-06-22 16:06:44 [root] INFO: Finished processing page: https://api.taiwanlottery.com/TLCAPIWeB/Lottery/BingoResult?openDate=2025-06-22&pageNum=11&pageSize=10
2025-06-22 16:06:48 [root] INFO: Item processed and committed to database.
2025-06-22 16:06:48 [root] INFO: Database connection closed after processing item.
2025-06-22 16:06:48 [scrapy.core.engine] INFO: Closing spider (finished)
2025-06-22 16:06:48 [root] INFO: Database connection closed.
2025-06-22 16:06:48 [scrapy.statscollectors] INFO: Dumping Scrapy stats:
{'downloader/request_bytes': 292,
 'downloader/request_count': 1,
 'downloader/request_method_count/GET': 1,
 'downloader/response_bytes': 1125,
 'downloader/response_count': 1,
 'downloader/response_status_count/200': 1,
 'elapsed_time_seconds': 5.360004,
 'finish_reason': 'finished',
 'finish_time': datetime.datetime(2025, 6, 22, 8, 6, 48, 576572, tzinfo=datetime.timezone.utc),
 'httpcompression/response_bytes': 1894,
 'httpcompression/response_count': 1,
 'item_scraped_count': 1,
 'items_per_minute': None,
 'log_count/INFO': 24,
 'response_received_count': 1,
 'responses_per_minute': None,
 'scheduler/dequeued': 1,
 'scheduler/dequeued/memory': 1,
 'scheduler/enqueued': 1,
 'scheduler/enqueued/memory': 1,
 'start_time': datetime.datetime(2025, 6, 22, 8, 6, 43, 216568, tzinfo=datetime.timezone.utc)}
2025-06-22 16:06:48 [scrapy.core.engine] INFO: Spider closed (finished)
2025-06-22 16:11:42 [scrapy.utils.log] INFO: Scrapy 2.12.0 started (bot: bingo_scrapy)
2025-06-22 16:11:42 [scrapy.utils.log] INFO: Versions: lxml 5.3.1.0, libxml2 2.11.7, cssselect 1.3.0, parsel 1.10.0, w3lib 2.3.1, Twisted 24.11.0, Python 3.11.0 (main, Oct 24 2022, 18:26:48) [MSC v.1933 64 bit (AMD64)], pyOpenSSL 25.0.0 (OpenSSL 3.4.1 11 Feb 2025), cryptography 44.0.2, Platform Windows-10-10.0.26100-SP0
2025-06-22 16:11:42 [scrapy.addons] INFO: Enabled addons:
[]
2025-06-22 16:11:42 [scrapy.extensions.telnet] INFO: Telnet Password: c0ffea07ff139499
2025-06-22 16:11:42 [scrapy.middleware] INFO: Enabled extensions:
['scrapy.extensions.corestats.CoreStats',
 'scrapy.extensions.telnet.TelnetConsole',
 'scrapy.extensions.logstats.LogStats']
2025-06-22 16:11:42 [scrapy.crawler] INFO: Overridden settings:
{'BOT_NAME': 'bingo_scrapy',
 'LOG_FILE': 'bingo_spider.log',
 'LOG_LEVEL': 'INFO',
 'NEWSPIDER_MODULE': 'bingo_scrapy.spiders',
 'SPIDER_MODULES': ['bingo_scrapy.spiders']}
2025-06-22 16:11:42 [scrapy.middleware] INFO: Enabled downloader middlewares:
['scrapy.downloadermiddlewares.offsite.OffsiteMiddleware',
 'scrapy.downloadermiddlewares.httpauth.HttpAuthMiddleware',
 'scrapy.downloadermiddlewares.downloadtimeout.DownloadTimeoutMiddleware',
 'scrapy.downloadermiddlewares.defaultheaders.DefaultHeadersMiddleware',
 'scrapy.downloadermiddlewares.useragent.UserAgentMiddleware',
 'scrapy.downloadermiddlewares.retry.RetryMiddleware',
 'scrapy.downloadermiddlewares.redirect.MetaRefreshMiddleware',
 'scrapy.downloadermiddlewares.httpcompression.HttpCompressionMiddleware',
 'scrapy.downloadermiddlewares.redirect.RedirectMiddleware',
 'scrapy.downloadermiddlewares.cookies.CookiesMiddleware',
 'scrapy.downloadermiddlewares.httpproxy.HttpProxyMiddleware',
 'scrapy.downloadermiddlewares.stats.DownloaderStats']
2025-06-22 16:11:42 [scrapy.middleware] INFO: Enabled spider middlewares:
['scrapy.spidermiddlewares.httperror.HttpErrorMiddleware',
 'scrapy.spidermiddlewares.referer.RefererMiddleware',
 'scrapy.spidermiddlewares.urllength.UrlLengthMiddleware',
 'scrapy.spidermiddlewares.depth.DepthMiddleware']
2025-06-22 16:11:42 [scrapy.middleware] INFO: Enabled item pipelines:
['bingo_scrapy.pipelines.CsvPipeline', 'bingo_scrapy.pipelines.DbPipeline']
2025-06-22 16:11:42 [scrapy.core.engine] INFO: Spider opened
2025-06-22 16:11:42 [root] INFO: Opening spider and establishing database connection.
2025-06-22 16:11:43 [root] INFO: DELETE_OLD_DATA: True
2025-06-22 16:11:43 [root] INFO: Table dropped.
2025-06-22 16:11:43 [root] INFO: Checking if table dbo.bingo exists.
2025-06-22 16:11:43 [root] INFO: Table dbo.bingo does not exist. Creating table.
2025-06-22 16:11:44 [root] INFO: Table dbo.bingo created successfully.
2025-06-22 16:11:44 [root] INFO: Database connection established and table checked/created.
2025-06-22 16:11:44 [scrapy.extensions.logstats] INFO: Crawled 0 pages (at 0 pages/min), scraped 0 items (at 0 items/min)
2025-06-22 16:11:44 [scrapy.extensions.telnet] INFO: Telnet console listening on 127.0.0.1:6023
2025-06-22 16:11:44 [root] INFO: Using CRAWL_DATE: ['2025-06-22']
2025-06-22 16:11:44 [root] INFO: 爬取日期: 2025-06-22
2025-06-22 16:11:44 [root] INFO: Processing page: https://api.taiwanlottery.com/TLCAPIWeB/Lottery/BingoResult?openDate=2025-06-22&pageNum=1&pageSize=1
2025-06-22 16:11:47 [root] INFO: Finished processing page: https://api.taiwanlottery.com/TLCAPIWeB/Lottery/BingoResult?openDate=2025-06-22&pageNum=12&pageSize=10
2025-06-22 16:11:56 [root] INFO: Item processed and committed to database.
2025-06-22 16:11:56 [root] INFO: Database connection closed after processing item.
2025-06-22 16:11:56 [scrapy.core.engine] INFO: Closing spider (finished)
2025-06-22 16:11:56 [root] INFO: Database connection closed.
2025-06-22 16:11:56 [scrapy.statscollectors] INFO: Dumping Scrapy stats:
{'downloader/request_bytes': 292,
 'downloader/request_count': 1,
 'downloader/request_method_count/GET': 1,
 'downloader/response_bytes': 1122,
 'downloader/response_count': 1,
 'downloader/response_status_count/200': 1,
 'elapsed_time_seconds': 12.714861,
 'finish_reason': 'finished',
 'finish_time': datetime.datetime(2025, 6, 22, 8, 11, 56, 787399, tzinfo=datetime.timezone.utc),
 'httpcompression/response_bytes': 1897,
 'httpcompression/response_count': 1,
 'item_scraped_count': 1,
 'items_per_minute': None,
 'log_count/INFO': 24,
 'response_received_count': 1,
 'responses_per_minute': None,
 'scheduler/dequeued': 1,
 'scheduler/dequeued/memory': 1,
 'scheduler/enqueued': 1,
 'scheduler/enqueued/memory': 1,
 'start_time': datetime.datetime(2025, 6, 22, 8, 11, 44, 72538, tzinfo=datetime.timezone.utc)}
2025-06-22 16:11:56 [scrapy.core.engine] INFO: Spider closed (finished)
2025-06-22 16:16:42 [scrapy.utils.log] INFO: Scrapy 2.12.0 started (bot: bingo_scrapy)
2025-06-22 16:16:42 [scrapy.utils.log] INFO: Versions: lxml 5.3.1.0, libxml2 2.11.7, cssselect 1.3.0, parsel 1.10.0, w3lib 2.3.1, Twisted 24.11.0, Python 3.11.0 (main, Oct 24 2022, 18:26:48) [MSC v.1933 64 bit (AMD64)], pyOpenSSL 25.0.0 (OpenSSL 3.4.1 11 Feb 2025), cryptography 44.0.2, Platform Windows-10-10.0.26100-SP0
2025-06-22 16:16:42 [scrapy.addons] INFO: Enabled addons:
[]
2025-06-22 16:16:42 [scrapy.extensions.telnet] INFO: Telnet Password: d91aa12f7a9d77b9
2025-06-22 16:16:42 [scrapy.middleware] INFO: Enabled extensions:
['scrapy.extensions.corestats.CoreStats',
 'scrapy.extensions.telnet.TelnetConsole',
 'scrapy.extensions.logstats.LogStats']
2025-06-22 16:16:42 [scrapy.crawler] INFO: Overridden settings:
{'BOT_NAME': 'bingo_scrapy',
 'LOG_FILE': 'bingo_spider.log',
 'LOG_LEVEL': 'INFO',
 'NEWSPIDER_MODULE': 'bingo_scrapy.spiders',
 'SPIDER_MODULES': ['bingo_scrapy.spiders']}
2025-06-22 16:16:42 [scrapy.middleware] INFO: Enabled downloader middlewares:
['scrapy.downloadermiddlewares.offsite.OffsiteMiddleware',
 'scrapy.downloadermiddlewares.httpauth.HttpAuthMiddleware',
 'scrapy.downloadermiddlewares.downloadtimeout.DownloadTimeoutMiddleware',
 'scrapy.downloadermiddlewares.defaultheaders.DefaultHeadersMiddleware',
 'scrapy.downloadermiddlewares.useragent.UserAgentMiddleware',
 'scrapy.downloadermiddlewares.retry.RetryMiddleware',
 'scrapy.downloadermiddlewares.redirect.MetaRefreshMiddleware',
 'scrapy.downloadermiddlewares.httpcompression.HttpCompressionMiddleware',
 'scrapy.downloadermiddlewares.redirect.RedirectMiddleware',
 'scrapy.downloadermiddlewares.cookies.CookiesMiddleware',
 'scrapy.downloadermiddlewares.httpproxy.HttpProxyMiddleware',
 'scrapy.downloadermiddlewares.stats.DownloaderStats']
2025-06-22 16:16:42 [scrapy.middleware] INFO: Enabled spider middlewares:
['scrapy.spidermiddlewares.httperror.HttpErrorMiddleware',
 'scrapy.spidermiddlewares.referer.RefererMiddleware',
 'scrapy.spidermiddlewares.urllength.UrlLengthMiddleware',
 'scrapy.spidermiddlewares.depth.DepthMiddleware']
2025-06-22 16:16:42 [scrapy.middleware] INFO: Enabled item pipelines:
['bingo_scrapy.pipelines.CsvPipeline', 'bingo_scrapy.pipelines.DbPipeline']
2025-06-22 16:16:42 [scrapy.core.engine] INFO: Spider opened
2025-06-22 16:16:43 [root] INFO: Opening spider and establishing database connection.
2025-06-22 16:16:43 [root] INFO: DELETE_OLD_DATA: True
2025-06-22 16:16:43 [root] INFO: Table dropped.
2025-06-22 16:16:43 [root] INFO: Checking if table dbo.bingo exists.
2025-06-22 16:16:43 [root] INFO: Table dbo.bingo does not exist. Creating table.
2025-06-22 16:16:43 [root] INFO: Table dbo.bingo created successfully.
2025-06-22 16:16:43 [root] INFO: Database connection established and table checked/created.
2025-06-22 16:16:43 [scrapy.extensions.logstats] INFO: Crawled 0 pages (at 0 pages/min), scraped 0 items (at 0 items/min)
2025-06-22 16:16:43 [scrapy.extensions.telnet] INFO: Telnet console listening on 127.0.0.1:6023
2025-06-22 16:16:43 [root] INFO: Using CRAWL_DATE: ['2025-06-22']
2025-06-22 16:16:43 [root] INFO: 爬取日期: 2025-06-22
2025-06-22 16:16:43 [root] INFO: Processing page: https://api.taiwanlottery.com/TLCAPIWeB/Lottery/BingoResult?openDate=2025-06-22&pageNum=1&pageSize=1
2025-06-22 16:16:45 [root] INFO: Finished processing page: https://api.taiwanlottery.com/TLCAPIWeB/Lottery/BingoResult?openDate=2025-06-22&pageNum=12&pageSize=10
2025-06-22 16:16:48 [root] INFO: Item processed and committed to database.
2025-06-22 16:16:48 [root] INFO: Database connection closed after processing item.
2025-06-22 16:16:48 [scrapy.core.engine] INFO: Closing spider (finished)
2025-06-22 16:16:48 [root] INFO: Database connection closed.
2025-06-22 16:16:48 [scrapy.statscollectors] INFO: Dumping Scrapy stats:
{'downloader/request_bytes': 292,
 'downloader/request_count': 1,
 'downloader/request_method_count/GET': 1,
 'downloader/response_bytes': 1141,
 'downloader/response_count': 1,
 'downloader/response_status_count/200': 1,
 'elapsed_time_seconds': 4.995191,
 'finish_reason': 'finished',
 'finish_time': datetime.datetime(2025, 6, 22, 8, 16, 48, 554732, tzinfo=datetime.timezone.utc),
 'httpcompression/response_bytes': 1899,
 'httpcompression/response_count': 1,
 'item_scraped_count': 1,
 'items_per_minute': None,
 'log_count/INFO': 24,
 'response_received_count': 1,
 'responses_per_minute': None,
 'scheduler/dequeued': 1,
 'scheduler/dequeued/memory': 1,
 'scheduler/enqueued': 1,
 'scheduler/enqueued/memory': 1,
 'start_time': datetime.datetime(2025, 6, 22, 8, 16, 43, 559541, tzinfo=datetime.timezone.utc)}
2025-06-22 16:16:48 [scrapy.core.engine] INFO: Spider closed (finished)
2025-06-22 16:21:42 [scrapy.utils.log] INFO: Scrapy 2.12.0 started (bot: bingo_scrapy)
2025-06-22 16:21:42 [scrapy.utils.log] INFO: Versions: lxml 5.3.1.0, libxml2 2.11.7, cssselect 1.3.0, parsel 1.10.0, w3lib 2.3.1, Twisted 24.11.0, Python 3.11.0 (main, Oct 24 2022, 18:26:48) [MSC v.1933 64 bit (AMD64)], pyOpenSSL 25.0.0 (OpenSSL 3.4.1 11 Feb 2025), cryptography 44.0.2, Platform Windows-10-10.0.26100-SP0
2025-06-22 16:21:42 [scrapy.addons] INFO: Enabled addons:
[]
2025-06-22 16:21:42 [scrapy.extensions.telnet] INFO: Telnet Password: c25eb5f64f457377
2025-06-22 16:21:42 [scrapy.middleware] INFO: Enabled extensions:
['scrapy.extensions.corestats.CoreStats',
 'scrapy.extensions.telnet.TelnetConsole',
 'scrapy.extensions.logstats.LogStats']
2025-06-22 16:21:42 [scrapy.crawler] INFO: Overridden settings:
{'BOT_NAME': 'bingo_scrapy',
 'LOG_FILE': 'bingo_spider.log',
 'LOG_LEVEL': 'INFO',
 'NEWSPIDER_MODULE': 'bingo_scrapy.spiders',
 'SPIDER_MODULES': ['bingo_scrapy.spiders']}
2025-06-22 16:21:42 [scrapy.middleware] INFO: Enabled downloader middlewares:
['scrapy.downloadermiddlewares.offsite.OffsiteMiddleware',
 'scrapy.downloadermiddlewares.httpauth.HttpAuthMiddleware',
 'scrapy.downloadermiddlewares.downloadtimeout.DownloadTimeoutMiddleware',
 'scrapy.downloadermiddlewares.defaultheaders.DefaultHeadersMiddleware',
 'scrapy.downloadermiddlewares.useragent.UserAgentMiddleware',
 'scrapy.downloadermiddlewares.retry.RetryMiddleware',
 'scrapy.downloadermiddlewares.redirect.MetaRefreshMiddleware',
 'scrapy.downloadermiddlewares.httpcompression.HttpCompressionMiddleware',
 'scrapy.downloadermiddlewares.redirect.RedirectMiddleware',
 'scrapy.downloadermiddlewares.cookies.CookiesMiddleware',
 'scrapy.downloadermiddlewares.httpproxy.HttpProxyMiddleware',
 'scrapy.downloadermiddlewares.stats.DownloaderStats']
2025-06-22 16:21:42 [scrapy.middleware] INFO: Enabled spider middlewares:
['scrapy.spidermiddlewares.httperror.HttpErrorMiddleware',
 'scrapy.spidermiddlewares.referer.RefererMiddleware',
 'scrapy.spidermiddlewares.urllength.UrlLengthMiddleware',
 'scrapy.spidermiddlewares.depth.DepthMiddleware']
2025-06-22 16:21:42 [scrapy.middleware] INFO: Enabled item pipelines:
['bingo_scrapy.pipelines.CsvPipeline', 'bingo_scrapy.pipelines.DbPipeline']
2025-06-22 16:21:42 [scrapy.core.engine] INFO: Spider opened
2025-06-22 16:21:42 [root] INFO: Opening spider and establishing database connection.
2025-06-22 16:21:42 [root] INFO: DELETE_OLD_DATA: True
2025-06-22 16:21:42 [root] INFO: Table dropped.
2025-06-22 16:21:42 [root] INFO: Checking if table dbo.bingo exists.
2025-06-22 16:21:42 [root] INFO: Table dbo.bingo does not exist. Creating table.
2025-06-22 16:21:42 [root] INFO: Table dbo.bingo created successfully.
2025-06-22 16:21:42 [root] INFO: Database connection established and table checked/created.
2025-06-22 16:21:42 [scrapy.extensions.logstats] INFO: Crawled 0 pages (at 0 pages/min), scraped 0 items (at 0 items/min)
2025-06-22 16:21:43 [scrapy.extensions.telnet] INFO: Telnet console listening on 127.0.0.1:6023
2025-06-22 16:21:43 [root] INFO: Using CRAWL_DATE: ['2025-06-22']
2025-06-22 16:21:43 [root] INFO: 爬取日期: 2025-06-22
2025-06-22 16:21:43 [root] INFO: Processing page: https://api.taiwanlottery.com/TLCAPIWeB/Lottery/BingoResult?openDate=2025-06-22&pageNum=1&pageSize=1
2025-06-22 16:21:45 [root] INFO: Finished processing page: https://api.taiwanlottery.com/TLCAPIWeB/Lottery/BingoResult?openDate=2025-06-22&pageNum=12&pageSize=10
2025-06-22 16:21:48 [root] INFO: Item processed and committed to database.
2025-06-22 16:21:48 [root] INFO: Database connection closed after processing item.
2025-06-22 16:21:48 [scrapy.core.engine] INFO: Closing spider (finished)
2025-06-22 16:21:48 [root] INFO: Database connection closed.
2025-06-22 16:21:48 [scrapy.statscollectors] INFO: Dumping Scrapy stats:
{'downloader/request_bytes': 292,
 'downloader/request_count': 1,
 'downloader/request_method_count/GET': 1,
 'downloader/response_bytes': 1127,
 'downloader/response_count': 1,
 'downloader/response_status_count/200': 1,
 'elapsed_time_seconds': 5.636468,
 'finish_reason': 'finished',
 'finish_time': datetime.datetime(2025, 6, 22, 8, 21, 48, 632687, tzinfo=datetime.timezone.utc),
 'httpcompression/response_bytes': 1902,
 'httpcompression/response_count': 1,
 'item_scraped_count': 1,
 'items_per_minute': None,
 'log_count/INFO': 24,
 'response_received_count': 1,
 'responses_per_minute': None,
 'scheduler/dequeued': 1,
 'scheduler/dequeued/memory': 1,
 'scheduler/enqueued': 1,
 'scheduler/enqueued/memory': 1,
 'start_time': datetime.datetime(2025, 6, 22, 8, 21, 42, 996219, tzinfo=datetime.timezone.utc)}
2025-06-22 16:21:48 [scrapy.core.engine] INFO: Spider closed (finished)
2025-06-22 16:26:42 [scrapy.utils.log] INFO: Scrapy 2.12.0 started (bot: bingo_scrapy)
2025-06-22 16:26:42 [scrapy.utils.log] INFO: Versions: lxml 5.3.1.0, libxml2 2.11.7, cssselect 1.3.0, parsel 1.10.0, w3lib 2.3.1, Twisted 24.11.0, Python 3.11.0 (main, Oct 24 2022, 18:26:48) [MSC v.1933 64 bit (AMD64)], pyOpenSSL 25.0.0 (OpenSSL 3.4.1 11 Feb 2025), cryptography 44.0.2, Platform Windows-10-10.0.26100-SP0
2025-06-22 16:26:42 [scrapy.addons] INFO: Enabled addons:
[]
2025-06-22 16:26:42 [scrapy.extensions.telnet] INFO: Telnet Password: 937480b9936f1361
2025-06-22 16:26:42 [scrapy.middleware] INFO: Enabled extensions:
['scrapy.extensions.corestats.CoreStats',
 'scrapy.extensions.telnet.TelnetConsole',
 'scrapy.extensions.logstats.LogStats']
2025-06-22 16:26:42 [scrapy.crawler] INFO: Overridden settings:
{'BOT_NAME': 'bingo_scrapy',
 'LOG_FILE': 'bingo_spider.log',
 'LOG_LEVEL': 'INFO',
 'NEWSPIDER_MODULE': 'bingo_scrapy.spiders',
 'SPIDER_MODULES': ['bingo_scrapy.spiders']}
2025-06-22 16:26:42 [scrapy.middleware] INFO: Enabled downloader middlewares:
['scrapy.downloadermiddlewares.offsite.OffsiteMiddleware',
 'scrapy.downloadermiddlewares.httpauth.HttpAuthMiddleware',
 'scrapy.downloadermiddlewares.downloadtimeout.DownloadTimeoutMiddleware',
 'scrapy.downloadermiddlewares.defaultheaders.DefaultHeadersMiddleware',
 'scrapy.downloadermiddlewares.useragent.UserAgentMiddleware',
 'scrapy.downloadermiddlewares.retry.RetryMiddleware',
 'scrapy.downloadermiddlewares.redirect.MetaRefreshMiddleware',
 'scrapy.downloadermiddlewares.httpcompression.HttpCompressionMiddleware',
 'scrapy.downloadermiddlewares.redirect.RedirectMiddleware',
 'scrapy.downloadermiddlewares.cookies.CookiesMiddleware',
 'scrapy.downloadermiddlewares.httpproxy.HttpProxyMiddleware',
 'scrapy.downloadermiddlewares.stats.DownloaderStats']
2025-06-22 16:26:42 [scrapy.middleware] INFO: Enabled spider middlewares:
['scrapy.spidermiddlewares.httperror.HttpErrorMiddleware',
 'scrapy.spidermiddlewares.referer.RefererMiddleware',
 'scrapy.spidermiddlewares.urllength.UrlLengthMiddleware',
 'scrapy.spidermiddlewares.depth.DepthMiddleware']
2025-06-22 16:26:42 [scrapy.middleware] INFO: Enabled item pipelines:
['bingo_scrapy.pipelines.CsvPipeline', 'bingo_scrapy.pipelines.DbPipeline']
2025-06-22 16:26:42 [scrapy.core.engine] INFO: Spider opened
2025-06-22 16:26:42 [root] INFO: Opening spider and establishing database connection.
2025-06-22 16:26:43 [root] INFO: DELETE_OLD_DATA: True
2025-06-22 16:26:43 [root] INFO: Table dropped.
2025-06-22 16:26:43 [root] INFO: Checking if table dbo.bingo exists.
2025-06-22 16:26:43 [root] INFO: Table dbo.bingo does not exist. Creating table.
2025-06-22 16:26:43 [root] INFO: Table dbo.bingo created successfully.
2025-06-22 16:26:43 [root] INFO: Database connection established and table checked/created.
2025-06-22 16:26:43 [scrapy.extensions.logstats] INFO: Crawled 0 pages (at 0 pages/min), scraped 0 items (at 0 items/min)
2025-06-22 16:26:43 [scrapy.extensions.telnet] INFO: Telnet console listening on 127.0.0.1:6023
2025-06-22 16:26:43 [root] INFO: Using CRAWL_DATE: ['2025-06-22']
2025-06-22 16:26:43 [root] INFO: 爬取日期: 2025-06-22
2025-06-22 16:26:43 [root] INFO: Processing page: https://api.taiwanlottery.com/TLCAPIWeB/Lottery/BingoResult?openDate=2025-06-22&pageNum=1&pageSize=1
2025-06-22 16:26:44 [root] INFO: Finished processing page: https://api.taiwanlottery.com/TLCAPIWeB/Lottery/BingoResult?openDate=2025-06-22&pageNum=12&pageSize=10
2025-06-22 16:26:48 [root] INFO: Item processed and committed to database.
2025-06-22 16:26:48 [root] INFO: Database connection closed after processing item.
2025-06-22 16:26:48 [scrapy.core.engine] INFO: Closing spider (finished)
2025-06-22 16:26:48 [root] INFO: Database connection closed.
2025-06-22 16:26:48 [scrapy.statscollectors] INFO: Dumping Scrapy stats:
{'downloader/request_bytes': 292,
 'downloader/request_count': 1,
 'downloader/request_method_count/GET': 1,
 'downloader/response_bytes': 1128,
 'downloader/response_count': 1,
 'downloader/response_status_count/200': 1,
 'elapsed_time_seconds': 5.122759,
 'finish_reason': 'finished',
 'finish_time': datetime.datetime(2025, 6, 22, 8, 26, 48, 394625, tzinfo=datetime.timezone.utc),
 'httpcompression/response_bytes': 1900,
 'httpcompression/response_count': 1,
 'item_scraped_count': 1,
 'items_per_minute': None,
 'log_count/INFO': 24,
 'response_received_count': 1,
 'responses_per_minute': None,
 'scheduler/dequeued': 1,
 'scheduler/dequeued/memory': 1,
 'scheduler/enqueued': 1,
 'scheduler/enqueued/memory': 1,
 'start_time': datetime.datetime(2025, 6, 22, 8, 26, 43, 271866, tzinfo=datetime.timezone.utc)}
2025-06-22 16:26:48 [scrapy.core.engine] INFO: Spider closed (finished)
2025-06-27 15:52:17 [scrapy.utils.log] INFO: Scrapy 2.12.0 started (bot: bingo_scrapy)
2025-06-27 15:52:17 [scrapy.utils.log] INFO: Versions: lxml 5.3.1.0, libxml2 2.11.7, cssselect 1.3.0, parsel 1.10.0, w3lib 2.3.1, Twisted 24.11.0, Python 3.11.0 (main, Oct 24 2022, 18:26:48) [MSC v.1933 64 bit (AMD64)], pyOpenSSL 25.0.0 (OpenSSL 3.4.1 11 Feb 2025), cryptography 44.0.2, Platform Windows-10-10.0.26100-SP0
2025-06-27 15:52:17 [scrapy.addons] INFO: Enabled addons:
[]
2025-06-27 15:52:17 [scrapy.extensions.telnet] INFO: Telnet Password: 6d66cd08cd8ce7ca
2025-06-27 15:52:17 [scrapy.middleware] INFO: Enabled extensions:
['scrapy.extensions.corestats.CoreStats',
 'scrapy.extensions.telnet.TelnetConsole',
 'scrapy.extensions.logstats.LogStats']
2025-06-27 15:52:17 [scrapy.crawler] INFO: Overridden settings:
{'BOT_NAME': 'bingo_scrapy',
 'LOG_FILE': 'bingo_spider.log',
 'LOG_LEVEL': 'INFO',
 'NEWSPIDER_MODULE': 'bingo_scrapy.spiders',
 'SPIDER_MODULES': ['bingo_scrapy.spiders']}
2025-06-27 15:52:17 [scrapy.middleware] INFO: Enabled downloader middlewares:
['scrapy.downloadermiddlewares.offsite.OffsiteMiddleware',
 'scrapy.downloadermiddlewares.httpauth.HttpAuthMiddleware',
 'scrapy.downloadermiddlewares.downloadtimeout.DownloadTimeoutMiddleware',
 'scrapy.downloadermiddlewares.defaultheaders.DefaultHeadersMiddleware',
 'scrapy.downloadermiddlewares.useragent.UserAgentMiddleware',
 'scrapy.downloadermiddlewares.retry.RetryMiddleware',
 'scrapy.downloadermiddlewares.redirect.MetaRefreshMiddleware',
 'scrapy.downloadermiddlewares.httpcompression.HttpCompressionMiddleware',
 'scrapy.downloadermiddlewares.redirect.RedirectMiddleware',
 'scrapy.downloadermiddlewares.cookies.CookiesMiddleware',
 'scrapy.downloadermiddlewares.httpproxy.HttpProxyMiddleware',
 'scrapy.downloadermiddlewares.stats.DownloaderStats']
2025-06-27 15:52:17 [scrapy.middleware] INFO: Enabled spider middlewares:
['scrapy.spidermiddlewares.httperror.HttpErrorMiddleware',
 'scrapy.spidermiddlewares.referer.RefererMiddleware',
 'scrapy.spidermiddlewares.urllength.UrlLengthMiddleware',
 'scrapy.spidermiddlewares.depth.DepthMiddleware']
2025-06-27 15:52:17 [scrapy.middleware] INFO: Enabled item pipelines:
['bingo_scrapy.pipelines.CsvPipeline', 'bingo_scrapy.pipelines.DbPipeline']
2025-06-27 15:52:17 [scrapy.core.engine] INFO: Spider opened
2025-06-27 15:52:17 [root] INFO: Opening spider and establishing database connection.
2025-06-27 15:52:17 [root] INFO: DELETE_OLD_DATA: True
2025-06-27 15:52:17 [root] INFO: Table dropped.
2025-06-27 15:52:17 [root] INFO: Checking if table dbo.bingo exists.
2025-06-27 15:52:17 [root] INFO: Table dbo.bingo does not exist. Creating table.
2025-06-27 15:52:18 [root] INFO: Table dbo.bingo created successfully.
2025-06-27 15:52:18 [root] INFO: Database connection established and table checked/created.
2025-06-27 15:52:18 [scrapy.extensions.logstats] INFO: Crawled 0 pages (at 0 pages/min), scraped 0 items (at 0 items/min)
2025-06-27 15:52:18 [scrapy.extensions.telnet] INFO: Telnet console listening on 127.0.0.1:6023
2025-06-27 15:52:18 [root] INFO: Using CRAWL_DATE: ['2025-06-27']
2025-06-27 15:52:18 [root] INFO: 爬取日期: 2025-06-27
2025-06-27 15:52:18 [root] INFO: Processing page: https://api.taiwanlottery.com/TLCAPIWeB/Lottery/BingoResult?openDate=2025-06-27&pageNum=1&pageSize=1
2025-06-27 15:52:19 [root] INFO: Finished processing page: https://api.taiwanlottery.com/TLCAPIWeB/Lottery/BingoResult?openDate=2025-06-27&pageNum=11&pageSize=10
2025-06-27 15:52:21 [root] INFO: Item processed and committed to database.
2025-06-27 15:52:21 [root] INFO: Database connection closed after processing item.
2025-06-27 15:52:21 [scrapy.core.engine] INFO: Closing spider (finished)
2025-06-27 15:52:21 [root] INFO: Database connection closed.
2025-06-27 15:52:21 [scrapy.statscollectors] INFO: Dumping Scrapy stats:
{'downloader/request_bytes': 292,
 'downloader/request_count': 1,
 'downloader/request_method_count/GET': 1,
 'downloader/response_bytes': 1118,
 'downloader/response_count': 1,
 'downloader/response_status_count/200': 1,
 'elapsed_time_seconds': 3.761897,
 'finish_reason': 'finished',
 'finish_time': datetime.datetime(2025, 6, 27, 7, 52, 21, 847425, tzinfo=datetime.timezone.utc),
 'httpcompression/response_bytes': 1904,
 'httpcompression/response_count': 1,
 'item_scraped_count': 1,
 'items_per_minute': None,
 'log_count/INFO': 24,
 'response_received_count': 1,
 'responses_per_minute': None,
 'scheduler/dequeued': 1,
 'scheduler/dequeued/memory': 1,
 'scheduler/enqueued': 1,
 'scheduler/enqueued/memory': 1,
 'start_time': datetime.datetime(2025, 6, 27, 7, 52, 18, 85528, tzinfo=datetime.timezone.utc)}
2025-06-27 15:52:21 [scrapy.core.engine] INFO: Spider closed (finished)
2025-06-27 16:32:44 [scrapy.utils.log] INFO: Scrapy 2.12.0 started (bot: bingo_scrapy)
2025-06-27 16:32:44 [scrapy.utils.log] INFO: Versions: lxml 5.3.1.0, libxml2 2.11.7, cssselect 1.3.0, parsel 1.10.0, w3lib 2.3.1, Twisted 24.11.0, Python 3.11.0 (main, Oct 24 2022, 18:26:48) [MSC v.1933 64 bit (AMD64)], pyOpenSSL 25.0.0 (OpenSSL 3.4.1 11 Feb 2025), cryptography 44.0.2, Platform Windows-10-10.0.26100-SP0
2025-06-27 16:32:44 [scrapy.addons] INFO: Enabled addons:
[]
2025-06-27 16:32:44 [scrapy.extensions.telnet] INFO: Telnet Password: eafe9e9018b63294
2025-06-27 16:32:44 [scrapy.middleware] INFO: Enabled extensions:
['scrapy.extensions.corestats.CoreStats',
 'scrapy.extensions.telnet.TelnetConsole',
 'scrapy.extensions.logstats.LogStats']
2025-06-27 16:32:44 [scrapy.crawler] INFO: Overridden settings:
{'BOT_NAME': 'bingo_scrapy',
 'LOG_FILE': 'bingo_spider.log',
 'LOG_LEVEL': 'INFO',
 'NEWSPIDER_MODULE': 'bingo_scrapy.spiders',
 'SPIDER_MODULES': ['bingo_scrapy.spiders']}
2025-06-27 16:32:44 [scrapy.middleware] INFO: Enabled downloader middlewares:
['scrapy.downloadermiddlewares.offsite.OffsiteMiddleware',
 'scrapy.downloadermiddlewares.httpauth.HttpAuthMiddleware',
 'scrapy.downloadermiddlewares.downloadtimeout.DownloadTimeoutMiddleware',
 'scrapy.downloadermiddlewares.defaultheaders.DefaultHeadersMiddleware',
 'scrapy.downloadermiddlewares.useragent.UserAgentMiddleware',
 'scrapy.downloadermiddlewares.retry.RetryMiddleware',
 'scrapy.downloadermiddlewares.redirect.MetaRefreshMiddleware',
 'scrapy.downloadermiddlewares.httpcompression.HttpCompressionMiddleware',
 'scrapy.downloadermiddlewares.redirect.RedirectMiddleware',
 'scrapy.downloadermiddlewares.cookies.CookiesMiddleware',
 'scrapy.downloadermiddlewares.httpproxy.HttpProxyMiddleware',
 'scrapy.downloadermiddlewares.stats.DownloaderStats']
2025-06-27 16:32:44 [scrapy.middleware] INFO: Enabled spider middlewares:
['scrapy.spidermiddlewares.httperror.HttpErrorMiddleware',
 'scrapy.spidermiddlewares.referer.RefererMiddleware',
 'scrapy.spidermiddlewares.urllength.UrlLengthMiddleware',
 'scrapy.spidermiddlewares.depth.DepthMiddleware']
2025-06-27 16:32:44 [scrapy.middleware] INFO: Enabled item pipelines:
['bingo_scrapy.pipelines.CsvPipeline', 'bingo_scrapy.pipelines.DbPipeline']
2025-06-27 16:32:44 [scrapy.core.engine] INFO: Spider opened
2025-06-27 16:32:44 [root] INFO: Opening spider and establishing database connection.
2025-06-27 16:32:44 [root] INFO: DELETE_OLD_DATA: True
2025-06-27 16:32:44 [root] INFO: Table dropped.
2025-06-27 16:32:44 [root] INFO: Checking if table dbo.bingo exists.
2025-06-27 16:32:44 [root] INFO: Table dbo.bingo does not exist. Creating table.
2025-06-27 16:32:44 [root] INFO: Table dbo.bingo created successfully.
2025-06-27 16:32:44 [root] INFO: Database connection established and table checked/created.
2025-06-27 16:32:44 [scrapy.extensions.logstats] INFO: Crawled 0 pages (at 0 pages/min), scraped 0 items (at 0 items/min)
2025-06-27 16:32:44 [scrapy.extensions.telnet] INFO: Telnet console listening on 127.0.0.1:6023
2025-06-27 16:32:44 [root] INFO: Using CRAWL_DATE: ['2025-06-27']
2025-06-27 16:32:44 [root] INFO: 爬取日期: 2025-06-27
2025-06-27 16:32:44 [root] INFO: Processing page: https://api.taiwanlottery.com/TLCAPIWeB/Lottery/BingoResult?openDate=2025-06-27&pageNum=1&pageSize=1
2025-06-27 16:32:45 [root] INFO: Finished processing page: https://api.taiwanlottery.com/TLCAPIWeB/Lottery/BingoResult?openDate=2025-06-27&pageNum=12&pageSize=10
2025-06-27 16:32:47 [root] INFO: Item processed and committed to database.
2025-06-27 16:32:47 [root] INFO: Database connection closed after processing item.
2025-06-27 16:32:47 [scrapy.core.engine] INFO: Closing spider (finished)
2025-06-27 16:32:47 [root] INFO: Database connection closed.
2025-06-27 16:32:47 [scrapy.statscollectors] INFO: Dumping Scrapy stats:
{'downloader/request_bytes': 292,
 'downloader/request_count': 1,
 'downloader/request_method_count/GET': 1,
 'downloader/response_bytes': 1116,
 'downloader/response_count': 1,
 'downloader/response_status_count/200': 1,
 'elapsed_time_seconds': 2.44393,
 'finish_reason': 'finished',
 'finish_time': datetime.datetime(2025, 6, 27, 8, 32, 47, 58613, tzinfo=datetime.timezone.utc),
 'httpcompression/response_bytes': 1897,
 'httpcompression/response_count': 1,
 'item_scraped_count': 1,
 'items_per_minute': None,
 'log_count/INFO': 24,
 'response_received_count': 1,
 'responses_per_minute': None,
 'scheduler/dequeued': 1,
 'scheduler/dequeued/memory': 1,
 'scheduler/enqueued': 1,
 'scheduler/enqueued/memory': 1,
 'start_time': datetime.datetime(2025, 6, 27, 8, 32, 44, 614683, tzinfo=datetime.timezone.utc)}
2025-06-27 16:32:47 [scrapy.core.engine] INFO: Spider closed (finished)
2025-06-27 16:36:17 [scrapy.utils.log] INFO: Scrapy 2.12.0 started (bot: bingo_scrapy)
2025-06-27 16:36:17 [scrapy.utils.log] INFO: Versions: lxml 5.3.1.0, libxml2 2.11.7, cssselect 1.3.0, parsel 1.10.0, w3lib 2.3.1, Twisted 24.11.0, Python 3.11.0 (main, Oct 24 2022, 18:26:48) [MSC v.1933 64 bit (AMD64)], pyOpenSSL 25.0.0 (OpenSSL 3.4.1 11 Feb 2025), cryptography 44.0.2, Platform Windows-10-10.0.26100-SP0
2025-06-27 16:36:17 [scrapy.addons] INFO: Enabled addons:
[]
2025-06-27 16:36:17 [scrapy.extensions.telnet] INFO: Telnet Password: 1ea86e1fe3f8823c
2025-06-27 16:36:17 [scrapy.middleware] INFO: Enabled extensions:
['scrapy.extensions.corestats.CoreStats',
 'scrapy.extensions.telnet.TelnetConsole',
 'scrapy.extensions.logstats.LogStats']
2025-06-27 16:36:17 [scrapy.crawler] INFO: Overridden settings:
{'BOT_NAME': 'bingo_scrapy',
 'LOG_FILE': 'bingo_spider.log',
 'LOG_LEVEL': 'INFO',
 'NEWSPIDER_MODULE': 'bingo_scrapy.spiders',
 'SPIDER_MODULES': ['bingo_scrapy.spiders']}
2025-06-27 16:36:17 [scrapy.middleware] INFO: Enabled downloader middlewares:
['scrapy.downloadermiddlewares.offsite.OffsiteMiddleware',
 'scrapy.downloadermiddlewares.httpauth.HttpAuthMiddleware',
 'scrapy.downloadermiddlewares.downloadtimeout.DownloadTimeoutMiddleware',
 'scrapy.downloadermiddlewares.defaultheaders.DefaultHeadersMiddleware',
 'scrapy.downloadermiddlewares.useragent.UserAgentMiddleware',
 'scrapy.downloadermiddlewares.retry.RetryMiddleware',
 'scrapy.downloadermiddlewares.redirect.MetaRefreshMiddleware',
 'scrapy.downloadermiddlewares.httpcompression.HttpCompressionMiddleware',
 'scrapy.downloadermiddlewares.redirect.RedirectMiddleware',
 'scrapy.downloadermiddlewares.cookies.CookiesMiddleware',
 'scrapy.downloadermiddlewares.httpproxy.HttpProxyMiddleware',
 'scrapy.downloadermiddlewares.stats.DownloaderStats']
2025-06-27 16:36:17 [scrapy.middleware] INFO: Enabled spider middlewares:
['scrapy.spidermiddlewares.httperror.HttpErrorMiddleware',
 'scrapy.spidermiddlewares.referer.RefererMiddleware',
 'scrapy.spidermiddlewares.urllength.UrlLengthMiddleware',
 'scrapy.spidermiddlewares.depth.DepthMiddleware']
2025-06-27 16:36:17 [scrapy.middleware] INFO: Enabled item pipelines:
['bingo_scrapy.pipelines.CsvPipeline', 'bingo_scrapy.pipelines.DbPipeline']
2025-06-27 16:36:17 [scrapy.core.engine] INFO: Spider opened
2025-06-27 16:36:17 [root] INFO: Opening spider and establishing database connection.
2025-06-27 16:36:17 [root] INFO: DELETE_OLD_DATA: True
2025-06-27 16:36:17 [root] INFO: Table dropped.
2025-06-27 16:36:17 [root] INFO: Checking if table dbo.bingo exists.
2025-06-27 16:36:17 [root] INFO: Table dbo.bingo does not exist. Creating table.
2025-06-27 16:36:17 [root] INFO: Table dbo.bingo created successfully.
2025-06-27 16:36:17 [root] INFO: Database connection established and table checked/created.
2025-06-27 16:36:17 [scrapy.extensions.logstats] INFO: Crawled 0 pages (at 0 pages/min), scraped 0 items (at 0 items/min)
2025-06-27 16:36:17 [scrapy.extensions.telnet] INFO: Telnet console listening on 127.0.0.1:6023
2025-06-27 16:36:17 [root] INFO: Using CRAWL_DATE: ['2025-06-27']
2025-06-27 16:36:17 [root] INFO: 爬取日期: 2025-06-27
2025-06-27 16:36:17 [root] INFO: Processing page: https://api.taiwanlottery.com/TLCAPIWeB/Lottery/BingoResult?openDate=2025-06-27&pageNum=1&pageSize=1
2025-06-27 16:36:18 [root] INFO: Finished processing page: https://api.taiwanlottery.com/TLCAPIWeB/Lottery/BingoResult?openDate=2025-06-27&pageNum=12&pageSize=10
2025-06-27 16:36:19 [root] INFO: Item processed and committed to database.
2025-06-27 16:36:19 [root] INFO: Database connection closed after processing item.
2025-06-27 16:36:19 [scrapy.core.engine] INFO: Closing spider (finished)
2025-06-27 16:36:19 [root] INFO: Database connection closed.
2025-06-27 16:36:19 [scrapy.statscollectors] INFO: Dumping Scrapy stats:
{'downloader/request_bytes': 292,
 'downloader/request_count': 1,
 'downloader/request_method_count/GET': 1,
 'downloader/response_bytes': 1116,
 'downloader/response_count': 1,
 'downloader/response_status_count/200': 1,
 'elapsed_time_seconds': 2.314373,
 'finish_reason': 'finished',
 'finish_time': datetime.datetime(2025, 6, 27, 8, 36, 19, 855127, tzinfo=datetime.timezone.utc),
 'httpcompression/response_bytes': 1897,
 'httpcompression/response_count': 1,
 'item_scraped_count': 1,
 'items_per_minute': None,
 'log_count/INFO': 24,
 'response_received_count': 1,
 'responses_per_minute': None,
 'scheduler/dequeued': 1,
 'scheduler/dequeued/memory': 1,
 'scheduler/enqueued': 1,
 'scheduler/enqueued/memory': 1,
 'start_time': datetime.datetime(2025, 6, 27, 8, 36, 17, 540754, tzinfo=datetime.timezone.utc)}
2025-06-27 16:36:19 [scrapy.core.engine] INFO: Spider closed (finished)
2025-06-27 16:36:40 [scrapy.utils.log] INFO: Scrapy 2.12.0 started (bot: bingo_scrapy)
2025-06-27 16:36:40 [scrapy.utils.log] INFO: Versions: lxml 5.3.1.0, libxml2 2.11.7, cssselect 1.3.0, parsel 1.10.0, w3lib 2.3.1, Twisted 24.11.0, Python 3.11.0 (main, Oct 24 2022, 18:26:48) [MSC v.1933 64 bit (AMD64)], pyOpenSSL 25.0.0 (OpenSSL 3.4.1 11 Feb 2025), cryptography 44.0.2, Platform Windows-10-10.0.26100-SP0
2025-06-27 16:36:40 [scrapy.addons] INFO: Enabled addons:
[]
2025-06-27 16:36:40 [scrapy.extensions.telnet] INFO: Telnet Password: 113f57b48398d7b1
2025-06-27 16:36:40 [scrapy.middleware] INFO: Enabled extensions:
['scrapy.extensions.corestats.CoreStats',
 'scrapy.extensions.telnet.TelnetConsole',
 'scrapy.extensions.logstats.LogStats']
2025-06-27 16:36:40 [scrapy.crawler] INFO: Overridden settings:
{'BOT_NAME': 'bingo_scrapy',
 'LOG_FILE': 'bingo_spider.log',
 'LOG_LEVEL': 'INFO',
 'NEWSPIDER_MODULE': 'bingo_scrapy.spiders',
 'SPIDER_MODULES': ['bingo_scrapy.spiders']}
2025-06-27 16:36:40 [scrapy.middleware] INFO: Enabled downloader middlewares:
['scrapy.downloadermiddlewares.offsite.OffsiteMiddleware',
 'scrapy.downloadermiddlewares.httpauth.HttpAuthMiddleware',
 'scrapy.downloadermiddlewares.downloadtimeout.DownloadTimeoutMiddleware',
 'scrapy.downloadermiddlewares.defaultheaders.DefaultHeadersMiddleware',
 'scrapy.downloadermiddlewares.useragent.UserAgentMiddleware',
 'scrapy.downloadermiddlewares.retry.RetryMiddleware',
 'scrapy.downloadermiddlewares.redirect.MetaRefreshMiddleware',
 'scrapy.downloadermiddlewares.httpcompression.HttpCompressionMiddleware',
 'scrapy.downloadermiddlewares.redirect.RedirectMiddleware',
 'scrapy.downloadermiddlewares.cookies.CookiesMiddleware',
 'scrapy.downloadermiddlewares.httpproxy.HttpProxyMiddleware',
 'scrapy.downloadermiddlewares.stats.DownloaderStats']
2025-06-27 16:36:40 [scrapy.middleware] INFO: Enabled spider middlewares:
['scrapy.spidermiddlewares.httperror.HttpErrorMiddleware',
 'scrapy.spidermiddlewares.referer.RefererMiddleware',
 'scrapy.spidermiddlewares.urllength.UrlLengthMiddleware',
 'scrapy.spidermiddlewares.depth.DepthMiddleware']
2025-06-27 16:36:40 [scrapy.middleware] INFO: Enabled item pipelines:
['bingo_scrapy.pipelines.CsvPipeline', 'bingo_scrapy.pipelines.DbPipeline']
2025-06-27 16:36:40 [scrapy.core.engine] INFO: Spider opened
2025-06-27 16:36:40 [root] INFO: Opening spider and establishing database connection.
2025-06-27 16:36:40 [root] INFO: DELETE_OLD_DATA: True
2025-06-27 16:36:41 [root] INFO: Table dropped.
2025-06-27 16:36:41 [root] INFO: Checking if table dbo.bingo exists.
2025-06-27 16:36:41 [root] INFO: Table dbo.bingo does not exist. Creating table.
2025-06-27 16:36:41 [root] INFO: Table dbo.bingo created successfully.
2025-06-27 16:36:41 [root] INFO: Database connection established and table checked/created.
2025-06-27 16:36:41 [scrapy.extensions.logstats] INFO: Crawled 0 pages (at 0 pages/min), scraped 0 items (at 0 items/min)
2025-06-27 16:36:41 [scrapy.extensions.telnet] INFO: Telnet console listening on 127.0.0.1:6023
2025-06-27 16:36:41 [root] INFO: Using CRAWL_DATE: ['2025-06-27']
2025-06-27 16:36:41 [root] INFO: 爬取日期: 2025-06-27
2025-06-27 16:36:41 [root] INFO: Processing page: https://api.taiwanlottery.com/TLCAPIWeB/Lottery/BingoResult?openDate=2025-06-27&pageNum=1&pageSize=1
2025-06-27 16:36:41 [root] INFO: Finished processing page: https://api.taiwanlottery.com/TLCAPIWeB/Lottery/BingoResult?openDate=2025-06-27&pageNum=12&pageSize=10
2025-06-27 16:36:43 [root] INFO: Item processed and committed to database.
2025-06-27 16:36:43 [root] INFO: Database connection closed after processing item.
2025-06-27 16:36:43 [scrapy.core.engine] INFO: Closing spider (finished)
2025-06-27 16:36:43 [root] INFO: Database connection closed.
2025-06-27 16:36:43 [scrapy.statscollectors] INFO: Dumping Scrapy stats:
{'downloader/request_bytes': 292,
 'downloader/request_count': 1,
 'downloader/request_method_count/GET': 1,
 'downloader/response_bytes': 1107,
 'downloader/response_count': 1,
 'downloader/response_status_count/200': 1,
 'elapsed_time_seconds': 2.7389,
 'finish_reason': 'finished',
 'finish_time': datetime.datetime(2025, 6, 27, 8, 36, 43, 854698, tzinfo=datetime.timezone.utc),
 'httpcompression/response_bytes': 1897,
 'httpcompression/response_count': 1,
 'item_scraped_count': 1,
 'items_per_minute': None,
 'log_count/INFO': 24,
 'response_received_count': 1,
 'responses_per_minute': None,
 'scheduler/dequeued': 1,
 'scheduler/dequeued/memory': 1,
 'scheduler/enqueued': 1,
 'scheduler/enqueued/memory': 1,
 'start_time': datetime.datetime(2025, 6, 27, 8, 36, 41, 115798, tzinfo=datetime.timezone.utc)}
2025-06-27 16:36:43 [scrapy.core.engine] INFO: Spider closed (finished)
2025-06-27 16:36:58 [scrapy.utils.log] INFO: Scrapy 2.12.0 started (bot: bingo_scrapy)
2025-06-27 16:36:58 [scrapy.utils.log] INFO: Versions: lxml 5.3.1.0, libxml2 2.11.7, cssselect 1.3.0, parsel 1.10.0, w3lib 2.3.1, Twisted 24.11.0, Python 3.11.0 (main, Oct 24 2022, 18:26:48) [MSC v.1933 64 bit (AMD64)], pyOpenSSL 25.0.0 (OpenSSL 3.4.1 11 Feb 2025), cryptography 44.0.2, Platform Windows-10-10.0.26100-SP0
2025-06-27 16:36:58 [scrapy.addons] INFO: Enabled addons:
[]
2025-06-27 16:36:58 [scrapy.extensions.telnet] INFO: Telnet Password: e7f6b510bc60ecac
2025-06-27 16:36:58 [scrapy.middleware] INFO: Enabled extensions:
['scrapy.extensions.corestats.CoreStats',
 'scrapy.extensions.telnet.TelnetConsole',
 'scrapy.extensions.logstats.LogStats']
2025-06-27 16:36:58 [scrapy.crawler] INFO: Overridden settings:
{'BOT_NAME': 'bingo_scrapy',
 'LOG_FILE': 'bingo_spider.log',
 'LOG_LEVEL': 'INFO',
 'NEWSPIDER_MODULE': 'bingo_scrapy.spiders',
 'SPIDER_MODULES': ['bingo_scrapy.spiders']}
2025-06-27 16:36:59 [scrapy.middleware] INFO: Enabled downloader middlewares:
['scrapy.downloadermiddlewares.offsite.OffsiteMiddleware',
 'scrapy.downloadermiddlewares.httpauth.HttpAuthMiddleware',
 'scrapy.downloadermiddlewares.downloadtimeout.DownloadTimeoutMiddleware',
 'scrapy.downloadermiddlewares.defaultheaders.DefaultHeadersMiddleware',
 'scrapy.downloadermiddlewares.useragent.UserAgentMiddleware',
 'scrapy.downloadermiddlewares.retry.RetryMiddleware',
 'scrapy.downloadermiddlewares.redirect.MetaRefreshMiddleware',
 'scrapy.downloadermiddlewares.httpcompression.HttpCompressionMiddleware',
 'scrapy.downloadermiddlewares.redirect.RedirectMiddleware',
 'scrapy.downloadermiddlewares.cookies.CookiesMiddleware',
 'scrapy.downloadermiddlewares.httpproxy.HttpProxyMiddleware',
 'scrapy.downloadermiddlewares.stats.DownloaderStats']
2025-06-27 16:36:59 [scrapy.middleware] INFO: Enabled spider middlewares:
['scrapy.spidermiddlewares.httperror.HttpErrorMiddleware',
 'scrapy.spidermiddlewares.referer.RefererMiddleware',
 'scrapy.spidermiddlewares.urllength.UrlLengthMiddleware',
 'scrapy.spidermiddlewares.depth.DepthMiddleware']
2025-06-27 16:36:59 [scrapy.middleware] INFO: Enabled item pipelines:
['bingo_scrapy.pipelines.CsvPipeline', 'bingo_scrapy.pipelines.DbPipeline']
2025-06-27 16:36:59 [scrapy.core.engine] INFO: Spider opened
2025-06-27 16:36:59 [root] INFO: Opening spider and establishing database connection.
2025-06-27 16:36:59 [root] INFO: DELETE_OLD_DATA: True
2025-06-27 16:36:59 [root] INFO: Table dropped.
2025-06-27 16:36:59 [root] INFO: Checking if table dbo.bingo exists.
2025-06-27 16:36:59 [root] INFO: Table dbo.bingo does not exist. Creating table.
2025-06-27 16:36:59 [root] INFO: Table dbo.bingo created successfully.
2025-06-27 16:36:59 [root] INFO: Database connection established and table checked/created.
2025-06-27 16:36:59 [scrapy.extensions.logstats] INFO: Crawled 0 pages (at 0 pages/min), scraped 0 items (at 0 items/min)
2025-06-27 16:36:59 [scrapy.extensions.telnet] INFO: Telnet console listening on 127.0.0.1:6023
2025-06-27 16:36:59 [root] INFO: Using CRAWL_DATE: ['2025-06-27']
2025-06-27 16:36:59 [root] INFO: 爬取日期: 2025-06-27
2025-06-27 16:36:59 [root] INFO: Processing page: https://api.taiwanlottery.com/TLCAPIWeB/Lottery/BingoResult?openDate=2025-06-27&pageNum=1&pageSize=1
2025-06-27 16:37:00 [root] INFO: Finished processing page: https://api.taiwanlottery.com/TLCAPIWeB/Lottery/BingoResult?openDate=2025-06-27&pageNum=12&pageSize=10
2025-06-27 16:37:02 [root] INFO: Item processed and committed to database.
2025-06-27 16:37:02 [root] INFO: Database connection closed after processing item.
2025-06-27 16:37:02 [scrapy.core.engine] INFO: Closing spider (finished)
2025-06-27 16:37:02 [root] INFO: Database connection closed.
2025-06-27 16:37:02 [scrapy.statscollectors] INFO: Dumping Scrapy stats:
{'downloader/request_bytes': 292,
 'downloader/request_count': 1,
 'downloader/request_method_count/GET': 1,
 'downloader/response_bytes': 1130,
 'downloader/response_count': 1,
 'downloader/response_status_count/200': 1,
 'elapsed_time_seconds': 2.554726,
 'finish_reason': 'finished',
 'finish_time': datetime.datetime(2025, 6, 27, 8, 37, 2, 279180, tzinfo=datetime.timezone.utc),
 'httpcompression/response_bytes': 1894,
 'httpcompression/response_count': 1,
 'item_scraped_count': 1,
 'items_per_minute': None,
 'log_count/INFO': 24,
 'response_received_count': 1,
 'responses_per_minute': None,
 'scheduler/dequeued': 1,
 'scheduler/dequeued/memory': 1,
 'scheduler/enqueued': 1,
 'scheduler/enqueued/memory': 1,
 'start_time': datetime.datetime(2025, 6, 27, 8, 36, 59, 724454, tzinfo=datetime.timezone.utc)}
2025-06-27 16:37:02 [scrapy.core.engine] INFO: Spider closed (finished)
2025-06-27 16:41:59 [scrapy.utils.log] INFO: Scrapy 2.12.0 started (bot: bingo_scrapy)
2025-06-27 16:41:59 [scrapy.utils.log] INFO: Versions: lxml 5.3.1.0, libxml2 2.11.7, cssselect 1.3.0, parsel 1.10.0, w3lib 2.3.1, Twisted 24.11.0, Python 3.11.0 (main, Oct 24 2022, 18:26:48) [MSC v.1933 64 bit (AMD64)], pyOpenSSL 25.0.0 (OpenSSL 3.4.1 11 Feb 2025), cryptography 44.0.2, Platform Windows-10-10.0.26100-SP0
2025-06-27 16:41:59 [scrapy.addons] INFO: Enabled addons:
[]
2025-06-27 16:41:59 [scrapy.extensions.telnet] INFO: Telnet Password: 64ca05a7f00111e5
2025-06-27 16:41:59 [scrapy.middleware] INFO: Enabled extensions:
['scrapy.extensions.corestats.CoreStats',
 'scrapy.extensions.telnet.TelnetConsole',
 'scrapy.extensions.logstats.LogStats']
2025-06-27 16:41:59 [scrapy.crawler] INFO: Overridden settings:
{'BOT_NAME': 'bingo_scrapy',
 'LOG_FILE': 'bingo_spider.log',
 'LOG_LEVEL': 'INFO',
 'NEWSPIDER_MODULE': 'bingo_scrapy.spiders',
 'SPIDER_MODULES': ['bingo_scrapy.spiders']}
2025-06-27 16:41:59 [scrapy.middleware] INFO: Enabled downloader middlewares:
['scrapy.downloadermiddlewares.offsite.OffsiteMiddleware',
 'scrapy.downloadermiddlewares.httpauth.HttpAuthMiddleware',
 'scrapy.downloadermiddlewares.downloadtimeout.DownloadTimeoutMiddleware',
 'scrapy.downloadermiddlewares.defaultheaders.DefaultHeadersMiddleware',
 'scrapy.downloadermiddlewares.useragent.UserAgentMiddleware',
 'scrapy.downloadermiddlewares.retry.RetryMiddleware',
 'scrapy.downloadermiddlewares.redirect.MetaRefreshMiddleware',
 'scrapy.downloadermiddlewares.httpcompression.HttpCompressionMiddleware',
 'scrapy.downloadermiddlewares.redirect.RedirectMiddleware',
 'scrapy.downloadermiddlewares.cookies.CookiesMiddleware',
 'scrapy.downloadermiddlewares.httpproxy.HttpProxyMiddleware',
 'scrapy.downloadermiddlewares.stats.DownloaderStats']
2025-06-27 16:41:59 [scrapy.middleware] INFO: Enabled spider middlewares:
['scrapy.spidermiddlewares.httperror.HttpErrorMiddleware',
 'scrapy.spidermiddlewares.referer.RefererMiddleware',
 'scrapy.spidermiddlewares.urllength.UrlLengthMiddleware',
 'scrapy.spidermiddlewares.depth.DepthMiddleware']
2025-06-27 16:41:59 [scrapy.middleware] INFO: Enabled item pipelines:
['bingo_scrapy.pipelines.CsvPipeline', 'bingo_scrapy.pipelines.DbPipeline']
2025-06-27 16:41:59 [scrapy.core.engine] INFO: Spider opened
2025-06-27 16:41:59 [root] INFO: Opening spider and establishing database connection.
2025-06-27 16:42:00 [root] INFO: DELETE_OLD_DATA: True
2025-06-27 16:42:01 [root] INFO: Table dropped.
2025-06-27 16:42:01 [root] INFO: Checking if table dbo.bingo exists.
2025-06-27 16:42:01 [root] INFO: Table dbo.bingo does not exist. Creating table.
2025-06-27 16:42:01 [root] INFO: Table dbo.bingo created successfully.
2025-06-27 16:42:01 [root] INFO: Database connection established and table checked/created.
2025-06-27 16:42:01 [scrapy.extensions.logstats] INFO: Crawled 0 pages (at 0 pages/min), scraped 0 items (at 0 items/min)
2025-06-27 16:42:01 [scrapy.extensions.telnet] INFO: Telnet console listening on 127.0.0.1:6023
2025-06-27 16:42:01 [root] INFO: Using CRAWL_DATE: ['2025-06-27']
2025-06-27 16:42:01 [root] INFO: 爬取日期: 2025-06-27
2025-06-27 16:42:01 [root] INFO: Processing page: https://api.taiwanlottery.com/TLCAPIWeB/Lottery/BingoResult?openDate=2025-06-27&pageNum=1&pageSize=1
2025-06-27 16:42:02 [root] INFO: Finished processing page: https://api.taiwanlottery.com/TLCAPIWeB/Lottery/BingoResult?openDate=2025-06-27&pageNum=12&pageSize=10
2025-06-27 16:42:04 [root] INFO: Item processed and committed to database.
2025-06-27 16:42:04 [root] INFO: Database connection closed after processing item.
2025-06-27 16:42:04 [scrapy.core.engine] INFO: Closing spider (finished)
2025-06-27 16:42:04 [root] INFO: Database connection closed.
2025-06-27 16:42:04 [scrapy.statscollectors] INFO: Dumping Scrapy stats:
{'downloader/request_bytes': 292,
 'downloader/request_count': 1,
 'downloader/request_method_count/GET': 1,
 'downloader/response_bytes': 1117,
 'downloader/response_count': 1,
 'downloader/response_status_count/200': 1,
 'elapsed_time_seconds': 3.146431,
 'finish_reason': 'finished',
 'finish_time': datetime.datetime(2025, 6, 27, 8, 42, 4, 457550, tzinfo=datetime.timezone.utc),
 'httpcompression/response_bytes': 1892,
 'httpcompression/response_count': 1,
 'item_scraped_count': 1,
 'items_per_minute': None,
 'log_count/INFO': 24,
 'response_received_count': 1,
 'responses_per_minute': None,
 'scheduler/dequeued': 1,
 'scheduler/dequeued/memory': 1,
 'scheduler/enqueued': 1,
 'scheduler/enqueued/memory': 1,
 'start_time': datetime.datetime(2025, 6, 27, 8, 42, 1, 311119, tzinfo=datetime.timezone.utc)}
2025-06-27 16:42:04 [scrapy.core.engine] INFO: Spider closed (finished)
2025-06-27 16:46:49 [scrapy.utils.log] INFO: Scrapy 2.12.0 started (bot: bingo_scrapy)
2025-06-27 16:46:49 [scrapy.utils.log] INFO: Versions: lxml 5.3.1.0, libxml2 2.11.7, cssselect 1.3.0, parsel 1.10.0, w3lib 2.3.1, Twisted 24.11.0, Python 3.11.0 (main, Oct 24 2022, 18:26:48) [MSC v.1933 64 bit (AMD64)], pyOpenSSL 25.0.0 (OpenSSL 3.4.1 11 Feb 2025), cryptography 44.0.2, Platform Windows-10-10.0.26100-SP0
2025-06-27 16:46:49 [scrapy.addons] INFO: Enabled addons:
[]
2025-06-27 16:46:49 [scrapy.extensions.telnet] INFO: Telnet Password: 189d823fd5f546c1
2025-06-27 16:46:49 [scrapy.middleware] INFO: Enabled extensions:
['scrapy.extensions.corestats.CoreStats',
 'scrapy.extensions.telnet.TelnetConsole',
 'scrapy.extensions.logstats.LogStats']
2025-06-27 16:46:49 [scrapy.crawler] INFO: Overridden settings:
{'BOT_NAME': 'bingo_scrapy',
 'LOG_FILE': 'bingo_spider.log',
 'LOG_LEVEL': 'INFO',
 'NEWSPIDER_MODULE': 'bingo_scrapy.spiders',
 'SPIDER_MODULES': ['bingo_scrapy.spiders']}
2025-06-27 16:46:49 [scrapy.middleware] INFO: Enabled downloader middlewares:
['scrapy.downloadermiddlewares.offsite.OffsiteMiddleware',
 'scrapy.downloadermiddlewares.httpauth.HttpAuthMiddleware',
 'scrapy.downloadermiddlewares.downloadtimeout.DownloadTimeoutMiddleware',
 'scrapy.downloadermiddlewares.defaultheaders.DefaultHeadersMiddleware',
 'scrapy.downloadermiddlewares.useragent.UserAgentMiddleware',
 'scrapy.downloadermiddlewares.retry.RetryMiddleware',
 'scrapy.downloadermiddlewares.redirect.MetaRefreshMiddleware',
 'scrapy.downloadermiddlewares.httpcompression.HttpCompressionMiddleware',
 'scrapy.downloadermiddlewares.redirect.RedirectMiddleware',
 'scrapy.downloadermiddlewares.cookies.CookiesMiddleware',
 'scrapy.downloadermiddlewares.httpproxy.HttpProxyMiddleware',
 'scrapy.downloadermiddlewares.stats.DownloaderStats']
2025-06-27 16:46:49 [scrapy.middleware] INFO: Enabled spider middlewares:
['scrapy.spidermiddlewares.httperror.HttpErrorMiddleware',
 'scrapy.spidermiddlewares.referer.RefererMiddleware',
 'scrapy.spidermiddlewares.urllength.UrlLengthMiddleware',
 'scrapy.spidermiddlewares.depth.DepthMiddleware']
2025-06-27 16:46:49 [scrapy.middleware] INFO: Enabled item pipelines:
['bingo_scrapy.pipelines.CsvPipeline', 'bingo_scrapy.pipelines.DbPipeline']
2025-06-27 16:46:49 [scrapy.core.engine] INFO: Spider opened
2025-06-27 16:46:49 [root] INFO: Opening spider and establishing database connection.
2025-06-27 16:46:50 [root] INFO: DELETE_OLD_DATA: True
2025-06-27 16:46:50 [root] INFO: Table dropped.
2025-06-27 16:46:50 [root] INFO: Checking if table dbo.bingo exists.
2025-06-27 16:46:50 [root] INFO: Table dbo.bingo does not exist. Creating table.
2025-06-27 16:46:50 [root] INFO: Table dbo.bingo created successfully.
2025-06-27 16:46:50 [root] INFO: Database connection established and table checked/created.
2025-06-27 16:46:50 [scrapy.extensions.logstats] INFO: Crawled 0 pages (at 0 pages/min), scraped 0 items (at 0 items/min)
2025-06-27 16:46:50 [scrapy.extensions.telnet] INFO: Telnet console listening on 127.0.0.1:6023
2025-06-27 16:46:50 [root] INFO: Using CRAWL_DATE: ['2025-06-27']
2025-06-27 16:46:50 [root] INFO: 爬取日期: 2025-06-27
2025-06-27 16:46:50 [root] INFO: Processing page: https://api.taiwanlottery.com/TLCAPIWeB/Lottery/BingoResult?openDate=2025-06-27&pageNum=1&pageSize=1
2025-06-27 16:46:51 [root] INFO: Finished processing page: https://api.taiwanlottery.com/TLCAPIWeB/Lottery/BingoResult?openDate=2025-06-27&pageNum=12&pageSize=10
2025-06-27 16:46:53 [root] INFO: Item processed and committed to database.
2025-06-27 16:46:53 [root] INFO: Database connection closed after processing item.
2025-06-27 16:46:53 [scrapy.core.engine] INFO: Closing spider (finished)
2025-06-27 16:46:53 [root] INFO: Database connection closed.
2025-06-27 16:46:53 [scrapy.statscollectors] INFO: Dumping Scrapy stats:
{'downloader/request_bytes': 292,
 'downloader/request_count': 1,
 'downloader/request_method_count/GET': 1,
 'downloader/response_bytes': 1110,
 'downloader/response_count': 1,
 'downloader/response_status_count/200': 1,
 'elapsed_time_seconds': 3.640604,
 'finish_reason': 'finished',
 'finish_time': datetime.datetime(2025, 6, 27, 8, 46, 53, 854838, tzinfo=datetime.timezone.utc),
 'httpcompression/response_bytes': 1899,
 'httpcompression/response_count': 1,
 'item_scraped_count': 1,
 'items_per_minute': None,
 'log_count/INFO': 24,
 'response_received_count': 1,
 'responses_per_minute': None,
 'scheduler/dequeued': 1,
 'scheduler/dequeued/memory': 1,
 'scheduler/enqueued': 1,
 'scheduler/enqueued/memory': 1,
 'start_time': datetime.datetime(2025, 6, 27, 8, 46, 50, 214234, tzinfo=datetime.timezone.utc)}
2025-06-27 16:46:53 [scrapy.core.engine] INFO: Spider closed (finished)
2025-06-27 16:48:48 [scrapy.utils.log] INFO: Scrapy 2.12.0 started (bot: bingo_scrapy)
2025-06-27 16:48:48 [scrapy.utils.log] INFO: Versions: lxml 5.3.1.0, libxml2 2.11.7, cssselect 1.3.0, parsel 1.10.0, w3lib 2.3.1, Twisted 24.11.0, Python 3.11.0 (main, Oct 24 2022, 18:26:48) [MSC v.1933 64 bit (AMD64)], pyOpenSSL 25.0.0 (OpenSSL 3.4.1 11 Feb 2025), cryptography 44.0.2, Platform Windows-10-10.0.26100-SP0
2025-06-27 16:48:48 [scrapy.addons] INFO: Enabled addons:
[]
2025-06-27 16:48:48 [scrapy.extensions.telnet] INFO: Telnet Password: 66ab902da43bc844
2025-06-27 16:48:48 [scrapy.middleware] INFO: Enabled extensions:
['scrapy.extensions.corestats.CoreStats',
 'scrapy.extensions.telnet.TelnetConsole',
 'scrapy.extensions.logstats.LogStats']
2025-06-27 16:48:48 [scrapy.crawler] INFO: Overridden settings:
{'BOT_NAME': 'bingo_scrapy',
 'LOG_FILE': 'bingo_spider.log',
 'LOG_LEVEL': 'INFO',
 'NEWSPIDER_MODULE': 'bingo_scrapy.spiders',
 'SPIDER_MODULES': ['bingo_scrapy.spiders']}
2025-06-27 16:48:48 [scrapy.middleware] INFO: Enabled downloader middlewares:
['scrapy.downloadermiddlewares.offsite.OffsiteMiddleware',
 'scrapy.downloadermiddlewares.httpauth.HttpAuthMiddleware',
 'scrapy.downloadermiddlewares.downloadtimeout.DownloadTimeoutMiddleware',
 'scrapy.downloadermiddlewares.defaultheaders.DefaultHeadersMiddleware',
 'scrapy.downloadermiddlewares.useragent.UserAgentMiddleware',
 'scrapy.downloadermiddlewares.retry.RetryMiddleware',
 'scrapy.downloadermiddlewares.redirect.MetaRefreshMiddleware',
 'scrapy.downloadermiddlewares.httpcompression.HttpCompressionMiddleware',
 'scrapy.downloadermiddlewares.redirect.RedirectMiddleware',
 'scrapy.downloadermiddlewares.cookies.CookiesMiddleware',
 'scrapy.downloadermiddlewares.httpproxy.HttpProxyMiddleware',
 'scrapy.downloadermiddlewares.stats.DownloaderStats']
2025-06-27 16:48:48 [scrapy.middleware] INFO: Enabled spider middlewares:
['scrapy.spidermiddlewares.httperror.HttpErrorMiddleware',
 'scrapy.spidermiddlewares.referer.RefererMiddleware',
 'scrapy.spidermiddlewares.urllength.UrlLengthMiddleware',
 'scrapy.spidermiddlewares.depth.DepthMiddleware']
2025-06-27 16:48:48 [scrapy.middleware] INFO: Enabled item pipelines:
['bingo_scrapy.pipelines.CsvPipeline', 'bingo_scrapy.pipelines.DbPipeline']
2025-06-27 16:48:48 [scrapy.core.engine] INFO: Spider opened
2025-06-27 16:48:48 [root] INFO: Opening spider and establishing database connection.
2025-06-27 16:48:49 [root] INFO: DELETE_OLD_DATA: True
2025-06-27 16:48:49 [root] INFO: Table dropped.
2025-06-27 16:48:49 [root] INFO: Checking if table dbo.bingo exists.
2025-06-27 16:48:49 [root] INFO: Table dbo.bingo does not exist. Creating table.
2025-06-27 16:48:49 [root] INFO: Table dbo.bingo created successfully.
2025-06-27 16:48:49 [root] INFO: Database connection established and table checked/created.
2025-06-27 16:48:49 [scrapy.extensions.logstats] INFO: Crawled 0 pages (at 0 pages/min), scraped 0 items (at 0 items/min)
2025-06-27 16:48:49 [scrapy.extensions.telnet] INFO: Telnet console listening on 127.0.0.1:6023
2025-06-27 16:48:49 [root] INFO: Using CRAWL_DATE: ['2025-06-27']
2025-06-27 16:48:49 [root] INFO: 爬取日期: 2025-06-27
2025-06-27 16:48:49 [root] INFO: Processing page: https://api.taiwanlottery.com/TLCAPIWeB/Lottery/BingoResult?openDate=2025-06-27&pageNum=1&pageSize=1
2025-06-27 16:48:50 [root] INFO: Finished processing page: https://api.taiwanlottery.com/TLCAPIWeB/Lottery/BingoResult?openDate=2025-06-27&pageNum=12&pageSize=10
2025-06-27 16:48:53 [root] INFO: Item processed and committed to database.
2025-06-27 16:48:53 [root] INFO: Database connection closed after processing item.
2025-06-27 16:48:53 [scrapy.core.engine] INFO: Closing spider (finished)
2025-06-27 16:48:53 [root] INFO: Database connection closed.
2025-06-27 16:48:53 [scrapy.statscollectors] INFO: Dumping Scrapy stats:
{'downloader/request_bytes': 292,
 'downloader/request_count': 1,
 'downloader/request_method_count/GET': 1,
 'downloader/response_bytes': 1119,
 'downloader/response_count': 1,
 'downloader/response_status_count/200': 1,
 'elapsed_time_seconds': 4.502469,
 'finish_reason': 'finished',
 'finish_time': datetime.datetime(2025, 6, 27, 8, 48, 53, 662061, tzinfo=datetime.timezone.utc),
 'httpcompression/response_bytes': 1899,
 'httpcompression/response_count': 1,
 'item_scraped_count': 1,
 'items_per_minute': None,
 'log_count/INFO': 24,
 'response_received_count': 1,
 'responses_per_minute': None,
 'scheduler/dequeued': 1,
 'scheduler/dequeued/memory': 1,
 'scheduler/enqueued': 1,
 'scheduler/enqueued/memory': 1,
 'start_time': datetime.datetime(2025, 6, 27, 8, 48, 49, 159592, tzinfo=datetime.timezone.utc)}
2025-06-27 16:48:53 [scrapy.core.engine] INFO: Spider closed (finished)
2025-06-27 16:51:22 [scrapy.utils.log] INFO: Scrapy 2.12.0 started (bot: bingo_scrapy)
2025-06-27 16:51:22 [scrapy.utils.log] INFO: Versions: lxml 5.3.1.0, libxml2 2.11.7, cssselect 1.3.0, parsel 1.10.0, w3lib 2.3.1, Twisted 24.11.0, Python 3.11.0 (main, Oct 24 2022, 18:26:48) [MSC v.1933 64 bit (AMD64)], pyOpenSSL 25.0.0 (OpenSSL 3.4.1 11 Feb 2025), cryptography 44.0.2, Platform Windows-10-10.0.26100-SP0
2025-06-27 16:51:22 [scrapy.addons] INFO: Enabled addons:
[]
2025-06-27 16:51:22 [scrapy.extensions.telnet] INFO: Telnet Password: d2d8bc45676f1fed
2025-06-27 16:51:22 [scrapy.middleware] INFO: Enabled extensions:
['scrapy.extensions.corestats.CoreStats',
 'scrapy.extensions.telnet.TelnetConsole',
 'scrapy.extensions.logstats.LogStats']
2025-06-27 16:51:22 [scrapy.crawler] INFO: Overridden settings:
{'BOT_NAME': 'bingo_scrapy',
 'LOG_FILE': 'bingo_spider.log',
 'LOG_LEVEL': 'INFO',
 'NEWSPIDER_MODULE': 'bingo_scrapy.spiders',
 'SPIDER_MODULES': ['bingo_scrapy.spiders']}
2025-06-27 16:51:22 [scrapy.middleware] INFO: Enabled downloader middlewares:
['scrapy.downloadermiddlewares.offsite.OffsiteMiddleware',
 'scrapy.downloadermiddlewares.httpauth.HttpAuthMiddleware',
 'scrapy.downloadermiddlewares.downloadtimeout.DownloadTimeoutMiddleware',
 'scrapy.downloadermiddlewares.defaultheaders.DefaultHeadersMiddleware',
 'scrapy.downloadermiddlewares.useragent.UserAgentMiddleware',
 'scrapy.downloadermiddlewares.retry.RetryMiddleware',
 'scrapy.downloadermiddlewares.redirect.MetaRefreshMiddleware',
 'scrapy.downloadermiddlewares.httpcompression.HttpCompressionMiddleware',
 'scrapy.downloadermiddlewares.redirect.RedirectMiddleware',
 'scrapy.downloadermiddlewares.cookies.CookiesMiddleware',
 'scrapy.downloadermiddlewares.httpproxy.HttpProxyMiddleware',
 'scrapy.downloadermiddlewares.stats.DownloaderStats']
2025-06-27 16:51:22 [scrapy.middleware] INFO: Enabled spider middlewares:
['scrapy.spidermiddlewares.httperror.HttpErrorMiddleware',
 'scrapy.spidermiddlewares.referer.RefererMiddleware',
 'scrapy.spidermiddlewares.urllength.UrlLengthMiddleware',
 'scrapy.spidermiddlewares.depth.DepthMiddleware']
2025-06-27 16:51:22 [scrapy.middleware] INFO: Enabled item pipelines:
['bingo_scrapy.pipelines.CsvPipeline', 'bingo_scrapy.pipelines.DbPipeline']
2025-06-27 16:51:22 [scrapy.core.engine] INFO: Spider opened
2025-06-27 16:51:22 [root] INFO: Opening spider and establishing database connection.
2025-06-27 16:51:22 [root] INFO: DELETE_OLD_DATA: True
2025-06-27 16:51:22 [root] INFO: Table dropped.
2025-06-27 16:51:22 [root] INFO: Checking if table dbo.bingo exists.
2025-06-27 16:51:22 [root] INFO: Table dbo.bingo does not exist. Creating table.
2025-06-27 16:51:22 [root] INFO: Table dbo.bingo created successfully.
2025-06-27 16:51:22 [root] INFO: Database connection established and table checked/created.
2025-06-27 16:51:22 [scrapy.extensions.logstats] INFO: Crawled 0 pages (at 0 pages/min), scraped 0 items (at 0 items/min)
2025-06-27 16:51:22 [scrapy.extensions.telnet] INFO: Telnet console listening on 127.0.0.1:6023
2025-06-27 16:51:22 [root] INFO: Using CRAWL_DATE: ['2025-06-27']
2025-06-27 16:51:22 [root] INFO: 爬取日期: 2025-06-27
2025-06-27 16:51:22 [root] INFO: Processing page: https://api.taiwanlottery.com/TLCAPIWeB/Lottery/BingoResult?openDate=2025-06-27&pageNum=1&pageSize=1
2025-06-27 16:51:23 [root] INFO: Finished processing page: https://api.taiwanlottery.com/TLCAPIWeB/Lottery/BingoResult?openDate=2025-06-27&pageNum=12&pageSize=10
2025-06-27 16:51:25 [root] INFO: Item processed and committed to database.
2025-06-27 16:51:25 [root] INFO: Database connection closed after processing item.
2025-06-27 16:51:25 [scrapy.core.engine] INFO: Closing spider (finished)
2025-06-27 16:51:25 [root] INFO: Database connection closed.
2025-06-27 16:51:25 [scrapy.statscollectors] INFO: Dumping Scrapy stats:
{'downloader/request_bytes': 292,
 'downloader/request_count': 1,
 'downloader/request_method_count/GET': 1,
 'downloader/response_bytes': 1131,
 'downloader/response_count': 1,
 'downloader/response_status_count/200': 1,
 'elapsed_time_seconds': 2.355026,
 'finish_reason': 'finished',
 'finish_time': datetime.datetime(2025, 6, 27, 8, 51, 25, 128690, tzinfo=datetime.timezone.utc),
 'httpcompression/response_bytes': 1898,
 'httpcompression/response_count': 1,
 'item_scraped_count': 1,
 'items_per_minute': None,
 'log_count/INFO': 24,
 'response_received_count': 1,
 'responses_per_minute': None,
 'scheduler/dequeued': 1,
 'scheduler/dequeued/memory': 1,
 'scheduler/enqueued': 1,
 'scheduler/enqueued/memory': 1,
 'start_time': datetime.datetime(2025, 6, 27, 8, 51, 22, 773664, tzinfo=datetime.timezone.utc)}
2025-06-27 16:51:25 [scrapy.core.engine] INFO: Spider closed (finished)
2025-06-27 16:56:22 [scrapy.utils.log] INFO: Scrapy 2.12.0 started (bot: bingo_scrapy)
2025-06-27 16:56:22 [scrapy.utils.log] INFO: Versions: lxml 5.3.1.0, libxml2 2.11.7, cssselect 1.3.0, parsel 1.10.0, w3lib 2.3.1, Twisted 24.11.0, Python 3.11.0 (main, Oct 24 2022, 18:26:48) [MSC v.1933 64 bit (AMD64)], pyOpenSSL 25.0.0 (OpenSSL 3.4.1 11 Feb 2025), cryptography 44.0.2, Platform Windows-10-10.0.26100-SP0
2025-06-27 16:56:22 [scrapy.addons] INFO: Enabled addons:
[]
2025-06-27 16:56:22 [scrapy.extensions.telnet] INFO: Telnet Password: b42ad6d25bb1d880
2025-06-27 16:56:22 [scrapy.middleware] INFO: Enabled extensions:
['scrapy.extensions.corestats.CoreStats',
 'scrapy.extensions.telnet.TelnetConsole',
 'scrapy.extensions.logstats.LogStats']
2025-06-27 16:56:22 [scrapy.crawler] INFO: Overridden settings:
{'BOT_NAME': 'bingo_scrapy',
 'LOG_FILE': 'bingo_spider.log',
 'LOG_LEVEL': 'INFO',
 'NEWSPIDER_MODULE': 'bingo_scrapy.spiders',
 'SPIDER_MODULES': ['bingo_scrapy.spiders']}
2025-06-27 16:56:22 [scrapy.middleware] INFO: Enabled downloader middlewares:
['scrapy.downloadermiddlewares.offsite.OffsiteMiddleware',
 'scrapy.downloadermiddlewares.httpauth.HttpAuthMiddleware',
 'scrapy.downloadermiddlewares.downloadtimeout.DownloadTimeoutMiddleware',
 'scrapy.downloadermiddlewares.defaultheaders.DefaultHeadersMiddleware',
 'scrapy.downloadermiddlewares.useragent.UserAgentMiddleware',
 'scrapy.downloadermiddlewares.retry.RetryMiddleware',
 'scrapy.downloadermiddlewares.redirect.MetaRefreshMiddleware',
 'scrapy.downloadermiddlewares.httpcompression.HttpCompressionMiddleware',
 'scrapy.downloadermiddlewares.redirect.RedirectMiddleware',
 'scrapy.downloadermiddlewares.cookies.CookiesMiddleware',
 'scrapy.downloadermiddlewares.httpproxy.HttpProxyMiddleware',
 'scrapy.downloadermiddlewares.stats.DownloaderStats']
2025-06-27 16:56:22 [scrapy.middleware] INFO: Enabled spider middlewares:
['scrapy.spidermiddlewares.httperror.HttpErrorMiddleware',
 'scrapy.spidermiddlewares.referer.RefererMiddleware',
 'scrapy.spidermiddlewares.urllength.UrlLengthMiddleware',
 'scrapy.spidermiddlewares.depth.DepthMiddleware']
2025-06-27 16:56:22 [scrapy.middleware] INFO: Enabled item pipelines:
['bingo_scrapy.pipelines.CsvPipeline', 'bingo_scrapy.pipelines.DbPipeline']
2025-06-27 16:56:22 [scrapy.core.engine] INFO: Spider opened
2025-06-27 16:56:22 [root] INFO: Opening spider and establishing database connection.
2025-06-27 16:56:22 [root] INFO: DELETE_OLD_DATA: True
2025-06-27 16:56:22 [root] INFO: Table dropped.
2025-06-27 16:56:22 [root] INFO: Checking if table dbo.bingo exists.
2025-06-27 16:56:22 [root] INFO: Table dbo.bingo does not exist. Creating table.
2025-06-27 16:56:22 [root] INFO: Table dbo.bingo created successfully.
2025-06-27 16:56:22 [root] INFO: Database connection established and table checked/created.
2025-06-27 16:56:22 [scrapy.extensions.logstats] INFO: Crawled 0 pages (at 0 pages/min), scraped 0 items (at 0 items/min)
2025-06-27 16:56:22 [scrapy.extensions.telnet] INFO: Telnet console listening on 127.0.0.1:6023
2025-06-27 16:56:22 [root] INFO: Using CRAWL_DATE: ['2025-06-27']
2025-06-27 16:56:22 [root] INFO: 爬取日期: 2025-06-27
2025-06-27 16:56:22 [root] INFO: Processing page: https://api.taiwanlottery.com/TLCAPIWeB/Lottery/BingoResult?openDate=2025-06-27&pageNum=1&pageSize=1
2025-06-27 16:56:23 [root] INFO: Finished processing page: https://api.taiwanlottery.com/TLCAPIWeB/Lottery/BingoResult?openDate=2025-06-27&pageNum=12&pageSize=10
2025-06-27 16:56:25 [root] INFO: Item processed and committed to database.
2025-06-27 16:56:25 [root] INFO: Database connection closed after processing item.
2025-06-27 16:56:25 [scrapy.core.engine] INFO: Closing spider (finished)
2025-06-27 16:56:25 [root] INFO: Database connection closed.
2025-06-27 16:56:25 [scrapy.statscollectors] INFO: Dumping Scrapy stats:
{'downloader/request_bytes': 292,
 'downloader/request_count': 1,
 'downloader/request_method_count/GET': 1,
 'downloader/response_bytes': 1118,
 'downloader/response_count': 1,
 'downloader/response_status_count/200': 1,
 'elapsed_time_seconds': 2.49626,
 'finish_reason': 'finished',
 'finish_time': datetime.datetime(2025, 6, 27, 8, 56, 25, 228921, tzinfo=datetime.timezone.utc),
 'httpcompression/response_bytes': 1898,
 'httpcompression/response_count': 1,
 'item_scraped_count': 1,
 'items_per_minute': None,
 'log_count/INFO': 24,
 'response_received_count': 1,
 'responses_per_minute': None,
 'scheduler/dequeued': 1,
 'scheduler/dequeued/memory': 1,
 'scheduler/enqueued': 1,
 'scheduler/enqueued/memory': 1,
 'start_time': datetime.datetime(2025, 6, 27, 8, 56, 22, 732661, tzinfo=datetime.timezone.utc)}
2025-06-27 16:56:25 [scrapy.core.engine] INFO: Spider closed (finished)
2025-06-27 17:06:13 [scrapy.utils.log] INFO: Scrapy 2.12.0 started (bot: bingo_scrapy)
2025-06-27 17:06:13 [scrapy.utils.log] INFO: Versions: lxml 5.3.1.0, libxml2 2.11.7, cssselect 1.3.0, parsel 1.10.0, w3lib 2.3.1, Twisted 24.11.0, Python 3.11.0 (main, Oct 24 2022, 18:26:48) [MSC v.1933 64 bit (AMD64)], pyOpenSSL 25.0.0 (OpenSSL 3.4.1 11 Feb 2025), cryptography 44.0.2, Platform Windows-10-10.0.26100-SP0
2025-06-27 17:06:13 [scrapy.addons] INFO: Enabled addons:
[]
2025-06-27 17:06:13 [scrapy.extensions.telnet] INFO: Telnet Password: 8060924572e8b0e4
2025-06-27 17:06:13 [scrapy.middleware] INFO: Enabled extensions:
['scrapy.extensions.corestats.CoreStats',
 'scrapy.extensions.telnet.TelnetConsole',
 'scrapy.extensions.logstats.LogStats']
2025-06-27 17:06:13 [scrapy.crawler] INFO: Overridden settings:
{'BOT_NAME': 'bingo_scrapy',
 'LOG_FILE': 'bingo_spider.log',
 'LOG_LEVEL': 'INFO',
 'NEWSPIDER_MODULE': 'bingo_scrapy.spiders',
 'SPIDER_MODULES': ['bingo_scrapy.spiders']}
2025-06-27 17:06:13 [scrapy.middleware] INFO: Enabled downloader middlewares:
['scrapy.downloadermiddlewares.offsite.OffsiteMiddleware',
 'scrapy.downloadermiddlewares.httpauth.HttpAuthMiddleware',
 'scrapy.downloadermiddlewares.downloadtimeout.DownloadTimeoutMiddleware',
 'scrapy.downloadermiddlewares.defaultheaders.DefaultHeadersMiddleware',
 'scrapy.downloadermiddlewares.useragent.UserAgentMiddleware',
 'scrapy.downloadermiddlewares.retry.RetryMiddleware',
 'scrapy.downloadermiddlewares.redirect.MetaRefreshMiddleware',
 'scrapy.downloadermiddlewares.httpcompression.HttpCompressionMiddleware',
 'scrapy.downloadermiddlewares.redirect.RedirectMiddleware',
 'scrapy.downloadermiddlewares.cookies.CookiesMiddleware',
 'scrapy.downloadermiddlewares.httpproxy.HttpProxyMiddleware',
 'scrapy.downloadermiddlewares.stats.DownloaderStats']
2025-06-27 17:06:13 [scrapy.middleware] INFO: Enabled spider middlewares:
['scrapy.spidermiddlewares.httperror.HttpErrorMiddleware',
 'scrapy.spidermiddlewares.referer.RefererMiddleware',
 'scrapy.spidermiddlewares.urllength.UrlLengthMiddleware',
 'scrapy.spidermiddlewares.depth.DepthMiddleware']
2025-06-27 17:06:13 [scrapy.middleware] INFO: Enabled item pipelines:
['bingo_scrapy.pipelines.CsvPipeline', 'bingo_scrapy.pipelines.DbPipeline']
2025-06-27 17:06:13 [scrapy.core.engine] INFO: Spider opened
2025-06-27 17:06:13 [root] INFO: Opening spider and establishing database connection.
2025-06-27 17:06:14 [root] INFO: DELETE_OLD_DATA: True
2025-06-27 17:06:14 [root] INFO: Table dropped.
2025-06-27 17:06:14 [root] INFO: Checking if table dbo.bingo exists.
2025-06-27 17:06:14 [root] INFO: Table dbo.bingo does not exist. Creating table.
2025-06-27 17:06:14 [root] INFO: Table dbo.bingo created successfully.
2025-06-27 17:06:14 [root] INFO: Database connection established and table checked/created.
2025-06-27 17:06:14 [scrapy.extensions.logstats] INFO: Crawled 0 pages (at 0 pages/min), scraped 0 items (at 0 items/min)
2025-06-27 17:06:14 [scrapy.extensions.telnet] INFO: Telnet console listening on 127.0.0.1:6023
2025-06-27 17:06:14 [root] INFO: Using CRAWL_DATE: ['2025-06-27']
2025-06-27 17:06:14 [root] INFO: 爬取日期: 2025-06-27
2025-06-27 17:06:14 [root] INFO: Processing page: https://api.taiwanlottery.com/TLCAPIWeB/Lottery/BingoResult?openDate=2025-06-27&pageNum=1&pageSize=1
2025-06-27 17:06:15 [root] INFO: Finished processing page: https://api.taiwanlottery.com/TLCAPIWeB/Lottery/BingoResult?openDate=2025-06-27&pageNum=13&pageSize=10
2025-06-27 17:06:16 [root] INFO: Item processed and committed to database.
2025-06-27 17:06:16 [root] INFO: Database connection closed after processing item.
2025-06-27 17:06:16 [scrapy.core.engine] INFO: Closing spider (finished)
2025-06-27 17:06:16 [root] INFO: Database connection closed.
2025-06-27 17:06:16 [scrapy.statscollectors] INFO: Dumping Scrapy stats:
{'downloader/request_bytes': 292,
 'downloader/request_count': 1,
 'downloader/request_method_count/GET': 1,
 'downloader/response_bytes': 1120,
 'downloader/response_count': 1,
 'downloader/response_status_count/200': 1,
 'elapsed_time_seconds': 2.362084,
 'finish_reason': 'finished',
 'finish_time': datetime.datetime(2025, 6, 27, 9, 6, 16, 543282, tzinfo=datetime.timezone.utc),
 'httpcompression/response_bytes': 1899,
 'httpcompression/response_count': 1,
 'item_scraped_count': 1,
 'items_per_minute': None,
 'log_count/INFO': 24,
 'response_received_count': 1,
 'responses_per_minute': None,
 'scheduler/dequeued': 1,
 'scheduler/dequeued/memory': 1,
 'scheduler/enqueued': 1,
 'scheduler/enqueued/memory': 1,
 'start_time': datetime.datetime(2025, 6, 27, 9, 6, 14, 181198, tzinfo=datetime.timezone.utc)}
2025-06-27 17:06:16 [scrapy.core.engine] INFO: Spider closed (finished)
2025-06-27 17:11:14 [scrapy.utils.log] INFO: Scrapy 2.12.0 started (bot: bingo_scrapy)
2025-06-27 17:11:14 [scrapy.utils.log] INFO: Versions: lxml 5.3.1.0, libxml2 2.11.7, cssselect 1.3.0, parsel 1.10.0, w3lib 2.3.1, Twisted 24.11.0, Python 3.11.0 (main, Oct 24 2022, 18:26:48) [MSC v.1933 64 bit (AMD64)], pyOpenSSL 25.0.0 (OpenSSL 3.4.1 11 Feb 2025), cryptography 44.0.2, Platform Windows-10-10.0.26100-SP0
2025-06-27 17:11:14 [scrapy.addons] INFO: Enabled addons:
[]
2025-06-27 17:11:14 [scrapy.extensions.telnet] INFO: Telnet Password: 60ae3a82ff245b42
2025-06-27 17:11:14 [scrapy.middleware] INFO: Enabled extensions:
['scrapy.extensions.corestats.CoreStats',
 'scrapy.extensions.telnet.TelnetConsole',
 'scrapy.extensions.logstats.LogStats']
2025-06-27 17:11:14 [scrapy.crawler] INFO: Overridden settings:
{'BOT_NAME': 'bingo_scrapy',
 'LOG_FILE': 'bingo_spider.log',
 'LOG_LEVEL': 'INFO',
 'NEWSPIDER_MODULE': 'bingo_scrapy.spiders',
 'SPIDER_MODULES': ['bingo_scrapy.spiders']}
2025-06-27 17:11:14 [scrapy.middleware] INFO: Enabled downloader middlewares:
['scrapy.downloadermiddlewares.offsite.OffsiteMiddleware',
 'scrapy.downloadermiddlewares.httpauth.HttpAuthMiddleware',
 'scrapy.downloadermiddlewares.downloadtimeout.DownloadTimeoutMiddleware',
 'scrapy.downloadermiddlewares.defaultheaders.DefaultHeadersMiddleware',
 'scrapy.downloadermiddlewares.useragent.UserAgentMiddleware',
 'scrapy.downloadermiddlewares.retry.RetryMiddleware',
 'scrapy.downloadermiddlewares.redirect.MetaRefreshMiddleware',
 'scrapy.downloadermiddlewares.httpcompression.HttpCompressionMiddleware',
 'scrapy.downloadermiddlewares.redirect.RedirectMiddleware',
 'scrapy.downloadermiddlewares.cookies.CookiesMiddleware',
 'scrapy.downloadermiddlewares.httpproxy.HttpProxyMiddleware',
 'scrapy.downloadermiddlewares.stats.DownloaderStats']
2025-06-27 17:11:14 [scrapy.middleware] INFO: Enabled spider middlewares:
['scrapy.spidermiddlewares.httperror.HttpErrorMiddleware',
 'scrapy.spidermiddlewares.referer.RefererMiddleware',
 'scrapy.spidermiddlewares.urllength.UrlLengthMiddleware',
 'scrapy.spidermiddlewares.depth.DepthMiddleware']
2025-06-27 17:11:14 [scrapy.middleware] INFO: Enabled item pipelines:
['bingo_scrapy.pipelines.CsvPipeline', 'bingo_scrapy.pipelines.DbPipeline']
2025-06-27 17:11:14 [scrapy.core.engine] INFO: Spider opened
2025-06-27 17:11:14 [root] INFO: Opening spider and establishing database connection.
2025-06-27 17:11:14 [root] INFO: DELETE_OLD_DATA: True
2025-06-27 17:11:14 [root] INFO: Table dropped.
2025-06-27 17:11:14 [root] INFO: Checking if table dbo.bingo exists.
2025-06-27 17:11:14 [root] INFO: Table dbo.bingo does not exist. Creating table.
2025-06-27 17:11:14 [root] INFO: Table dbo.bingo created successfully.
2025-06-27 17:11:14 [root] INFO: Database connection established and table checked/created.
2025-06-27 17:11:14 [scrapy.extensions.logstats] INFO: Crawled 0 pages (at 0 pages/min), scraped 0 items (at 0 items/min)
2025-06-27 17:11:14 [scrapy.extensions.telnet] INFO: Telnet console listening on 127.0.0.1:6023
2025-06-27 17:11:14 [root] INFO: Using CRAWL_DATE: ['2025-06-27']
2025-06-27 17:11:14 [root] INFO: 爬取日期: 2025-06-27
2025-06-27 17:11:14 [root] INFO: Processing page: https://api.taiwanlottery.com/TLCAPIWeB/Lottery/BingoResult?openDate=2025-06-27&pageNum=1&pageSize=1
2025-06-27 17:11:15 [root] INFO: Finished processing page: https://api.taiwanlottery.com/TLCAPIWeB/Lottery/BingoResult?openDate=2025-06-27&pageNum=13&pageSize=10
2025-06-27 17:11:17 [root] INFO: Item processed and committed to database.
2025-06-27 17:11:17 [root] INFO: Database connection closed after processing item.
2025-06-27 17:11:17 [scrapy.core.engine] INFO: Closing spider (finished)
2025-06-27 17:11:17 [root] INFO: Database connection closed.
2025-06-27 17:11:17 [scrapy.statscollectors] INFO: Dumping Scrapy stats:
{'downloader/request_bytes': 292,
 'downloader/request_count': 1,
 'downloader/request_method_count/GET': 1,
 'downloader/response_bytes': 1117,
 'downloader/response_count': 1,
 'downloader/response_status_count/200': 1,
 'elapsed_time_seconds': 2.75623,
 'finish_reason': 'finished',
 'finish_time': datetime.datetime(2025, 6, 27, 9, 11, 17, 458428, tzinfo=datetime.timezone.utc),
 'httpcompression/response_bytes': 1899,
 'httpcompression/response_count': 1,
 'item_scraped_count': 1,
 'items_per_minute': None,
 'log_count/INFO': 24,
 'response_received_count': 1,
 'responses_per_minute': None,
 'scheduler/dequeued': 1,
 'scheduler/dequeued/memory': 1,
 'scheduler/enqueued': 1,
 'scheduler/enqueued/memory': 1,
 'start_time': datetime.datetime(2025, 6, 27, 9, 11, 14, 702198, tzinfo=datetime.timezone.utc)}
2025-06-27 17:11:17 [scrapy.core.engine] INFO: Spider closed (finished)
2025-06-27 17:19:25 [scrapy.utils.log] INFO: Scrapy 2.12.0 started (bot: bingo_scrapy)
2025-06-27 17:19:25 [scrapy.utils.log] INFO: Versions: lxml 5.3.1.0, libxml2 2.11.7, cssselect 1.3.0, parsel 1.10.0, w3lib 2.3.1, Twisted 24.11.0, Python 3.11.0 (main, Oct 24 2022, 18:26:48) [MSC v.1933 64 bit (AMD64)], pyOpenSSL 25.0.0 (OpenSSL 3.4.1 11 Feb 2025), cryptography 44.0.2, Platform Windows-10-10.0.26100-SP0
2025-06-27 17:19:25 [scrapy.addons] INFO: Enabled addons:
[]
2025-06-27 17:19:25 [scrapy.extensions.telnet] INFO: Telnet Password: ed763048ea3e4c85
2025-06-27 17:19:25 [scrapy.middleware] INFO: Enabled extensions:
['scrapy.extensions.corestats.CoreStats',
 'scrapy.extensions.telnet.TelnetConsole',
 'scrapy.extensions.logstats.LogStats']
2025-06-27 17:19:25 [scrapy.crawler] INFO: Overridden settings:
{'BOT_NAME': 'bingo_scrapy',
 'LOG_FILE': 'bingo_spider.log',
 'LOG_LEVEL': 'INFO',
 'NEWSPIDER_MODULE': 'bingo_scrapy.spiders',
 'SPIDER_MODULES': ['bingo_scrapy.spiders']}
2025-06-27 17:19:25 [scrapy.middleware] INFO: Enabled downloader middlewares:
['scrapy.downloadermiddlewares.offsite.OffsiteMiddleware',
 'scrapy.downloadermiddlewares.httpauth.HttpAuthMiddleware',
 'scrapy.downloadermiddlewares.downloadtimeout.DownloadTimeoutMiddleware',
 'scrapy.downloadermiddlewares.defaultheaders.DefaultHeadersMiddleware',
 'scrapy.downloadermiddlewares.useragent.UserAgentMiddleware',
 'scrapy.downloadermiddlewares.retry.RetryMiddleware',
 'scrapy.downloadermiddlewares.redirect.MetaRefreshMiddleware',
 'scrapy.downloadermiddlewares.httpcompression.HttpCompressionMiddleware',
 'scrapy.downloadermiddlewares.redirect.RedirectMiddleware',
 'scrapy.downloadermiddlewares.cookies.CookiesMiddleware',
 'scrapy.downloadermiddlewares.httpproxy.HttpProxyMiddleware',
 'scrapy.downloadermiddlewares.stats.DownloaderStats']
2025-06-27 17:19:25 [scrapy.middleware] INFO: Enabled spider middlewares:
['scrapy.spidermiddlewares.httperror.HttpErrorMiddleware',
 'scrapy.spidermiddlewares.referer.RefererMiddleware',
 'scrapy.spidermiddlewares.urllength.UrlLengthMiddleware',
 'scrapy.spidermiddlewares.depth.DepthMiddleware']
2025-06-27 17:19:25 [scrapy.middleware] INFO: Enabled item pipelines:
['bingo_scrapy.pipelines.CsvPipeline', 'bingo_scrapy.pipelines.DbPipeline']
2025-06-27 17:19:25 [scrapy.core.engine] INFO: Spider opened
2025-06-27 17:19:25 [root] INFO: Opening spider and establishing database connection.
2025-06-27 17:19:25 [root] INFO: DELETE_OLD_DATA: True
2025-06-27 17:19:25 [root] INFO: Table dropped.
2025-06-27 17:19:25 [root] INFO: Checking if table dbo.bingo exists.
2025-06-27 17:19:25 [root] INFO: Table dbo.bingo does not exist. Creating table.
2025-06-27 17:19:25 [root] INFO: Table dbo.bingo created successfully.
2025-06-27 17:19:25 [root] INFO: Database connection established and table checked/created.
2025-06-27 17:19:25 [scrapy.extensions.logstats] INFO: Crawled 0 pages (at 0 pages/min), scraped 0 items (at 0 items/min)
2025-06-27 17:19:25 [scrapy.extensions.telnet] INFO: Telnet console listening on 127.0.0.1:6023
2025-06-27 17:19:25 [root] INFO: Using CRAWL_DATE: ['2025-06-27']
2025-06-27 17:19:26 [root] INFO: 爬取日期: 2025-06-27
2025-06-27 17:19:26 [root] INFO: Processing page: https://api.taiwanlottery.com/TLCAPIWeB/Lottery/BingoResult?openDate=2025-06-27&pageNum=1&pageSize=1
2025-06-27 17:19:26 [root] INFO: Finished processing page: https://api.taiwanlottery.com/TLCAPIWeB/Lottery/BingoResult?openDate=2025-06-27&pageNum=13&pageSize=10
2025-06-27 17:19:30 [root] INFO: Item processed and committed to database.
2025-06-27 17:19:30 [root] INFO: Database connection closed after processing item.
2025-06-27 17:19:30 [scrapy.core.engine] INFO: Closing spider (finished)
2025-06-27 17:19:30 [root] INFO: Database connection closed.
2025-06-27 17:19:30 [scrapy.statscollectors] INFO: Dumping Scrapy stats:
{'downloader/request_bytes': 292,
 'downloader/request_count': 1,
 'downloader/request_method_count/GET': 1,
 'downloader/response_bytes': 1130,
 'downloader/response_count': 1,
 'downloader/response_status_count/200': 1,
 'elapsed_time_seconds': 4.535004,
 'finish_reason': 'finished',
 'finish_time': datetime.datetime(2025, 6, 27, 9, 19, 30, 527895, tzinfo=datetime.timezone.utc),
 'httpcompression/response_bytes': 1896,
 'httpcompression/response_count': 1,
 'item_scraped_count': 1,
 'items_per_minute': None,
 'log_count/INFO': 24,
 'response_received_count': 1,
 'responses_per_minute': None,
 'scheduler/dequeued': 1,
 'scheduler/dequeued/memory': 1,
 'scheduler/enqueued': 1,
 'scheduler/enqueued/memory': 1,
 'start_time': datetime.datetime(2025, 6, 27, 9, 19, 25, 992891, tzinfo=datetime.timezone.utc)}
2025-06-27 17:19:30 [scrapy.core.engine] INFO: Spider closed (finished)
2025-06-27 17:30:23 [scrapy.utils.log] INFO: Scrapy 2.12.0 started (bot: bingo_scrapy)
2025-06-27 17:30:23 [scrapy.utils.log] INFO: Versions: lxml 5.3.1.0, libxml2 2.11.7, cssselect 1.3.0, parsel 1.10.0, w3lib 2.3.1, Twisted 24.11.0, Python 3.11.0 (main, Oct 24 2022, 18:26:48) [MSC v.1933 64 bit (AMD64)], pyOpenSSL 25.0.0 (OpenSSL 3.4.1 11 Feb 2025), cryptography 44.0.2, Platform Windows-10-10.0.26100-SP0
2025-06-27 17:30:23 [scrapy.addons] INFO: Enabled addons:
[]
2025-06-27 17:30:23 [scrapy.extensions.telnet] INFO: Telnet Password: abcfca037899618d
2025-06-27 17:30:23 [scrapy.middleware] INFO: Enabled extensions:
['scrapy.extensions.corestats.CoreStats',
 'scrapy.extensions.telnet.TelnetConsole',
 'scrapy.extensions.logstats.LogStats']
2025-06-27 17:30:23 [scrapy.crawler] INFO: Overridden settings:
{'BOT_NAME': 'bingo_scrapy',
 'LOG_FILE': 'bingo_spider.log',
 'LOG_LEVEL': 'INFO',
 'NEWSPIDER_MODULE': 'bingo_scrapy.spiders',
 'SPIDER_MODULES': ['bingo_scrapy.spiders']}
2025-06-27 17:30:24 [scrapy.middleware] INFO: Enabled downloader middlewares:
['scrapy.downloadermiddlewares.offsite.OffsiteMiddleware',
 'scrapy.downloadermiddlewares.httpauth.HttpAuthMiddleware',
 'scrapy.downloadermiddlewares.downloadtimeout.DownloadTimeoutMiddleware',
 'scrapy.downloadermiddlewares.defaultheaders.DefaultHeadersMiddleware',
 'scrapy.downloadermiddlewares.useragent.UserAgentMiddleware',
 'scrapy.downloadermiddlewares.retry.RetryMiddleware',
 'scrapy.downloadermiddlewares.redirect.MetaRefreshMiddleware',
 'scrapy.downloadermiddlewares.httpcompression.HttpCompressionMiddleware',
 'scrapy.downloadermiddlewares.redirect.RedirectMiddleware',
 'scrapy.downloadermiddlewares.cookies.CookiesMiddleware',
 'scrapy.downloadermiddlewares.httpproxy.HttpProxyMiddleware',
 'scrapy.downloadermiddlewares.stats.DownloaderStats']
2025-06-27 17:30:24 [scrapy.middleware] INFO: Enabled spider middlewares:
['scrapy.spidermiddlewares.httperror.HttpErrorMiddleware',
 'scrapy.spidermiddlewares.referer.RefererMiddleware',
 'scrapy.spidermiddlewares.urllength.UrlLengthMiddleware',
 'scrapy.spidermiddlewares.depth.DepthMiddleware']
2025-06-27 17:30:24 [scrapy.middleware] INFO: Enabled item pipelines:
['bingo_scrapy.pipelines.CsvPipeline', 'bingo_scrapy.pipelines.DbPipeline']
2025-06-27 17:30:24 [scrapy.core.engine] INFO: Spider opened
2025-06-27 17:30:24 [root] INFO: Opening spider and establishing database connection.
2025-06-27 17:30:24 [root] INFO: DELETE_OLD_DATA: True
2025-06-27 17:30:24 [root] INFO: Table dropped.
2025-06-27 17:30:24 [root] INFO: Checking if table dbo.bingo exists.
2025-06-27 17:30:24 [root] INFO: Table dbo.bingo does not exist. Creating table.
2025-06-27 17:30:24 [root] INFO: Table dbo.bingo created successfully.
2025-06-27 17:30:24 [root] INFO: Database connection established and table checked/created.
2025-06-27 17:30:24 [scrapy.extensions.logstats] INFO: Crawled 0 pages (at 0 pages/min), scraped 0 items (at 0 items/min)
2025-06-27 17:30:24 [scrapy.extensions.telnet] INFO: Telnet console listening on 127.0.0.1:6023
2025-06-27 17:30:24 [root] INFO: Using CRAWL_DATE: ['2025-06-27']
2025-06-27 17:30:24 [root] INFO: 爬取日期: 2025-06-27
2025-06-27 17:30:24 [root] INFO: Processing page: https://api.taiwanlottery.com/TLCAPIWeB/Lottery/BingoResult?openDate=2025-06-27&pageNum=1&pageSize=1
2025-06-27 17:30:25 [root] INFO: Finished processing page: https://api.taiwanlottery.com/TLCAPIWeB/Lottery/BingoResult?openDate=2025-06-27&pageNum=13&pageSize=10
2025-06-27 17:30:27 [root] INFO: Item processed and committed to database.
2025-06-27 17:30:27 [root] INFO: Database connection closed after processing item.
2025-06-27 17:30:27 [scrapy.core.engine] INFO: Closing spider (finished)
2025-06-27 17:30:27 [root] INFO: Database connection closed.
2025-06-27 17:30:27 [scrapy.statscollectors] INFO: Dumping Scrapy stats:
{'downloader/request_bytes': 292,
 'downloader/request_count': 1,
 'downloader/request_method_count/GET': 1,
 'downloader/response_bytes': 1116,
 'downloader/response_count': 1,
 'downloader/response_status_count/200': 1,
 'elapsed_time_seconds': 2.847851,
 'finish_reason': 'finished',
 'finish_time': datetime.datetime(2025, 6, 27, 9, 30, 27, 248505, tzinfo=datetime.timezone.utc),
 'httpcompression/response_bytes': 1896,
 'httpcompression/response_count': 1,
 'item_scraped_count': 1,
 'items_per_minute': None,
 'log_count/INFO': 24,
 'response_received_count': 1,
 'responses_per_minute': None,
 'scheduler/dequeued': 1,
 'scheduler/dequeued/memory': 1,
 'scheduler/enqueued': 1,
 'scheduler/enqueued/memory': 1,
 'start_time': datetime.datetime(2025, 6, 27, 9, 30, 24, 400654, tzinfo=datetime.timezone.utc)}
2025-06-27 17:30:27 [scrapy.core.engine] INFO: Spider closed (finished)
2025-06-27 17:31:52 [scrapy.utils.log] INFO: Scrapy 2.12.0 started (bot: bingo_scrapy)
2025-06-27 17:31:52 [scrapy.utils.log] INFO: Versions: lxml 5.3.1.0, libxml2 2.11.7, cssselect 1.3.0, parsel 1.10.0, w3lib 2.3.1, Twisted 24.11.0, Python 3.11.0 (main, Oct 24 2022, 18:26:48) [MSC v.1933 64 bit (AMD64)], pyOpenSSL 25.0.0 (OpenSSL 3.4.1 11 Feb 2025), cryptography 44.0.2, Platform Windows-10-10.0.26100-SP0
2025-06-27 17:31:52 [scrapy.addons] INFO: Enabled addons:
[]
2025-06-27 17:31:52 [scrapy.extensions.telnet] INFO: Telnet Password: b3277befba140902
2025-06-27 17:31:52 [scrapy.middleware] INFO: Enabled extensions:
['scrapy.extensions.corestats.CoreStats',
 'scrapy.extensions.telnet.TelnetConsole',
 'scrapy.extensions.logstats.LogStats']
2025-06-27 17:31:52 [scrapy.crawler] INFO: Overridden settings:
{'BOT_NAME': 'bingo_scrapy',
 'LOG_FILE': 'bingo_spider.log',
 'LOG_LEVEL': 'INFO',
 'NEWSPIDER_MODULE': 'bingo_scrapy.spiders',
 'SPIDER_MODULES': ['bingo_scrapy.spiders']}
2025-06-27 17:31:52 [scrapy.middleware] INFO: Enabled downloader middlewares:
['scrapy.downloadermiddlewares.offsite.OffsiteMiddleware',
 'scrapy.downloadermiddlewares.httpauth.HttpAuthMiddleware',
 'scrapy.downloadermiddlewares.downloadtimeout.DownloadTimeoutMiddleware',
 'scrapy.downloadermiddlewares.defaultheaders.DefaultHeadersMiddleware',
 'scrapy.downloadermiddlewares.useragent.UserAgentMiddleware',
 'scrapy.downloadermiddlewares.retry.RetryMiddleware',
 'scrapy.downloadermiddlewares.redirect.MetaRefreshMiddleware',
 'scrapy.downloadermiddlewares.httpcompression.HttpCompressionMiddleware',
 'scrapy.downloadermiddlewares.redirect.RedirectMiddleware',
 'scrapy.downloadermiddlewares.cookies.CookiesMiddleware',
 'scrapy.downloadermiddlewares.httpproxy.HttpProxyMiddleware',
 'scrapy.downloadermiddlewares.stats.DownloaderStats']
2025-06-27 17:31:52 [scrapy.middleware] INFO: Enabled spider middlewares:
['scrapy.spidermiddlewares.httperror.HttpErrorMiddleware',
 'scrapy.spidermiddlewares.referer.RefererMiddleware',
 'scrapy.spidermiddlewares.urllength.UrlLengthMiddleware',
 'scrapy.spidermiddlewares.depth.DepthMiddleware']
2025-06-27 17:31:52 [scrapy.middleware] INFO: Enabled item pipelines:
['bingo_scrapy.pipelines.CsvPipeline', 'bingo_scrapy.pipelines.DbPipeline']
2025-06-27 17:31:52 [scrapy.core.engine] INFO: Spider opened
2025-06-27 17:31:52 [root] INFO: Opening spider and establishing database connection.
2025-06-27 17:31:52 [root] INFO: DELETE_OLD_DATA: True
2025-06-27 17:31:52 [root] INFO: Table dropped.
2025-06-27 17:31:52 [root] INFO: Checking if table dbo.bingo exists.
2025-06-27 17:31:52 [root] INFO: Table dbo.bingo does not exist. Creating table.
2025-06-27 17:31:52 [root] INFO: Table dbo.bingo created successfully.
2025-06-27 17:31:52 [root] INFO: Database connection established and table checked/created.
2025-06-27 17:31:52 [scrapy.extensions.logstats] INFO: Crawled 0 pages (at 0 pages/min), scraped 0 items (at 0 items/min)
2025-06-27 17:31:52 [scrapy.extensions.telnet] INFO: Telnet console listening on 127.0.0.1:6023
2025-06-27 17:31:52 [root] INFO: Using CRAWL_DATE: ['2025-06-27']
2025-06-27 17:31:52 [root] INFO: 爬取日期: 2025-06-27
2025-06-27 17:31:52 [root] INFO: Processing page: https://api.taiwanlottery.com/TLCAPIWeB/Lottery/BingoResult?openDate=2025-06-27&pageNum=1&pageSize=1
2025-06-27 17:31:53 [root] INFO: Finished processing page: https://api.taiwanlottery.com/TLCAPIWeB/Lottery/BingoResult?openDate=2025-06-27&pageNum=13&pageSize=10
2025-06-27 17:31:55 [root] INFO: Item processed and committed to database.
2025-06-27 17:31:55 [root] INFO: Database connection closed after processing item.
2025-06-27 17:31:55 [scrapy.core.engine] INFO: Closing spider (finished)
2025-06-27 17:31:55 [root] INFO: Database connection closed.
2025-06-27 17:31:55 [scrapy.statscollectors] INFO: Dumping Scrapy stats:
{'downloader/request_bytes': 292,
 'downloader/request_count': 1,
 'downloader/request_method_count/GET': 1,
 'downloader/response_bytes': 1122,
 'downloader/response_count': 1,
 'downloader/response_status_count/200': 1,
 'elapsed_time_seconds': 2.767457,
 'finish_reason': 'finished',
 'finish_time': datetime.datetime(2025, 6, 27, 9, 31, 55, 556641, tzinfo=datetime.timezone.utc),
 'httpcompression/response_bytes': 1897,
 'httpcompression/response_count': 1,
 'item_scraped_count': 1,
 'items_per_minute': None,
 'log_count/INFO': 24,
 'response_received_count': 1,
 'responses_per_minute': None,
 'scheduler/dequeued': 1,
 'scheduler/dequeued/memory': 1,
 'scheduler/enqueued': 1,
 'scheduler/enqueued/memory': 1,
 'start_time': datetime.datetime(2025, 6, 27, 9, 31, 52, 789184, tzinfo=datetime.timezone.utc)}
2025-06-27 17:31:55 [scrapy.core.engine] INFO: Spider closed (finished)
2025-06-27 17:36:53 [scrapy.utils.log] INFO: Scrapy 2.12.0 started (bot: bingo_scrapy)
2025-06-27 17:36:53 [scrapy.utils.log] INFO: Versions: lxml 5.3.1.0, libxml2 2.11.7, cssselect 1.3.0, parsel 1.10.0, w3lib 2.3.1, Twisted 24.11.0, Python 3.11.0 (main, Oct 24 2022, 18:26:48) [MSC v.1933 64 bit (AMD64)], pyOpenSSL 25.0.0 (OpenSSL 3.4.1 11 Feb 2025), cryptography 44.0.2, Platform Windows-10-10.0.26100-SP0
2025-06-27 17:36:53 [scrapy.addons] INFO: Enabled addons:
[]
2025-06-27 17:36:53 [scrapy.extensions.telnet] INFO: Telnet Password: 2bee6ff405fd3a0e
2025-06-27 17:36:53 [scrapy.middleware] INFO: Enabled extensions:
['scrapy.extensions.corestats.CoreStats',
 'scrapy.extensions.telnet.TelnetConsole',
 'scrapy.extensions.logstats.LogStats']
2025-06-27 17:36:53 [scrapy.crawler] INFO: Overridden settings:
{'BOT_NAME': 'bingo_scrapy',
 'LOG_FILE': 'bingo_spider.log',
 'LOG_LEVEL': 'INFO',
 'NEWSPIDER_MODULE': 'bingo_scrapy.spiders',
 'SPIDER_MODULES': ['bingo_scrapy.spiders']}
2025-06-27 17:36:54 [scrapy.middleware] INFO: Enabled downloader middlewares:
['scrapy.downloadermiddlewares.offsite.OffsiteMiddleware',
 'scrapy.downloadermiddlewares.httpauth.HttpAuthMiddleware',
 'scrapy.downloadermiddlewares.downloadtimeout.DownloadTimeoutMiddleware',
 'scrapy.downloadermiddlewares.defaultheaders.DefaultHeadersMiddleware',
 'scrapy.downloadermiddlewares.useragent.UserAgentMiddleware',
 'scrapy.downloadermiddlewares.retry.RetryMiddleware',
 'scrapy.downloadermiddlewares.redirect.MetaRefreshMiddleware',
 'scrapy.downloadermiddlewares.httpcompression.HttpCompressionMiddleware',
 'scrapy.downloadermiddlewares.redirect.RedirectMiddleware',
 'scrapy.downloadermiddlewares.cookies.CookiesMiddleware',
 'scrapy.downloadermiddlewares.httpproxy.HttpProxyMiddleware',
 'scrapy.downloadermiddlewares.stats.DownloaderStats']
2025-06-27 17:36:54 [scrapy.middleware] INFO: Enabled spider middlewares:
['scrapy.spidermiddlewares.httperror.HttpErrorMiddleware',
 'scrapy.spidermiddlewares.referer.RefererMiddleware',
 'scrapy.spidermiddlewares.urllength.UrlLengthMiddleware',
 'scrapy.spidermiddlewares.depth.DepthMiddleware']
2025-06-27 17:36:54 [scrapy.middleware] INFO: Enabled item pipelines:
['bingo_scrapy.pipelines.CsvPipeline', 'bingo_scrapy.pipelines.DbPipeline']
2025-06-27 17:36:54 [scrapy.core.engine] INFO: Spider opened
2025-06-27 17:36:54 [root] INFO: Opening spider and establishing database connection.
2025-06-27 17:36:54 [root] INFO: DELETE_OLD_DATA: True
2025-06-27 17:36:54 [root] INFO: Table dropped.
2025-06-27 17:36:54 [root] INFO: Checking if table dbo.bingo exists.
2025-06-27 17:36:54 [root] INFO: Table dbo.bingo does not exist. Creating table.
2025-06-27 17:36:54 [root] INFO: Table dbo.bingo created successfully.
2025-06-27 17:36:54 [root] INFO: Database connection established and table checked/created.
2025-06-27 17:36:54 [scrapy.extensions.logstats] INFO: Crawled 0 pages (at 0 pages/min), scraped 0 items (at 0 items/min)
2025-06-27 17:36:54 [scrapy.extensions.telnet] INFO: Telnet console listening on 127.0.0.1:6023
2025-06-27 17:36:54 [root] INFO: Using CRAWL_DATE: ['2025-06-27']
2025-06-27 17:36:54 [root] INFO: 爬取日期: 2025-06-27
2025-06-27 17:36:54 [root] INFO: Processing page: https://api.taiwanlottery.com/TLCAPIWeB/Lottery/BingoResult?openDate=2025-06-27&pageNum=1&pageSize=1
2025-06-27 17:36:55 [root] INFO: Finished processing page: https://api.taiwanlottery.com/TLCAPIWeB/Lottery/BingoResult?openDate=2025-06-27&pageNum=13&pageSize=10
2025-06-27 17:36:57 [root] INFO: Item processed and committed to database.
2025-06-27 17:36:57 [root] INFO: Database connection closed after processing item.
2025-06-27 17:36:57 [scrapy.core.engine] INFO: Closing spider (finished)
2025-06-27 17:36:57 [root] INFO: Database connection closed.
2025-06-27 17:36:57 [scrapy.statscollectors] INFO: Dumping Scrapy stats:
{'downloader/request_bytes': 292,
 'downloader/request_count': 1,
 'downloader/request_method_count/GET': 1,
 'downloader/response_bytes': 1110,
 'downloader/response_count': 1,
 'downloader/response_status_count/200': 1,
 'elapsed_time_seconds': 3.14523,
 'finish_reason': 'finished',
 'finish_time': datetime.datetime(2025, 6, 27, 9, 36, 57, 705544, tzinfo=datetime.timezone.utc),
 'httpcompression/response_bytes': 1897,
 'httpcompression/response_count': 1,
 'item_scraped_count': 1,
 'items_per_minute': None,
 'log_count/INFO': 24,
 'response_received_count': 1,
 'responses_per_minute': None,
 'scheduler/dequeued': 1,
 'scheduler/dequeued/memory': 1,
 'scheduler/enqueued': 1,
 'scheduler/enqueued/memory': 1,
 'start_time': datetime.datetime(2025, 6, 27, 9, 36, 54, 560314, tzinfo=datetime.timezone.utc)}
2025-06-27 17:36:57 [scrapy.core.engine] INFO: Spider closed (finished)
2025-06-27 17:41:52 [scrapy.utils.log] INFO: Scrapy 2.12.0 started (bot: bingo_scrapy)
2025-06-27 17:41:52 [scrapy.utils.log] INFO: Versions: lxml 5.3.1.0, libxml2 2.11.7, cssselect 1.3.0, parsel 1.10.0, w3lib 2.3.1, Twisted 24.11.0, Python 3.11.0 (main, Oct 24 2022, 18:26:48) [MSC v.1933 64 bit (AMD64)], pyOpenSSL 25.0.0 (OpenSSL 3.4.1 11 Feb 2025), cryptography 44.0.2, Platform Windows-10-10.0.26100-SP0
2025-06-27 17:41:52 [scrapy.addons] INFO: Enabled addons:
[]
2025-06-27 17:41:52 [scrapy.extensions.telnet] INFO: Telnet Password: f41f2b638835dadc
2025-06-27 17:41:52 [scrapy.middleware] INFO: Enabled extensions:
['scrapy.extensions.corestats.CoreStats',
 'scrapy.extensions.telnet.TelnetConsole',
 'scrapy.extensions.logstats.LogStats']
2025-06-27 17:41:52 [scrapy.crawler] INFO: Overridden settings:
{'BOT_NAME': 'bingo_scrapy',
 'LOG_FILE': 'bingo_spider.log',
 'LOG_LEVEL': 'INFO',
 'NEWSPIDER_MODULE': 'bingo_scrapy.spiders',
 'SPIDER_MODULES': ['bingo_scrapy.spiders']}
2025-06-27 17:41:52 [scrapy.middleware] INFO: Enabled downloader middlewares:
['scrapy.downloadermiddlewares.offsite.OffsiteMiddleware',
 'scrapy.downloadermiddlewares.httpauth.HttpAuthMiddleware',
 'scrapy.downloadermiddlewares.downloadtimeout.DownloadTimeoutMiddleware',
 'scrapy.downloadermiddlewares.defaultheaders.DefaultHeadersMiddleware',
 'scrapy.downloadermiddlewares.useragent.UserAgentMiddleware',
 'scrapy.downloadermiddlewares.retry.RetryMiddleware',
 'scrapy.downloadermiddlewares.redirect.MetaRefreshMiddleware',
 'scrapy.downloadermiddlewares.httpcompression.HttpCompressionMiddleware',
 'scrapy.downloadermiddlewares.redirect.RedirectMiddleware',
 'scrapy.downloadermiddlewares.cookies.CookiesMiddleware',
 'scrapy.downloadermiddlewares.httpproxy.HttpProxyMiddleware',
 'scrapy.downloadermiddlewares.stats.DownloaderStats']
2025-06-27 17:41:52 [scrapy.middleware] INFO: Enabled spider middlewares:
['scrapy.spidermiddlewares.httperror.HttpErrorMiddleware',
 'scrapy.spidermiddlewares.referer.RefererMiddleware',
 'scrapy.spidermiddlewares.urllength.UrlLengthMiddleware',
 'scrapy.spidermiddlewares.depth.DepthMiddleware']
2025-06-27 17:41:52 [scrapy.middleware] INFO: Enabled item pipelines:
['bingo_scrapy.pipelines.CsvPipeline', 'bingo_scrapy.pipelines.DbPipeline']
2025-06-27 17:41:52 [scrapy.core.engine] INFO: Spider opened
2025-06-27 17:41:52 [root] INFO: Opening spider and establishing database connection.
2025-06-27 17:41:52 [root] INFO: DELETE_OLD_DATA: True
2025-06-27 17:41:52 [root] INFO: Table dropped.
2025-06-27 17:41:52 [root] INFO: Checking if table dbo.bingo exists.
2025-06-27 17:41:52 [root] INFO: Table dbo.bingo does not exist. Creating table.
2025-06-27 17:41:52 [root] INFO: Table dbo.bingo created successfully.
2025-06-27 17:41:52 [root] INFO: Database connection established and table checked/created.
2025-06-27 17:41:52 [scrapy.extensions.logstats] INFO: Crawled 0 pages (at 0 pages/min), scraped 0 items (at 0 items/min)
2025-06-27 17:41:52 [scrapy.extensions.telnet] INFO: Telnet console listening on 127.0.0.1:6023
2025-06-27 17:41:52 [root] INFO: Using CRAWL_DATE: ['2025-06-27']
2025-06-27 17:41:52 [root] INFO: 爬取日期: 2025-06-27
2025-06-27 17:41:53 [root] INFO: Processing page: https://api.taiwanlottery.com/TLCAPIWeB/Lottery/BingoResult?openDate=2025-06-27&pageNum=1&pageSize=1
2025-06-27 17:41:53 [root] INFO: Finished processing page: https://api.taiwanlottery.com/TLCAPIWeB/Lottery/BingoResult?openDate=2025-06-27&pageNum=13&pageSize=10
2025-06-27 17:41:55 [root] INFO: Item processed and committed to database.
2025-06-27 17:41:55 [root] INFO: Database connection closed after processing item.
2025-06-27 17:41:55 [scrapy.core.engine] INFO: Closing spider (finished)
2025-06-27 17:41:55 [root] INFO: Database connection closed.
2025-06-27 17:41:55 [scrapy.statscollectors] INFO: Dumping Scrapy stats:
{'downloader/request_bytes': 292,
 'downloader/request_count': 1,
 'downloader/request_method_count/GET': 1,
 'downloader/response_bytes': 1119,
 'downloader/response_count': 1,
 'downloader/response_status_count/200': 1,
 'elapsed_time_seconds': 2.922441,
 'finish_reason': 'finished',
 'finish_time': datetime.datetime(2025, 6, 27, 9, 41, 55, 830372, tzinfo=datetime.timezone.utc),
 'httpcompression/response_bytes': 1897,
 'httpcompression/response_count': 1,
 'item_scraped_count': 1,
 'items_per_minute': None,
 'log_count/INFO': 24,
 'response_received_count': 1,
 'responses_per_minute': None,
 'scheduler/dequeued': 1,
 'scheduler/dequeued/memory': 1,
 'scheduler/enqueued': 1,
 'scheduler/enqueued/memory': 1,
 'start_time': datetime.datetime(2025, 6, 27, 9, 41, 52, 907931, tzinfo=datetime.timezone.utc)}
2025-06-27 17:41:55 [scrapy.core.engine] INFO: Spider closed (finished)
2025-06-27 17:46:52 [scrapy.utils.log] INFO: Scrapy 2.12.0 started (bot: bingo_scrapy)
2025-06-27 17:46:52 [scrapy.utils.log] INFO: Versions: lxml 5.3.1.0, libxml2 2.11.7, cssselect 1.3.0, parsel 1.10.0, w3lib 2.3.1, Twisted 24.11.0, Python 3.11.0 (main, Oct 24 2022, 18:26:48) [MSC v.1933 64 bit (AMD64)], pyOpenSSL 25.0.0 (OpenSSL 3.4.1 11 Feb 2025), cryptography 44.0.2, Platform Windows-10-10.0.26100-SP0
2025-06-27 17:46:52 [scrapy.addons] INFO: Enabled addons:
[]
2025-06-27 17:46:52 [scrapy.extensions.telnet] INFO: Telnet Password: 3ee4d48ef426ed6d
2025-06-27 17:46:52 [scrapy.middleware] INFO: Enabled extensions:
['scrapy.extensions.corestats.CoreStats',
 'scrapy.extensions.telnet.TelnetConsole',
 'scrapy.extensions.logstats.LogStats']
2025-06-27 17:46:52 [scrapy.crawler] INFO: Overridden settings:
{'BOT_NAME': 'bingo_scrapy',
 'LOG_FILE': 'bingo_spider.log',
 'LOG_LEVEL': 'INFO',
 'NEWSPIDER_MODULE': 'bingo_scrapy.spiders',
 'SPIDER_MODULES': ['bingo_scrapy.spiders']}
2025-06-27 17:46:52 [scrapy.middleware] INFO: Enabled downloader middlewares:
['scrapy.downloadermiddlewares.offsite.OffsiteMiddleware',
 'scrapy.downloadermiddlewares.httpauth.HttpAuthMiddleware',
 'scrapy.downloadermiddlewares.downloadtimeout.DownloadTimeoutMiddleware',
 'scrapy.downloadermiddlewares.defaultheaders.DefaultHeadersMiddleware',
 'scrapy.downloadermiddlewares.useragent.UserAgentMiddleware',
 'scrapy.downloadermiddlewares.retry.RetryMiddleware',
 'scrapy.downloadermiddlewares.redirect.MetaRefreshMiddleware',
 'scrapy.downloadermiddlewares.httpcompression.HttpCompressionMiddleware',
 'scrapy.downloadermiddlewares.redirect.RedirectMiddleware',
 'scrapy.downloadermiddlewares.cookies.CookiesMiddleware',
 'scrapy.downloadermiddlewares.httpproxy.HttpProxyMiddleware',
 'scrapy.downloadermiddlewares.stats.DownloaderStats']
2025-06-27 17:46:52 [scrapy.middleware] INFO: Enabled spider middlewares:
['scrapy.spidermiddlewares.httperror.HttpErrorMiddleware',
 'scrapy.spidermiddlewares.referer.RefererMiddleware',
 'scrapy.spidermiddlewares.urllength.UrlLengthMiddleware',
 'scrapy.spidermiddlewares.depth.DepthMiddleware']
2025-06-27 17:46:52 [scrapy.middleware] INFO: Enabled item pipelines:
['bingo_scrapy.pipelines.CsvPipeline', 'bingo_scrapy.pipelines.DbPipeline']
2025-06-27 17:46:52 [scrapy.core.engine] INFO: Spider opened
2025-06-27 17:46:52 [root] INFO: Opening spider and establishing database connection.
2025-06-27 17:46:52 [root] INFO: DELETE_OLD_DATA: True
2025-06-27 17:46:52 [root] INFO: Table dropped.
2025-06-27 17:46:53 [root] INFO: Checking if table dbo.bingo exists.
2025-06-27 17:46:53 [root] INFO: Table dbo.bingo does not exist. Creating table.
2025-06-27 17:46:53 [root] INFO: Table dbo.bingo created successfully.
2025-06-27 17:46:53 [root] INFO: Database connection established and table checked/created.
2025-06-27 17:46:53 [scrapy.extensions.logstats] INFO: Crawled 0 pages (at 0 pages/min), scraped 0 items (at 0 items/min)
2025-06-27 17:46:53 [scrapy.extensions.telnet] INFO: Telnet console listening on 127.0.0.1:6023
2025-06-27 17:46:53 [root] INFO: Using CRAWL_DATE: ['2025-06-27']
2025-06-27 17:46:53 [root] INFO: 爬取日期: 2025-06-27
2025-06-27 17:46:53 [root] INFO: Processing page: https://api.taiwanlottery.com/TLCAPIWeB/Lottery/BingoResult?openDate=2025-06-27&pageNum=1&pageSize=1
2025-06-27 17:46:54 [root] INFO: Finished processing page: https://api.taiwanlottery.com/TLCAPIWeB/Lottery/BingoResult?openDate=2025-06-27&pageNum=13&pageSize=10
2025-06-27 17:46:55 [root] INFO: Item processed and committed to database.
2025-06-27 17:46:55 [root] INFO: Database connection closed after processing item.
2025-06-27 17:46:55 [scrapy.core.engine] INFO: Closing spider (finished)
2025-06-27 17:46:55 [root] INFO: Database connection closed.
2025-06-27 17:46:55 [scrapy.statscollectors] INFO: Dumping Scrapy stats:
{'downloader/request_bytes': 292,
 'downloader/request_count': 1,
 'downloader/request_method_count/GET': 1,
 'downloader/response_bytes': 1129,
 'downloader/response_count': 1,
 'downloader/response_status_count/200': 1,
 'elapsed_time_seconds': 2.821279,
 'finish_reason': 'finished',
 'finish_time': datetime.datetime(2025, 6, 27, 9, 46, 55, 899710, tzinfo=datetime.timezone.utc),
 'httpcompression/response_bytes': 1901,
 'httpcompression/response_count': 1,
 'item_scraped_count': 1,
 'items_per_minute': None,
 'log_count/INFO': 24,
 'response_received_count': 1,
 'responses_per_minute': None,
 'scheduler/dequeued': 1,
 'scheduler/dequeued/memory': 1,
 'scheduler/enqueued': 1,
 'scheduler/enqueued/memory': 1,
 'start_time': datetime.datetime(2025, 6, 27, 9, 46, 53, 78431, tzinfo=datetime.timezone.utc)}
2025-06-27 17:46:55 [scrapy.core.engine] INFO: Spider closed (finished)
2025-06-27 17:51:53 [scrapy.utils.log] INFO: Scrapy 2.12.0 started (bot: bingo_scrapy)
2025-06-27 17:51:53 [scrapy.utils.log] INFO: Versions: lxml 5.3.1.0, libxml2 2.11.7, cssselect 1.3.0, parsel 1.10.0, w3lib 2.3.1, Twisted 24.11.0, Python 3.11.0 (main, Oct 24 2022, 18:26:48) [MSC v.1933 64 bit (AMD64)], pyOpenSSL 25.0.0 (OpenSSL 3.4.1 11 Feb 2025), cryptography 44.0.2, Platform Windows-10-10.0.26100-SP0
2025-06-27 17:51:53 [scrapy.addons] INFO: Enabled addons:
[]
2025-06-27 17:51:53 [scrapy.extensions.telnet] INFO: Telnet Password: ec0899b9ae105ae0
2025-06-27 17:51:53 [scrapy.middleware] INFO: Enabled extensions:
['scrapy.extensions.corestats.CoreStats',
 'scrapy.extensions.telnet.TelnetConsole',
 'scrapy.extensions.logstats.LogStats']
2025-06-27 17:51:53 [scrapy.crawler] INFO: Overridden settings:
{'BOT_NAME': 'bingo_scrapy',
 'LOG_FILE': 'bingo_spider.log',
 'LOG_LEVEL': 'INFO',
 'NEWSPIDER_MODULE': 'bingo_scrapy.spiders',
 'SPIDER_MODULES': ['bingo_scrapy.spiders']}
2025-06-27 17:51:53 [scrapy.middleware] INFO: Enabled downloader middlewares:
['scrapy.downloadermiddlewares.offsite.OffsiteMiddleware',
 'scrapy.downloadermiddlewares.httpauth.HttpAuthMiddleware',
 'scrapy.downloadermiddlewares.downloadtimeout.DownloadTimeoutMiddleware',
 'scrapy.downloadermiddlewares.defaultheaders.DefaultHeadersMiddleware',
 'scrapy.downloadermiddlewares.useragent.UserAgentMiddleware',
 'scrapy.downloadermiddlewares.retry.RetryMiddleware',
 'scrapy.downloadermiddlewares.redirect.MetaRefreshMiddleware',
 'scrapy.downloadermiddlewares.httpcompression.HttpCompressionMiddleware',
 'scrapy.downloadermiddlewares.redirect.RedirectMiddleware',
 'scrapy.downloadermiddlewares.cookies.CookiesMiddleware',
 'scrapy.downloadermiddlewares.httpproxy.HttpProxyMiddleware',
 'scrapy.downloadermiddlewares.stats.DownloaderStats']
2025-06-27 17:51:53 [scrapy.middleware] INFO: Enabled spider middlewares:
['scrapy.spidermiddlewares.httperror.HttpErrorMiddleware',
 'scrapy.spidermiddlewares.referer.RefererMiddleware',
 'scrapy.spidermiddlewares.urllength.UrlLengthMiddleware',
 'scrapy.spidermiddlewares.depth.DepthMiddleware']
2025-06-27 17:51:53 [scrapy.middleware] INFO: Enabled item pipelines:
['bingo_scrapy.pipelines.CsvPipeline', 'bingo_scrapy.pipelines.DbPipeline']
2025-06-27 17:51:53 [scrapy.core.engine] INFO: Spider opened
2025-06-27 17:51:53 [root] INFO: Opening spider and establishing database connection.
2025-06-27 17:51:54 [root] INFO: DELETE_OLD_DATA: True
2025-06-27 17:51:54 [root] INFO: Table dropped.
2025-06-27 17:51:54 [root] INFO: Checking if table dbo.bingo exists.
2025-06-27 17:51:54 [root] INFO: Table dbo.bingo does not exist. Creating table.
2025-06-27 17:51:54 [root] INFO: Table dbo.bingo created successfully.
2025-06-27 17:51:54 [root] INFO: Database connection established and table checked/created.
2025-06-27 17:51:54 [scrapy.extensions.logstats] INFO: Crawled 0 pages (at 0 pages/min), scraped 0 items (at 0 items/min)
2025-06-27 17:51:54 [scrapy.extensions.telnet] INFO: Telnet console listening on 127.0.0.1:6023
2025-06-27 17:51:54 [root] INFO: Using CRAWL_DATE: ['2025-06-27']
2025-06-27 17:51:54 [root] INFO: 爬取日期: 2025-06-27
2025-06-27 17:51:54 [root] INFO: Processing page: https://api.taiwanlottery.com/TLCAPIWeB/Lottery/BingoResult?openDate=2025-06-27&pageNum=1&pageSize=1
2025-06-27 17:51:55 [root] INFO: Finished processing page: https://api.taiwanlottery.com/TLCAPIWeB/Lottery/BingoResult?openDate=2025-06-27&pageNum=14&pageSize=10
2025-06-27 17:51:57 [root] INFO: Item processed and committed to database.
2025-06-27 17:51:57 [root] INFO: Database connection closed after processing item.
2025-06-27 17:51:57 [scrapy.core.engine] INFO: Closing spider (finished)
2025-06-27 17:51:57 [root] INFO: Database connection closed.
2025-06-27 17:51:57 [scrapy.statscollectors] INFO: Dumping Scrapy stats:
{'downloader/request_bytes': 292,
 'downloader/request_count': 1,
 'downloader/request_method_count/GET': 1,
 'downloader/response_bytes': 1128,
 'downloader/response_count': 1,
 'downloader/response_status_count/200': 1,
 'elapsed_time_seconds': 3.064225,
 'finish_reason': 'finished',
 'finish_time': datetime.datetime(2025, 6, 27, 9, 51, 57, 346476, tzinfo=datetime.timezone.utc),
 'httpcompression/response_bytes': 1901,
 'httpcompression/response_count': 1,
 'item_scraped_count': 1,
 'items_per_minute': None,
 'log_count/INFO': 24,
 'response_received_count': 1,
 'responses_per_minute': None,
 'scheduler/dequeued': 1,
 'scheduler/dequeued/memory': 1,
 'scheduler/enqueued': 1,
 'scheduler/enqueued/memory': 1,
 'start_time': datetime.datetime(2025, 6, 27, 9, 51, 54, 282251, tzinfo=datetime.timezone.utc)}
2025-06-27 17:51:57 [scrapy.core.engine] INFO: Spider closed (finished)
2025-06-27 17:56:52 [scrapy.utils.log] INFO: Scrapy 2.12.0 started (bot: bingo_scrapy)
2025-06-27 17:56:52 [scrapy.utils.log] INFO: Versions: lxml 5.3.1.0, libxml2 2.11.7, cssselect 1.3.0, parsel 1.10.0, w3lib 2.3.1, Twisted 24.11.0, Python 3.11.0 (main, Oct 24 2022, 18:26:48) [MSC v.1933 64 bit (AMD64)], pyOpenSSL 25.0.0 (OpenSSL 3.4.1 11 Feb 2025), cryptography 44.0.2, Platform Windows-10-10.0.26100-SP0
2025-06-27 17:56:52 [scrapy.addons] INFO: Enabled addons:
[]
2025-06-27 17:56:52 [scrapy.extensions.telnet] INFO: Telnet Password: 74b5271d9764771a
2025-06-27 17:56:52 [scrapy.middleware] INFO: Enabled extensions:
['scrapy.extensions.corestats.CoreStats',
 'scrapy.extensions.telnet.TelnetConsole',
 'scrapy.extensions.logstats.LogStats']
2025-06-27 17:56:52 [scrapy.crawler] INFO: Overridden settings:
{'BOT_NAME': 'bingo_scrapy',
 'LOG_FILE': 'bingo_spider.log',
 'LOG_LEVEL': 'INFO',
 'NEWSPIDER_MODULE': 'bingo_scrapy.spiders',
 'SPIDER_MODULES': ['bingo_scrapy.spiders']}
2025-06-27 17:56:52 [scrapy.middleware] INFO: Enabled downloader middlewares:
['scrapy.downloadermiddlewares.offsite.OffsiteMiddleware',
 'scrapy.downloadermiddlewares.httpauth.HttpAuthMiddleware',
 'scrapy.downloadermiddlewares.downloadtimeout.DownloadTimeoutMiddleware',
 'scrapy.downloadermiddlewares.defaultheaders.DefaultHeadersMiddleware',
 'scrapy.downloadermiddlewares.useragent.UserAgentMiddleware',
 'scrapy.downloadermiddlewares.retry.RetryMiddleware',
 'scrapy.downloadermiddlewares.redirect.MetaRefreshMiddleware',
 'scrapy.downloadermiddlewares.httpcompression.HttpCompressionMiddleware',
 'scrapy.downloadermiddlewares.redirect.RedirectMiddleware',
 'scrapy.downloadermiddlewares.cookies.CookiesMiddleware',
 'scrapy.downloadermiddlewares.httpproxy.HttpProxyMiddleware',
 'scrapy.downloadermiddlewares.stats.DownloaderStats']
2025-06-27 17:56:52 [scrapy.middleware] INFO: Enabled spider middlewares:
['scrapy.spidermiddlewares.httperror.HttpErrorMiddleware',
 'scrapy.spidermiddlewares.referer.RefererMiddleware',
 'scrapy.spidermiddlewares.urllength.UrlLengthMiddleware',
 'scrapy.spidermiddlewares.depth.DepthMiddleware']
2025-06-27 17:56:52 [scrapy.middleware] INFO: Enabled item pipelines:
['bingo_scrapy.pipelines.CsvPipeline', 'bingo_scrapy.pipelines.DbPipeline']
2025-06-27 17:56:52 [scrapy.core.engine] INFO: Spider opened
2025-06-27 17:56:52 [root] INFO: Opening spider and establishing database connection.
2025-06-27 17:56:52 [root] INFO: DELETE_OLD_DATA: True
2025-06-27 17:56:52 [root] INFO: Table dropped.
2025-06-27 17:56:52 [root] INFO: Checking if table dbo.bingo exists.
2025-06-27 17:56:52 [root] INFO: Table dbo.bingo does not exist. Creating table.
2025-06-27 17:56:52 [root] INFO: Table dbo.bingo created successfully.
2025-06-27 17:56:52 [root] INFO: Database connection established and table checked/created.
2025-06-27 17:56:52 [scrapy.extensions.logstats] INFO: Crawled 0 pages (at 0 pages/min), scraped 0 items (at 0 items/min)
2025-06-27 17:56:52 [scrapy.extensions.telnet] INFO: Telnet console listening on 127.0.0.1:6023
2025-06-27 17:56:52 [root] INFO: Using CRAWL_DATE: ['2025-06-27']
2025-06-27 17:56:52 [root] INFO: 爬取日期: 2025-06-27
2025-06-27 17:56:52 [root] INFO: Processing page: https://api.taiwanlottery.com/TLCAPIWeB/Lottery/BingoResult?openDate=2025-06-27&pageNum=1&pageSize=1
2025-06-27 17:56:53 [root] INFO: Finished processing page: https://api.taiwanlottery.com/TLCAPIWeB/Lottery/BingoResult?openDate=2025-06-27&pageNum=14&pageSize=10
2025-06-27 17:56:55 [root] INFO: Item processed and committed to database.
2025-06-27 17:56:55 [root] INFO: Database connection closed after processing item.
2025-06-27 17:56:55 [scrapy.core.engine] INFO: Closing spider (finished)
2025-06-27 17:56:55 [root] INFO: Database connection closed.
2025-06-27 17:56:55 [scrapy.statscollectors] INFO: Dumping Scrapy stats:
{'downloader/request_bytes': 292,
 'downloader/request_count': 1,
 'downloader/request_method_count/GET': 1,
 'downloader/response_bytes': 1123,
 'downloader/response_count': 1,
 'downloader/response_status_count/200': 1,
 'elapsed_time_seconds': 2.873487,
 'finish_reason': 'finished',
 'finish_time': datetime.datetime(2025, 6, 27, 9, 56, 55, 642758, tzinfo=datetime.timezone.utc),
 'httpcompression/response_bytes': 1901,
 'httpcompression/response_count': 1,
 'item_scraped_count': 1,
 'items_per_minute': None,
 'log_count/INFO': 24,
 'response_received_count': 1,
 'responses_per_minute': None,
 'scheduler/dequeued': 1,
 'scheduler/dequeued/memory': 1,
 'scheduler/enqueued': 1,
 'scheduler/enqueued/memory': 1,
 'start_time': datetime.datetime(2025, 6, 27, 9, 56, 52, 769271, tzinfo=datetime.timezone.utc)}
2025-06-27 17:56:55 [scrapy.core.engine] INFO: Spider closed (finished)
2025-06-27 18:01:55 [scrapy.utils.log] INFO: Scrapy 2.12.0 started (bot: bingo_scrapy)
2025-06-27 18:01:55 [scrapy.utils.log] INFO: Versions: lxml 5.3.1.0, libxml2 2.11.7, cssselect 1.3.0, parsel 1.10.0, w3lib 2.3.1, Twisted 24.11.0, Python 3.11.0 (main, Oct 24 2022, 18:26:48) [MSC v.1933 64 bit (AMD64)], pyOpenSSL 25.0.0 (OpenSSL 3.4.1 11 Feb 2025), cryptography 44.0.2, Platform Windows-10-10.0.26100-SP0
2025-06-27 18:01:55 [scrapy.addons] INFO: Enabled addons:
[]
2025-06-27 18:01:55 [scrapy.extensions.telnet] INFO: Telnet Password: f9b4ba036577d0ca
2025-06-27 18:01:55 [scrapy.middleware] INFO: Enabled extensions:
['scrapy.extensions.corestats.CoreStats',
 'scrapy.extensions.telnet.TelnetConsole',
 'scrapy.extensions.logstats.LogStats']
2025-06-27 18:01:55 [scrapy.crawler] INFO: Overridden settings:
{'BOT_NAME': 'bingo_scrapy',
 'LOG_FILE': 'bingo_spider.log',
 'LOG_LEVEL': 'INFO',
 'NEWSPIDER_MODULE': 'bingo_scrapy.spiders',
 'SPIDER_MODULES': ['bingo_scrapy.spiders']}
2025-06-27 18:01:56 [scrapy.middleware] INFO: Enabled downloader middlewares:
['scrapy.downloadermiddlewares.offsite.OffsiteMiddleware',
 'scrapy.downloadermiddlewares.httpauth.HttpAuthMiddleware',
 'scrapy.downloadermiddlewares.downloadtimeout.DownloadTimeoutMiddleware',
 'scrapy.downloadermiddlewares.defaultheaders.DefaultHeadersMiddleware',
 'scrapy.downloadermiddlewares.useragent.UserAgentMiddleware',
 'scrapy.downloadermiddlewares.retry.RetryMiddleware',
 'scrapy.downloadermiddlewares.redirect.MetaRefreshMiddleware',
 'scrapy.downloadermiddlewares.httpcompression.HttpCompressionMiddleware',
 'scrapy.downloadermiddlewares.redirect.RedirectMiddleware',
 'scrapy.downloadermiddlewares.cookies.CookiesMiddleware',
 'scrapy.downloadermiddlewares.httpproxy.HttpProxyMiddleware',
 'scrapy.downloadermiddlewares.stats.DownloaderStats']
2025-06-27 18:01:56 [scrapy.middleware] INFO: Enabled spider middlewares:
['scrapy.spidermiddlewares.httperror.HttpErrorMiddleware',
 'scrapy.spidermiddlewares.referer.RefererMiddleware',
 'scrapy.spidermiddlewares.urllength.UrlLengthMiddleware',
 'scrapy.spidermiddlewares.depth.DepthMiddleware']
2025-06-27 18:01:56 [scrapy.middleware] INFO: Enabled item pipelines:
['bingo_scrapy.pipelines.CsvPipeline', 'bingo_scrapy.pipelines.DbPipeline']
2025-06-27 18:01:56 [scrapy.core.engine] INFO: Spider opened
2025-06-27 18:01:56 [root] INFO: Opening spider and establishing database connection.
2025-06-27 18:01:56 [root] INFO: DELETE_OLD_DATA: True
2025-06-27 18:01:56 [root] INFO: Table dropped.
2025-06-27 18:01:56 [root] INFO: Checking if table dbo.bingo exists.
2025-06-27 18:01:56 [root] INFO: Table dbo.bingo does not exist. Creating table.
2025-06-27 18:01:56 [root] INFO: Table dbo.bingo created successfully.
2025-06-27 18:01:56 [root] INFO: Database connection established and table checked/created.
2025-06-27 18:01:56 [scrapy.extensions.logstats] INFO: Crawled 0 pages (at 0 pages/min), scraped 0 items (at 0 items/min)
2025-06-27 18:01:56 [scrapy.extensions.telnet] INFO: Telnet console listening on 127.0.0.1:6023
2025-06-27 18:01:56 [root] INFO: Using CRAWL_DATE: ['2025-06-27']
2025-06-27 18:01:56 [root] INFO: 爬取日期: 2025-06-27
2025-06-27 18:01:56 [root] INFO: Processing page: https://api.taiwanlottery.com/TLCAPIWeB/Lottery/BingoResult?openDate=2025-06-27&pageNum=1&pageSize=1
2025-06-27 18:01:57 [root] INFO: Finished processing page: https://api.taiwanlottery.com/TLCAPIWeB/Lottery/BingoResult?openDate=2025-06-27&pageNum=14&pageSize=10
2025-06-27 18:02:00 [root] INFO: Item processed and committed to database.
2025-06-27 18:02:00 [root] INFO: Database connection closed after processing item.
2025-06-27 18:02:00 [scrapy.core.engine] INFO: Closing spider (finished)
2025-06-27 18:02:00 [root] INFO: Database connection closed.
2025-06-27 18:02:00 [scrapy.statscollectors] INFO: Dumping Scrapy stats:
{'downloader/request_bytes': 292,
 'downloader/request_count': 1,
 'downloader/request_method_count/GET': 1,
 'downloader/response_bytes': 1118,
 'downloader/response_count': 1,
 'downloader/response_status_count/200': 1,
 'elapsed_time_seconds': 3.806911,
 'finish_reason': 'finished',
 'finish_time': datetime.datetime(2025, 6, 27, 10, 2, 0, 456647, tzinfo=datetime.timezone.utc),
 'httpcompression/response_bytes': 1904,
 'httpcompression/response_count': 1,
 'item_scraped_count': 1,
 'items_per_minute': None,
 'log_count/INFO': 24,
 'response_received_count': 1,
 'responses_per_minute': None,
 'scheduler/dequeued': 1,
 'scheduler/dequeued/memory': 1,
 'scheduler/enqueued': 1,
 'scheduler/enqueued/memory': 1,
 'start_time': datetime.datetime(2025, 6, 27, 10, 1, 56, 649736, tzinfo=datetime.timezone.utc)}
2025-06-27 18:02:00 [scrapy.core.engine] INFO: Spider closed (finished)
